[Licensing::Module] Trying to connect to existing licensing client channel...
Built from '6000.6/staging' branch; Version is '6000.6.2f1 (770e33f6875c) revision 7802419'; Using compiler version '194234433'; Build Type 'Release'
[Licensing::IpcConnector] Successfully connected to: "LicenseClient-Admin" at "2026-09-30T09:38:47.0079439Z"
OS: 'Windows 11  (10.0.26200) Professional' Language: 'pt' Physical Memory: 15599 MB
BatchMode: 1, IsHumanControllingUs: 0, StartBugReporterOnCrash: 0, Is64bit: 1
System  architecture: x64
Process architecture: x64
Date: 2026-09-30T09:38:47Z
[Licensing::Client] Code 10 while verifying Licensing Client signature (process Id: 17348, path: "C:/Program Files/Unity Hub/UnityLicensingClient_V1/Unity.Licensing.Client.exe")
[Licensing::Module] LicensingClient has failed validation; ignoring
[Licensing::Client] Handshaking with LicensingClient:
  Version:                 1.18.3+d7ffd15
  Session Id:              104e33409349486e83581b24ef15e3d0
  Correlation Id:          3f4d9cac917eddcbd3380edb9ff65687
  External correlation Id: 2755008800901178022
  Machine Id:              DRE5l/6IiHEkVscQ3l3l7xFSnv4=
[Licensing::Module] Successfully connected to LicensingClient on channel: "LicenseClient-Admin" (connect: 0.00s, validation: 0.00s, handshake: 0.07s)
[Licensing::IpcConnector] Successfully connected to: "LicenseClient-Admin-notifications" at "2026-09-30T09:38:47.0783119Z"
[Licensing::Module] Licensing Background thread has ended after 0.07s

COMMAND LINE ARGUMENTS:
C:\Program Files\Unity\Hub\Editor\6000.6.2f1\Editor\Unity.exe
-adb2
-batchMode
-noUpm
-name
AssetImportWorkerHW1
-projectPath
C:/Users/Admin/Documents/Trabalho IPS/Desin de programacao de jogo/DPJ_Lab01/DPJ_Lab01_Base
-logFile
Logs/AssetImportWorkerHW1.log
-srvPort
60597
-parentPid
16272
-analyticsCloudUserId
6872893522235
-analyticsLocalProjectId
353fabe8efb1cf640adebc7d6fda20aa
-editorAnalyticsEnabled
1
-cbmEditorLicense
1849a7f8590b341becd91dde2a48983332c6a18a
-cbmMachineId
DRE5l/6IiHEkVscQ3l3l7xFSnv4=
-licensingIpc
LicenseClient-Admin
-noDiagnosticSwitchPersistentStore
-job-worker-count
5
-background-job-worker-count
8
-asset-garbage-collectors
1
-force-d3d12
-name
AssetImport
Successfully changed project path to: C:/Users/Admin/Documents/Trabalho IPS/Desin de programacao de jogo/DPJ_Lab01/DPJ_Lab01_Base
C:/Users/Admin/Documents/Trabalho IPS/Desin de programacao de jogo/DPJ_Lab01/DPJ_Lab01_Base
[UnityMemory] Configuration Parameters - Can be set up in boot.config
    "memorysetup-temp-allocator-size-gi-baking-worker=262144"
    "memorysetup-temp-allocator-size-gi-baking-worker=262144"
    "memorysetup-temp-allocator-size-gi-baking-worker=262144"
    "memorysetup-temp-allocator-size-gi-baking-worker=262144"
    "memorysetup-temp-allocator-size-gi-baking-worker=262144"
    "memorysetup-temp-allocator-size-nav-mesh-worker=65536"
    "memorysetup-temp-allocator-size-audio-worker=65536"
    "memorysetup-temp-allocator-size-cloud-worker=32768"
    "memorysetup-temp-allocator-size-gfx=262144"
    "memorysetup-remapper-allocator-initial-capacity=32768"
    "memorysetup-temp-allocator-size-preload-manager=33554432"
    "memorysetup-allocator-temp-initial-block-size-main=262144"
    "memorysetup-allocator-temp-initial-block-size-worker=262144"
    "memorysetup-temp-allocator-size-job-worker=262144"
    "memorysetup-temp-allocator-size-background-worker=32768"
    "memorysetup-bucket-allocator-granularity=16"
    "memorysetup-bucket-allocator-bucket-count=8"
    "memorysetup-bucket-allocator-block-size=33554432"
    "memorysetup-bucket-allocator-block-count=8"
    "memorysetup-main-allocator-block-size=16777216"
    "memorysetup-thread-allocator-block-size=16777216"
    "memorysetup-main-allocator-mimalloc-enabled=1"
    "memorysetup-gfx-main-allocator-block-size=16777216"
    "memorysetup-gfx-thread-allocator-block-size=16777216"
    "memorysetup-cache-allocator-block-size=4194304"
    "memorysetup-typetree-allocator-block-size=2097152"
    "memorysetup-profiler-bucket-allocator-granularity=16"
    "memorysetup-profiler-bucket-allocator-bucket-count=8"
    "memorysetup-profiler-bucket-allocator-block-size=33554432"
    "memorysetup-profiler-bucket-allocator-block-count=8"
    "memorysetup-profiler-allocator-block-size=16777216"
    "memorysetup-profiler-editor-allocator-block-size=1048576"
    "memorysetup-temp-allocator-size-main=16777216"
    "memorysetup-job-temp-allocator-block-size=2097152"
    "memorysetup-job-temp-allocator-block-size-background=1048576"
    "memorysetup-job-temp-allocator-reduction-small-platforms=262144"
Player connection [5904]  Target information:

Player connection [5904]  * "[IP] 172.30.4.190 [Port] 0 [Flags] 2 [Guid] 2052695458 [EditorId] 2052695458 [Version] 1048832 [Id] WindowsEditor(7,Brawl) [Debug] 1 [PackageName] WindowsEditor [ProjectName] Editor" 

Player connection [5904] Host joined multi-casting on [225.0.0.222:54997]...
Player connection [5904] Host joined alternative multi-casting on [225.0.0.222:34997]...
JobSystem: Creating JobQueue using job-worker-count value 5
Input System module state changed to: Initialized.
[Physics::Module] Initialized fallback backend.
[Physics::Module] Id: 0xdecafbad
Library Redirect Path: Library/
Initialising UDS system complete:
  - System type: Client
  - Resource namespace: 0ca478043790c031216a82234c11c58f
  - Shared memory size: 1073741824
  - Command buffer id: 1052576
  - Command buffer size: 8192
  - Hashmap size: 4194304
  - Service connected: true
  - Service working directory: Library/DataStore/
[Physics::Module] Selected backend.
[Physics::Module] Name: PhysX
[Physics::Module] Id: 0xf2b8ea05
[Physics::Module] SDK Version: 4.1.2
[Physics::Module] Integration Version: 1.0.0
[Physics::Module] Threading Mode: Multi-Threaded
Refreshing native plugins compatible for Editor in 5.51 ms, found 5 plugins.
Initialize engine version: 6000.6.2f1 (770e33f6875c)
[EntityIdStore] init: VM path (explicit commit), pageSize=4096, blockCount=1048576, entitiesPerBlock=256, slots reserved=4294967296 bytes
[Subsystems] Discovering subsystems at path C:/Program Files/Unity/Hub/Editor/6000.6.2f1/Editor/Data/Resources/UnitySubsystems
[Subsystems] Discovering subsystems at path C:/Users/Admin/Documents/Trabalho IPS/Desin de programacao de jogo/DPJ_Lab01/DPJ_Lab01_Base/Assets
Forcing GfxDevice: Direct3D 12
GfxDevice: creating device client; kGfxThreadingModeNonThreaded
d3d12: failed to query info queue interface (0x80004002).
Direct3D:
    Version:         Direct3D 12 [level 12.2]
    Renderer:        NVIDIA GeForce RTX 3050 6GB Laptop GPU (ID=0x25ac)
    Vendor:          NVIDIA
    VRAM:            6001 MB
    App VRAM Budget: 5233 MB
    Driver:          32.0.16.1664
Initialize mono
Mono path[0] = 'C:/Program Files/Unity/Hub/Editor/6000.6.2f1/Editor/Data/Managed'
Mono path[1] = 'C:/Program Files/Unity/Hub/Editor/6000.6.2f1/Editor/Data/BCLExtensions/runtime/netstandard2.1'
Mono path[2] = 'C:/Program Files/Unity/Hub/Editor/6000.6.2f1/Editor/Data/MonoBleedingEdge/lib/mono/unityjit-win32'
Mono config path = 'C:/Program Files/Unity/Hub/Editor/6000.6.2f1/Editor/Data/MonoBleedingEdge/etc'
Using monoOptions --debugger-agent=transport=dt_socket,embedding=1,server=y,suspend=n,address=127.0.0.1:56780
CodeReloadManager initialized
Begin MonoManager ReloadAssembly
Registering precompiled unity dll's ...
Register platform support module: C:/Program Files/Unity/Hub/Editor/6000.6.2f1/Editor/Data/PlaybackEngines/WebGLSupport/UnityEditor.WebGL.Extensions.dll
Register platform support module: C:/Program Files/Unity/Hub/Editor/6000.6.2f1/Editor/Data/PlaybackEngines/WindowsStandaloneSupport/UnityEditor.WindowsStandalone.Extensions.dll
Registered in 0.002889 seconds.
Native extension for WindowsStandalone target not found
Native extension for WebGL target not found
Package Manager log level set to [2]
[Package Manager] Failed to launch server process. Reason: Unity was launched with the -noUpm command-line argument
[Package Manager] Unable to send message (not connected to server process).
[Package Manager] Cannot connect to Unity Package Manager local server
ScheduleIndexationOnStartup MainProcess:False IndexOnStartup:True
Scripting: successfully reloaded assembly
- Finished resetting the current domain, in  0.837 seconds
Domain Reload Profiling: 1769ms
	BeginReloadAssembly (208ms)
	RebuildCommonClasses (10ms)
	RebuildNativeTypeToScriptingClass (30ms)
	initialDomainReloadingComplete (103ms)
	LoadAllAssembliesAndSetupDomain (579ms)
		LoadAssemblies (205ms)
		TypeCache.Refresh (397ms)
			TypeCache.ScanAssembly (374ms)
		AnalyzeDomain (1ms)
	FinalizeReload (839ms)
		SetupLoadedEditorAssemblies (0ms)
			LogAssemblyErrors (3ms)
			InitializePlatformSupportModulesInManaged (4ms)
			BeforeProcessingInitializeOnLoad (172ms)
			ProcessInitializeOnLoadAttributes (168ms)
			ProcessInitializeOnLoadMethodAttributes (328ms)
Initializing Unity extensions:
[Licensing::Client] Successfully resolved entitlement details
[Licensing::Module] License group:
  Id: 6872893522235-UnityPersXXXX
  Product: Unity Personal
  Type: Assigned
  Expiration: Unlimited
========================================================================
Worker process is ready to serve import requests
Import Worker Mode flag is 0x00
Begin MonoManager ReloadAssembly
'Packages/com.unity.render-pipelines.core/Editor/Deprecated.cs' contains partial class of Unity.Object, exactly 1 of the partial classes needs to be in a file with the same filename. This is to know the one that can be referenced from ie. GameObjects
'Packages/com.unity.render-pipelines.core/Editor/Deprecated.cs' contains partial class of Unity.Object, exactly 1 of the partial classes needs to be in a file with the same filename. This is to know the one that can be referenced from ie. GameObjects
Refreshing native plugins compatible for Editor in 4.52 ms, found 5 plugins.
Native extension for WindowsStandalone target not found
Native extension for WebGL target not found
[Package Manager] Failed to launch server process. Reason: Unity was launched with the -noUpm command-line argument
[Package Manager] Unable to send message (not connected to server process).
[Package Manager] Cannot connect to Unity Package Manager local server
[Package Manager] Failed to launch server process. Reason: Unity was launched with the -noUpm command-line argument
[Package Manager] Unable to send message (not connected to server process).
[Package Manager] Cannot connect to Unity Package Manager local server
ScheduleIndexationOnStartup MainProcess:False IndexOnStartup:True
Scripting: successfully reloaded assembly
- Finished resetting the current domain, in  1.571 seconds
Domain Reload Profiling: 3467ms
	BeginReloadAssembly (440ms)
		DisableScriptedObjects (34ms)
		CreateAndSetChildDomain (53ms)
	RebuildCommonClasses (15ms)
	RebuildNativeTypeToScriptingClass (39ms)
	initialDomainReloadingComplete (113ms)
	LoadAllAssembliesAndSetupDomain (1286ms)
		LoadAssemblies (635ms)
		TypeCache.Refresh (376ms)
			TypeCache.ScanAssembly (344ms)
		AnalyzeDomain (200ms)
			BuildScriptInfoCaches (189ms)
			ResolveRequiredComponents (9ms)
	FinalizeReload (1573ms)
		SetupLoadedEditorAssemblies (0ms)
			LogAssemblyErrors (3ms)
			InitializePlatformSupportModulesInManaged (4ms)
			BeforeProcessingInitializeOnLoad (244ms)
			ProcessInitializeOnLoadAttributes (527ms)
			ProcessInitializeOnLoadMethodAttributes (411ms)
			AfterProcessingInitializeOnLoad (10ms)
		AwakeInstancesAfterBackupRestoration (14ms)
AcceleratorClientConnectionCallback - disconnected - :0
Launched and connected shader compiler UnityShaderCompiler.exe after 0.02 seconds
Refreshing native plugins compatible for Editor in 3.74 ms, found 5 plugins.
Unloading 24 Unused Serialized files (Serialized files now loaded: 0)
Unloading 6988 unused Assets / (8.9 MB). Loaded Objects now: 7953.
Memory consumption went from 359.8 MB to 351.0 MB.
Total: 16.405300 ms (FindLiveObjects: 1.432500 ms CreateObjectMapping: 0.592100 ms MarkObjects: 10.023300 ms  DeleteObjects: 3.947100 ms)

========================================================================
Received Prepare
AcceleratorClientConnectionCallback - disconnected - :0
[Licensing::Client] Successfully resolved entitlement details
Begin MonoManager ReloadAssembly
'Packages/com.unity.render-pipelines.core/Editor/Deprecated.cs' contains partial class of Unity.Object, exactly 1 of the partial classes needs to be in a file with the same filename. This is to know the one that can be referenced from ie. GameObjects
'Packages/com.unity.render-pipelines.core/Editor/Deprecated.cs' contains partial class of Unity.Object, exactly 1 of the partial classes needs to be in a file with the same filename. This is to know the one that can be referenced from ie. GameObjects
Refreshing native plugins compatible for Editor in 2.48 ms, found 5 plugins.
Native extension for WindowsStandalone target not found
Native extension for WebGL target not found
[Package Manager] Failed to launch server process. Reason: Unity was launched with the -noUpm command-line argument
[Package Manager] Unable to send message (not connected to server process).
[Package Manager] Cannot connect to Unity Package Manager local server
[Package Manager] Failed to launch server process. Reason: Unity was launched with the -noUpm command-line argument
[Package Manager] Unable to send message (not connected to server process).
[Package Manager] Cannot connect to Unity Package Manager local server
ScheduleIndexationOnStartup MainProcess:False IndexOnStartup:True
Scripting: successfully reloaded assembly
- Finished resetting the current domain, in  1.306 seconds
Domain Reload Profiling: 2623ms
	BeginReloadAssembly (449ms)
		DisableScriptedObjects (28ms)
		CreateAndSetChildDomain (102ms)
	RebuildCommonClasses (19ms)
	RebuildNativeTypeToScriptingClass (32ms)
	initialDomainReloadingComplete (98ms)
	LoadAllAssembliesAndSetupDomain (717ms)
		LoadAssemblies (614ms)
		TypeCache.Refresh (11ms)
		AnalyzeDomain (16ms)
			ResolveRequiredComponents (11ms)
	FinalizeReload (1308ms)
		SetupLoadedEditorAssemblies (0ms)
			LogAssemblyErrors (6ms)
			InitializePlatformSupportModulesInManaged (4ms)
			BeforeProcessingInitializeOnLoad (201ms)
			ProcessInitializeOnLoadAttributes (443ms)
			ProcessInitializeOnLoadMethodAttributes (174ms)
			AfterProcessingInitializeOnLoad (12ms)
		AwakeInstancesAfterBackupRestoration (40ms)
Refreshing native plugins compatible for Editor in 3.79 ms, found 5 plugins.
Unloading 24 Unused Serialized files (Serialized files now loaded: 0)
Unloading 6986 unused Assets / (6.0 MB). Loaded Objects now: 7957.
Memory consumption went from 350.6 MB to 344.6 MB.
Total: 15.522100 ms (FindLiveObjects: 1.129300 ms CreateObjectMapping: 0.343000 ms MarkObjects: 10.465800 ms  DeleteObjects: 3.084400 ms)

Prepare: number of updated asset objects reloaded= 0
========================================================================
Received Prepare
AcceleratorClientConnectionCallback - disconnected - :0
[Licensing::Client] Successfully resolved entitlement details
Begin MonoManager ReloadAssembly
'Packages/com.unity.render-pipelines.core/Editor/Deprecated.cs' contains partial class of Unity.Object, exactly 1 of the partial classes needs to be in a file with the same filename. This is to know the one that can be referenced from ie. GameObjects
'Packages/com.unity.render-pipelines.core/Editor/Deprecated.cs' contains partial class of Unity.Object, exactly 1 of the partial classes needs to be in a file with the same filename. This is to know the one that can be referenced from ie. GameObjects
Refreshing native plugins compatible for Editor in 2.52 ms, found 5 plugins.
Native extension for WindowsStandalone target not found
Native extension for WebGL target not found
[Package Manager] Failed to launch server process. Reason: Unity was launched with the -noUpm command-line argument
[Package Manager] Unable to send message (not connected to server process).
[Package Manager] Cannot connect to Unity Package Manager local server
[Package Manager] Failed to launch server process. Reason: Unity was launched with the -noUpm command-line argument
[Package Manager] Unable to send message (not connected to server process).
[Package Manager] Cannot connect to Unity Package Manager local server
ScheduleIndexationOnStartup MainProcess:False IndexOnStartup:True
Scripting: successfully reloaded assembly
- Finished resetting the current domain, in  1.390 seconds
Domain Reload Profiling: 2687ms
	BeginReloadAssembly (418ms)
		DisableScriptedObjects (29ms)
		CreateAndSetChildDomain (84ms)
	RebuildCommonClasses (19ms)
	RebuildNativeTypeToScriptingClass (40ms)
	initialDomainReloadingComplete (118ms)
	LoadAllAssembliesAndSetupDomain (701ms)
		LoadAssemblies (551ms)
		TypeCache.Refresh (13ms)
		AnalyzeDomain (16ms)
			ResolveRequiredComponents (11ms)
	FinalizeReload (1392ms)
		SetupLoadedEditorAssemblies (0ms)
			LogAssemblyErrors (6ms)
			InitializePlatformSupportModulesInManaged (4ms)
			BeforeProcessingInitializeOnLoad (213ms)
			ProcessInitializeOnLoadAttributes (494ms)
			ProcessInitializeOnLoadMethodAttributes (184ms)
			AfterProcessingInitializeOnLoad (8ms)
		AwakeInstancesAfterBackupRestoration (53ms)
Refreshing native plugins compatible for Editor in 9.90 ms, found 5 plugins.
Unloading 24 Unused Serialized files (Serialized files now loaded: 0)
Unloading 6986 unused Assets / (6.4 MB). Loaded Objects now: 7960.
Memory consumption went from 353.7 MB to 347.3 MB.
Total: 16.320700 ms (FindLiveObjects: 1.280800 ms CreateObjectMapping: 0.424800 ms MarkObjects: 11.459200 ms  DeleteObjects: 2.822200 ms)

Prepare: number of updated asset objects reloaded= 0
========================================================================
Received Prepare
AcceleratorClientConnectionCallback - disconnected - :0
'Packages/com.unity.render-pipelines.core/Editor/Deprecated.cs' contains partial class of Unity.Object, exactly 1 of the partial classes needs to be in a file with the same filename. This is to know the one that can be referenced from ie. GameObjects
'Packages/com.unity.render-pipelines.core/Editor/Deprecated.cs' contains partial class of Unity.Object, exactly 1 of the partial classes needs to be in a file with the same filename. This is to know the one that can be referenced from ie. GameObjects
Refreshing native plugins compatible for Editor in 4.16 ms, found 5 plugins.
Unloading 24 Unused Serialized files (Serialized files now loaded: 0)
Unloading 6972 unused Assets / (6.7 MB). Loaded Objects now: 7960.
Memory consumption went from 356.8 MB to 350.0 MB.
Total: 15.741700 ms (FindLiveObjects: 1.354500 ms CreateObjectMapping: 0.511300 ms MarkObjects: 10.394100 ms  DeleteObjects: 3.076100 ms)

Prepare: number of updated asset objects reloaded= 0
========================================================================
Received Prepare
AcceleratorClientConnectionCallback - disconnected - :0
Begin MonoManager ReloadAssembly
'Packages/com.unity.render-pipelines.core/Editor/Deprecated.cs' contains partial class of Unity.Object, exactly 1 of the partial classes needs to be in a file with the same filename. This is to know the one that can be referenced from ie. GameObjects
'Packages/com.unity.render-pipelines.core/Editor/Deprecated.cs' contains partial class of Unity.Object, exactly 1 of the partial classes needs to be in a file with the same filename. This is to know the one that can be referenced from ie. GameObjects
Refreshing native plugins compatible for Editor in 3.47 ms, found 5 plugins.
Native extension for WindowsStandalone target not found
Native extension for WebGL target not found
[Package Manager] Failed to launch server process. Reason: Unity was launched with the -noUpm command-line argument
[Package Manager] Unable to send message (not connected to server process).
[Package Manager] Cannot connect to Unity Package Manager local server
[Package Manager] Failed to launch server process. Reason: Unity was launched with the -noUpm command-line argument
[Package Manager] Unable to send message (not connected to server process).
[Package Manager] Cannot connect to Unity Package Manager local server
ScheduleIndexationOnStartup MainProcess:False IndexOnStartup:True
Scripting: successfully reloaded assembly
- Finished resetting the current domain, in  1.243 seconds
Domain Reload Profiling: 2862ms
	BeginReloadAssembly (398ms)
		DisableScriptedObjects (29ms)
		CreateAndSetChildDomain (82ms)
	RebuildCommonClasses (14ms)
	RebuildNativeTypeToScriptingClass (30ms)
	initialDomainReloadingComplete (107ms)
	LoadAllAssembliesAndSetupDomain (1069ms)
		LoadAssemblies (576ms)
		TypeCache.Refresh (22ms)
		AnalyzeDomain (352ms)
			BuildScriptInfoCaches (338ms)
			ResolveRequiredComponents (11ms)
	FinalizeReload (1245ms)
		SetupLoadedEditorAssemblies (0ms)
			LogAssemblyErrors (4ms)
			InitializePlatformSupportModulesInManaged (4ms)
			BeforeProcessingInitializeOnLoad (196ms)
			ProcessInitializeOnLoadAttributes (419ms)
			ProcessInitializeOnLoadMethodAttributes (161ms)
			AfterProcessingInitializeOnLoad (8ms)
			EditorAssembliesLoaded (3ms)
		AwakeInstancesAfterBackupRestoration (44ms)
Refreshing native plugins compatible for Editor in 2.73 ms, found 5 plugins.
Unloading 24 Unused Serialized files (Serialized files now loaded: 0)
Unloading 6986 unused Assets / (7.0 MB). Loaded Objects now: 7963.
Memory consumption went from 371.4 MB to 364.4 MB.
Total: 14.382300 ms (FindLiveObjects: 1.202100 ms CreateObjectMapping: 0.375200 ms MarkObjects: 10.254500 ms  DeleteObjects: 2.245400 ms)

Prepare: number of updated asset objects reloaded= 0
========================================================================
Received Prepare
AcceleratorClientConnectionCallback - disconnected - :0
[Licensing::Client] Successfully resolved entitlement details
Begin MonoManager ReloadAssembly
'Packages/com.unity.render-pipelines.core/Editor/Deprecated.cs' contains partial class of Unity.Object, exactly 1 of the partial classes needs to be in a file with the same filename. This is to know the one that can be referenced from ie. GameObjects
'Packages/com.unity.render-pipelines.core/Editor/Deprecated.cs' contains partial class of Unity.Object, exactly 1 of the partial classes needs to be in a file with the same filename. This is to know the one that can be referenced from ie. GameObjects
Refreshing native plugins compatible for Editor in 3.21 ms, found 5 plugins.
Native extension for WindowsStandalone target not found
Native extension for WebGL target not found
[Package Manager] Failed to launch server process. Reason: Unity was launched with the -noUpm command-line argument
[Package Manager] Unable to send message (not connected to server process).
[Package Manager] Cannot connect to Unity Package Manager local server
[Package Manager] Failed to launch server process. Reason: Unity was launched with the -noUpm command-line argument
[Package Manager] Unable to send message (not connected to server process).
[Package Manager] Cannot connect to Unity Package Manager local server
ScheduleIndexationOnStartup MainProcess:False IndexOnStartup:True
Scripting: successfully reloaded assembly
- Finished resetting the current domain, in  1.307 seconds
Domain Reload Profiling: 2922ms
	BeginReloadAssembly (546ms)
		DisableScriptedObjects (39ms)
		CreateAndSetChildDomain (117ms)
	RebuildCommonClasses (22ms)
	RebuildNativeTypeToScriptingClass (34ms)
	initialDomainReloadingComplete (123ms)
	LoadAllAssembliesAndSetupDomain (889ms)
		LoadAssemblies (710ms)
		TypeCache.Refresh (11ms)
		AnalyzeDomain (15ms)
			ResolveRequiredComponents (11ms)
	FinalizeReload (1309ms)
		SetupLoadedEditorAssemblies (0ms)
			LogAssemblyErrors (8ms)
			InitializePlatformSupportModulesInManaged (4ms)
			BeforeProcessingInitializeOnLoad (216ms)
			ProcessInitializeOnLoadAttributes (406ms)
			ProcessInitializeOnLoadMethodAttributes (176ms)
			AfterProcessingInitializeOnLoad (9ms)
		AwakeInstancesAfterBackupRestoration (39ms)
Refreshing native plugins compatible for Editor in 2.88 ms, found 5 plugins.
Unloading 24 Unused Serialized files (Serialized files now loaded: 0)
Unloading 6986 unused Assets / (6.0 MB). Loaded Objects now: 7966.
Memory consumption went from 375.2 MB to 369.2 MB.
Total: 13.831600 ms (FindLiveObjects: 1.192200 ms CreateObjectMapping: 0.386000 ms MarkObjects: 8.497200 ms  DeleteObjects: 3.419800 ms)

Prepare: number of updated asset objects reloaded= 0
========================================================================
Received Prepare
AcceleratorClientConnectionCallback - disconnected - :0
Begin MonoManager ReloadAssembly
'Packages/com.unity.render-pipelines.core/Editor/Deprecated.cs' contains partial class of Unity.Object, exactly 1 of the partial classes needs to be in a file with the same filename. This is to know the one that can be referenced from ie. GameObjects
'Packages/com.unity.render-pipelines.core/Editor/Deprecated.cs' contains partial class of Unity.Object, exactly 1 of the partial classes needs to be in a file with the same filename. This is to know the one that can be referenced from ie. GameObjects
Refreshing native plugins compatible for Editor in 23.30 ms, found 5 plugins.
Native extension for WindowsStandalone target not found
Native extension for WebGL target not found
[Package Manager] Failed to launch server process. Reason: Unity was launched with the -noUpm command-line argument
[Package Manager] Unable to send message (not connected to server process).
[Package Manager] Cannot connect to Unity Package Manager local server
[Package Manager] Failed to launch server process. Reason: Unity was launched with the -noUpm command-line argument
[Package Manager] Unable to send message (not connected to server process).
[Package Manager] Cannot connect to Unity Package Manager local server
ScheduleIndexationOnStartup MainProcess:False IndexOnStartup:True
Scripting: successfully reloaded assembly
- Finished resetting the current domain, in  1.348 seconds
Domain Reload Profiling: 2721ms
	BeginReloadAssembly (466ms)
		DisableScriptedObjects (34ms)
		CreateAndSetChildDomain (90ms)
	RebuildCommonClasses (21ms)
	RebuildNativeTypeToScriptingClass (45ms)
	initialDomainReloadingComplete (118ms)
	LoadAllAssembliesAndSetupDomain (721ms)
		LoadAssemblies (595ms)
		TypeCache.Refresh (11ms)
		AnalyzeDomain (13ms)
			ResolveRequiredComponents (9ms)
	FinalizeReload (1350ms)
		SetupLoadedEditorAssemblies (0ms)
			LogAssemblyErrors (5ms)
			InitializePlatformSupportModulesInManaged (4ms)
			BeforeProcessingInitializeOnLoad (210ms)
			ProcessInitializeOnLoadAttributes (463ms)
			ProcessInitializeOnLoadMethodAttributes (170ms)
			AfterProcessingInitializeOnLoad (11ms)
			EditorAssembliesLoaded (3ms)
		AwakeInstancesAfterBackupRestoration (42ms)
Refreshing native plugins compatible for Editor in 3.72 ms, found 5 plugins.
Unloading 24 Unused Serialized files (Serialized files now loaded: 0)
Unloading 6986 unused Assets / (5.7 MB). Loaded Objects now: 7969.
Memory consumption went from 378.2 MB to 372.5 MB.
Total: 13.674800 ms (FindLiveObjects: 1.326600 ms CreateObjectMapping: 0.826800 ms MarkObjects: 8.817800 ms  DeleteObjects: 2.358400 ms)

Prepare: number of updated asset objects reloaded= 0
========================================================================
Received Prepare
AcceleratorClientConnectionCallback - disconnected - :0
[Licensing::Client] Successfully resolved entitlement details
Begin MonoManager ReloadAssembly
'Packages/com.unity.render-pipelines.core/Editor/Deprecated.cs' contains partial class of Unity.Object, exactly 1 of the partial classes needs to be in a file with the same filename. This is to know the one that can be referenced from ie. GameObjects
'Packages/com.unity.render-pipelines.core/Editor/Deprecated.cs' contains partial class of Unity.Object, exactly 1 of the partial classes needs to be in a file with the same filename. This is to know the one that can be referenced from ie. GameObjects
Refreshing native plugins compatible for Editor in 3.94 ms, found 5 plugins.
Native extension for WindowsStandalone target not found
Native extension for WebGL target not found
[Package Manager] Failed to launch server process. Reason: Unity was launched with the -noUpm command-line argument
[Package Manager] Unable to send message (not connected to server process).
[Package Manager] Cannot connect to Unity Package Manager local server
[Package Manager] Failed to launch server process. Reason: Unity was launched with the -noUpm command-line argument
[Package Manager] Unable to send message (not connected to server process).
[Package Manager] Cannot connect to Unity Package Manager local server
ScheduleIndexationOnStartup MainProcess:False IndexOnStartup:True
Scripting: successfully reloaded assembly
- Finished resetting the current domain, in  1.302 seconds
Domain Reload Profiling: 5626ms
	BeginReloadAssembly (706ms)
		DisableScriptedObjects (33ms)
		CreateAndSetChildDomain (85ms)
	RebuildCommonClasses (15ms)
	RebuildNativeTypeToScriptingClass (185ms)
	initialDomainReloadingComplete (118ms)
	LoadAllAssembliesAndSetupDomain (3298ms)
		LoadAssemblies (3457ms)
		TypeCache.Refresh (10ms)
		AnalyzeDomain (17ms)
			ResolveRequiredComponents (11ms)
	FinalizeReload (1304ms)
		SetupLoadedEditorAssemblies (0ms)
			LogAssemblyErrors (6ms)
			InitializePlatformSupportModulesInManaged (4ms)
			BeforeProcessingInitializeOnLoad (207ms)
			ProcessInitializeOnLoadAttributes (451ms)
			ProcessInitializeOnLoadMethodAttributes (163ms)
			AfterProcessingInitializeOnLoad (8ms)
		AwakeInstancesAfterBackupRestoration (38ms)
Refreshing native plugins compatible for Editor in 3.61 ms, found 5 plugins.
Unloading 24 Unused Serialized files (Serialized files now loaded: 0)
Unloading 6986 unused Assets / (6.4 MB). Loaded Objects now: 7972.
Memory consumption went from 381.5 MB to 375.1 MB.
Total: 13.842600 ms (FindLiveObjects: 1.236400 ms CreateObjectMapping: 0.392300 ms MarkObjects: 9.157500 ms  DeleteObjects: 2.738000 ms)

Prepare: number of updated asset objects reloaded= 0
========================================================================
Received Prepare
AcceleratorClientConnectionCallback - disconnected - :0
Begin MonoManager ReloadAssembly
'Packages/com.unity.render-pipelines.core/Editor/Deprecated.cs' contains partial class of Unity.Object, exactly 1 of the partial classes needs to be in a file with the same filename. This is to know the one that can be referenced from ie. GameObjects
'Packages/com.unity.render-pipelines.core/Editor/Deprecated.cs' contains partial class of Unity.Object, exactly 1 of the partial classes needs to be in a file with the same filename. This is to know the one that can be referenced from ie. GameObjects
Refreshing native plugins compatible for Editor in 2.57 ms, found 5 plugins.
Native extension for WindowsStandalone target not found
Native extension for WebGL target not found
[Package Manager] Failed to launch server process. Reason: Unity was launched with the -noUpm command-line argument
[Package Manager] Unable to send message (not connected to server process).
[Package Manager] Cannot connect to Unity Package Manager local server
[Package Manager] Failed to launch server process. Reason: Unity was launched with the -noUpm command-line argument
[Package Manager] Unable to send message (not connected to server process).
[Package Manager] Cannot connect to Unity Package Manager local server
ScheduleIndexationOnStartup MainProcess:False IndexOnStartup:True
Scripting: successfully reloaded assembly
- Finished resetting the current domain, in  1.296 seconds
Domain Reload Profiling: 2579ms
	BeginReloadAssembly (466ms)
		DisableScriptedObjects (35ms)
		CreateAndSetChildDomain (112ms)
	RebuildCommonClasses (20ms)
	RebuildNativeTypeToScriptingClass (32ms)
	initialDomainReloadingComplete (100ms)
	LoadAllAssembliesAndSetupDomain (663ms)
		LoadAssemblies (521ms)
		TypeCache.Refresh (11ms)
		AnalyzeDomain (17ms)
			ResolveRequiredComponents (10ms)
	FinalizeReload (1298ms)
		SetupLoadedEditorAssemblies (0ms)
			LogAssemblyErrors (6ms)
			InitializePlatformSupportModulesInManaged (5ms)
			BeforeProcessingInitializeOnLoad (231ms)
			ProcessInitializeOnLoadAttributes (427ms)
			ProcessInitializeOnLoadMethodAttributes (168ms)
			AfterProcessingInitializeOnLoad (9ms)
		AwakeInstancesAfterBackupRestoration (41ms)
Refreshing native plugins compatible for Editor in 3.16 ms, found 5 plugins.
Unloading 24 Unused Serialized files (Serialized files now loaded: 0)
Unloading 6986 unused Assets / (7.5 MB). Loaded Objects now: 7975.
Memory consumption went from 386.7 MB to 379.2 MB.
Total: 14.513000 ms (FindLiveObjects: 1.237700 ms CreateObjectMapping: 0.359300 ms MarkObjects: 9.569500 ms  DeleteObjects: 3.025700 ms)

Prepare: number of updated asset objects reloaded= 0
========================================================================
Received Prepare
AcceleratorClientConnectionCallback - disconnected - :0
[Licensing::Client] Successfully resolved entitlement details
Begin MonoManager ReloadAssembly
'Packages/com.unity.render-pipelines.core/Editor/Deprecated.cs' contains partial class of Unity.Object, exactly 1 of the partial classes needs to be in a file with the same filename. This is to know the one that can be referenced from ie. GameObjects
'Packages/com.unity.render-pipelines.core/Editor/Deprecated.cs' contains partial class of Unity.Object, exactly 1 of the partial classes needs to be in a file with the same filename. This is to know the one that can be referenced from ie. GameObjects
Refreshing native plugins compatible for Editor in 3.74 ms, found 5 plugins.
Native extension for WindowsStandalone target not found
Native extension for WebGL target not found
[Package Manager] Failed to launch server process. Reason: Unity was launched with the -noUpm command-line argument
[Package Manager] Unable to send message (not connected to server process).
[Package Manager] Cannot connect to Unity Package Manager local server
[Package Manager] Failed to launch server process. Reason: Unity was launched with the -noUpm command-line argument
[Package Manager] Unable to send message (not connected to server process).
[Package Manager] Cannot connect to Unity Package Manager local server
ScheduleIndexationOnStartup MainProcess:False IndexOnStartup:True
Scripting: successfully reloaded assembly
- Finished resetting the current domain, in  1.316 seconds
Domain Reload Profiling: 2620ms
	BeginReloadAssembly (421ms)
		DisableScriptedObjects (31ms)
		CreateAndSetChildDomain (85ms)
	RebuildCommonClasses (15ms)
	RebuildNativeTypeToScriptingClass (30ms)
	initialDomainReloadingComplete (104ms)
	LoadAllAssembliesAndSetupDomain (731ms)
		LoadAssemblies (584ms)
		TypeCache.Refresh (9ms)
		AnalyzeDomain (17ms)
			ResolveRequiredComponents (12ms)
	FinalizeReload (1318ms)
		SetupLoadedEditorAssemblies (0ms)
			LogAssemblyErrors (5ms)
			InitializePlatformSupportModulesInManaged (4ms)
			BeforeProcessingInitializeOnLoad (219ms)
			ProcessInitializeOnLoadAttributes (442ms)
			ProcessInitializeOnLoadMethodAttributes (156ms)
			AfterProcessingInitializeOnLoad (10ms)
		AwakeInstancesAfterBackupRestoration (38ms)
Refreshing native plugins compatible for Editor in 3.42 ms, found 5 plugins.
Unloading 24 Unused Serialized files (Serialized files now loaded: 0)
Unloading 6986 unused Assets / (6.3 MB). Loaded Objects now: 7978.
Memory consumption went from 392.1 MB to 385.8 MB.
Total: 12.445400 ms (FindLiveObjects: 1.268800 ms CreateObjectMapping: 0.407800 ms MarkObjects: 8.309300 ms  DeleteObjects: 2.153700 ms)

Prepare: number of updated asset objects reloaded= 0
========================================================================
Received Prepare
AcceleratorClientConnectionCallback - disconnected - :0
[Licensing::Client] Successfully resolved entitlement details
Begin MonoManager ReloadAssembly
'Packages/com.unity.render-pipelines.core/Editor/Deprecated.cs' contains partial class of Unity.Object, exactly 1 of the partial classes needs to be in a file with the same filename. This is to know the one that can be referenced from ie. GameObjects
'Packages/com.unity.render-pipelines.core/Editor/Deprecated.cs' contains partial class of Unity.Object, exactly 1 of the partial classes needs to be in a file with the same filename. This is to know the one that can be referenced from ie. GameObjects
Refreshing native plugins compatible for Editor in 2.88 ms, found 5 plugins.
Native extension for WindowsStandalone target not found
Native extension for WebGL target not found
[Package Manager] Failed to launch server process. Reason: Unity was launched with the -noUpm command-line argument
[Package Manager] Unable to send message (not connected to server process).
[Package Manager] Cannot connect to Unity Package Manager local server
[Package Manager] Failed to launch server process. Reason: Unity was launched with the -noUpm command-line argument
[Package Manager] Unable to send message (not connected to server process).
[Package Manager] Cannot connect to Unity Package Manager local server
ScheduleIndexationOnStartup MainProcess:False IndexOnStartup:True
Scripting: successfully reloaded assembly
- Finished resetting the current domain, in  1.270 seconds
Domain Reload Profiling: 2557ms
	BeginReloadAssembly (385ms)
		DisableScriptedObjects (29ms)
		CreateAndSetChildDomain (82ms)
	RebuildCommonClasses (15ms)
	RebuildNativeTypeToScriptingClass (28ms)
	initialDomainReloadingComplete (91ms)
	LoadAllAssembliesAndSetupDomain (766ms)
		LoadAssemblies (589ms)
		TypeCache.Refresh (16ms)
		AnalyzeDomain (16ms)
			ResolveRequiredComponents (10ms)
	FinalizeReload (1272ms)
		SetupLoadedEditorAssemblies (0ms)
			LogAssemblyErrors (8ms)
			InitializePlatformSupportModulesInManaged (4ms)
			BeforeProcessingInitializeOnLoad (205ms)
			ProcessInitializeOnLoadAttributes (422ms)
			ProcessInitializeOnLoadMethodAttributes (163ms)
			AfterProcessingInitializeOnLoad (10ms)
		AwakeInstancesAfterBackupRestoration (43ms)
Refreshing native plugins compatible for Editor in 3.14 ms, found 5 plugins.
Unloading 24 Unused Serialized files (Serialized files now loaded: 0)
Unloading 6986 unused Assets / (6.3 MB). Loaded Objects now: 7981.
Memory consumption went from 398.5 MB to 392.2 MB.
Total: 13.434100 ms (FindLiveObjects: 1.385600 ms CreateObjectMapping: 0.844600 ms MarkObjects: 8.355400 ms  DeleteObjects: 2.531600 ms)

Prepare: number of updated asset objects reloaded= 0
========================================================================
Received Prepare
AcceleratorClientConnectionCallback - disconnected - :0
[Licensing::Client] Successfully resolved entitlement details
Begin MonoManager ReloadAssembly
'Packages/com.unity.render-pipelines.core/Editor/Deprecated.cs' contains partial class of Unity.Object, exactly 1 of the partial classes needs to be in a file with the same filename. This is to know the one that can be referenced from ie. GameObjects
'Packages/com.unity.render-pipelines.core/Editor/Deprecated.cs' contains partial class of Unity.Object, exactly 1 of the partial classes needs to be in a file with the same filename. This is to know the one that can be referenced from ie. GameObjects
Refreshing native plugins compatible for Editor in 2.63 ms, found 5 plugins.
Native extension for WindowsStandalone target not found
Native extension for WebGL target not found
[Package Manager] Failed to launch server process. Reason: Unity was launched with the -noUpm command-line argument
[Package Manager] Unable to send message (not connected to server process).
[Package Manager] Cannot connect to Unity Package Manager local server
[Package Manager] Failed to launch server process. Reason: Unity was launched with the -noUpm command-line argument
[Package Manager] Unable to send message (not connected to server process).
[Package Manager] Cannot connect to Unity Package Manager local server
ScheduleIndexationOnStartup MainProcess:False IndexOnStartup:True
Scripting: successfully reloaded assembly
- Finished resetting the current domain, in  1.269 seconds
Domain Reload Profiling: 2603ms
	BeginReloadAssembly (440ms)
		DisableScriptedObjects (37ms)
		CreateAndSetChildDomain (90ms)
	RebuildCommonClasses (22ms)
	RebuildNativeTypeToScriptingClass (29ms)
	initialDomainReloadingComplete (109ms)
	LoadAllAssembliesAndSetupDomain (733ms)
		LoadAssemblies (626ms)
		TypeCache.Refresh (10ms)
		AnalyzeDomain (14ms)
			ResolveRequiredComponents (9ms)
	FinalizeReload (1271ms)
		SetupLoadedEditorAssemblies (0ms)
			LogAssemblyErrors (5ms)
			InitializePlatformSupportModulesInManaged (3ms)
			BeforeProcessingInitializeOnLoad (202ms)
			ProcessInitializeOnLoadAttributes (427ms)
			ProcessInitializeOnLoadMethodAttributes (163ms)
			AfterProcessingInitializeOnLoad (9ms)
		AwakeInstancesAfterBackupRestoration (41ms)
Refreshing native plugins compatible for Editor in 4.34 ms, found 5 plugins.
Unloading 24 Unused Serialized files (Serialized files now loaded: 0)
Unloading 6986 unused Assets / (6.4 MB). Loaded Objects now: 7984.
Memory consumption went from 403.6 MB to 397.2 MB.
Total: 11.891900 ms (FindLiveObjects: 1.264100 ms CreateObjectMapping: 0.378500 ms MarkObjects: 7.776100 ms  DeleteObjects: 2.165000 ms)

Prepare: number of updated asset objects reloaded= 0
========================================================================
Received Prepare
AcceleratorClientConnectionCallback - disconnected - :0
Begin MonoManager ReloadAssembly
'Packages/com.unity.render-pipelines.core/Editor/Deprecated.cs' contains partial class of Unity.Object, exactly 1 of the partial classes needs to be in a file with the same filename. This is to know the one that can be referenced from ie. GameObjects
'Packages/com.unity.render-pipelines.core/Editor/Deprecated.cs' contains partial class of Unity.Object, exactly 1 of the partial classes needs to be in a file with the same filename. This is to know the one that can be referenced from ie. GameObjects
Refreshing native plugins compatible for Editor in 2.41 ms, found 5 plugins.
Native extension for WindowsStandalone target not found
Native extension for WebGL target not found
[Package Manager] Failed to launch server process. Reason: Unity was launched with the -noUpm command-line argument
[Package Manager] Unable to send message (not connected to server process).
[Package Manager] Cannot connect to Unity Package Manager local server
[Package Manager] Failed to launch server process. Reason: Unity was launched with the -noUpm command-line argument
[Package Manager] Unable to send message (not connected to server process).
[Package Manager] Cannot connect to Unity Package Manager local server
ScheduleIndexationOnStartup MainProcess:False IndexOnStartup:True
Scripting: successfully reloaded assembly
- Finished resetting the current domain, in  1.300 seconds
Domain Reload Profiling: 2594ms
	BeginReloadAssembly (479ms)
		DisableScriptedObjects (37ms)
		CreateAndSetChildDomain (118ms)
	RebuildCommonClasses (15ms)
	RebuildNativeTypeToScriptingClass (30ms)
	initialDomainReloadingComplete (95ms)
	LoadAllAssembliesAndSetupDomain (673ms)
		LoadAssemblies (540ms)
		TypeCache.Refresh (12ms)
		AnalyzeDomain (14ms)
			ResolveRequiredComponents (8ms)
	FinalizeReload (1302ms)
		SetupLoadedEditorAssemblies (0ms)
			LogAssemblyErrors (6ms)
			InitializePlatformSupportModulesInManaged (3ms)
			BeforeProcessingInitializeOnLoad (207ms)
			ProcessInitializeOnLoadAttributes (442ms)
			ProcessInitializeOnLoadMethodAttributes (190ms)
			AfterProcessingInitializeOnLoad (12ms)
			EditorAssembliesLoaded (4ms)
		AwakeInstancesAfterBackupRestoration (47ms)
Refreshing native plugins compatible for Editor in 2.64 ms, found 5 plugins.
Unloading 24 Unused Serialized files (Serialized files now loaded: 0)
Unloading 6986 unused Assets / (6.1 MB). Loaded Objects now: 7987.
Memory consumption went from 409.0 MB to 402.9 MB.
Total: 12.958700 ms (FindLiveObjects: 1.449400 ms CreateObjectMapping: 0.454900 ms MarkObjects: 8.100900 ms  DeleteObjects: 2.597400 ms)

Prepare: number of updated asset objects reloaded= 0
========================================================================
Received Prepare
AcceleratorClientConnectionCallback - disconnected - :0
[Licensing::Client] Successfully resolved entitlement details
Begin MonoManager ReloadAssembly
'Packages/com.unity.render-pipelines.core/Editor/Deprecated.cs' contains partial class of Unity.Object, exactly 1 of the partial classes needs to be in a file with the same filename. This is to know the one that can be referenced from ie. GameObjects
'Packages/com.unity.render-pipelines.core/Editor/Deprecated.cs' contains partial class of Unity.Object, exactly 1 of the partial classes needs to be in a file with the same filename. This is to know the one that can be referenced from ie. GameObjects
Refreshing native plugins compatible for Editor in 3.26 ms, found 5 plugins.
Native extension for WindowsStandalone target not found
Native extension for WebGL target not found
[Package Manager] Failed to launch server process. Reason: Unity was launched with the -noUpm command-line argument
[Package Manager] Unable to send message (not connected to server process).
[Package Manager] Cannot connect to Unity Package Manager local server
[Package Manager] Failed to launch server process. Reason: Unity was launched with the -noUpm command-line argument
[Package Manager] Unable to send message (not connected to server process).
[Package Manager] Cannot connect to Unity Package Manager local server
ScheduleIndexationOnStartup MainProcess:False IndexOnStartup:True
Scripting: successfully reloaded assembly
- Finished resetting the current domain, in  1.302 seconds
Domain Reload Profiling: 2564ms
	BeginReloadAssembly (449ms)
		DisableScriptedObjects (34ms)
		CreateAndSetChildDomain (89ms)
	RebuildCommonClasses (20ms)
	RebuildNativeTypeToScriptingClass (29ms)
	initialDomainReloadingComplete (107ms)
	LoadAllAssembliesAndSetupDomain (654ms)
		LoadAssemblies (536ms)
		TypeCache.Refresh (11ms)
		AnalyzeDomain (13ms)
			ResolveRequiredComponents (8ms)
	FinalizeReload (1304ms)
		SetupLoadedEditorAssemblies (0ms)
			LogAssemblyErrors (5ms)
			InitializePlatformSupportModulesInManaged (3ms)
			BeforeProcessingInitializeOnLoad (203ms)
			ProcessInitializeOnLoadAttributes (431ms)
			ProcessInitializeOnLoadMethodAttributes (167ms)
			AfterProcessingInitializeOnLoad (10ms)
		AwakeInstancesAfterBackupRestoration (41ms)
Refreshing native plugins compatible for Editor in 3.43 ms, found 5 plugins.
Unloading 24 Unused Serialized files (Serialized files now loaded: 0)
Unloading 6986 unused Assets / (6.2 MB). Loaded Objects now: 7990.
Memory consumption went from 415.0 MB to 408.8 MB.
Total: 12.214100 ms (FindLiveObjects: 1.267800 ms CreateObjectMapping: 0.363400 ms MarkObjects: 8.228300 ms  DeleteObjects: 2.045600 ms)

Prepare: number of updated asset objects reloaded= 0
========================================================================
Received Prepare
AcceleratorClientConnectionCallback - disconnected - :0
Begin MonoManager ReloadAssembly
'Packages/com.unity.render-pipelines.core/Editor/Deprecated.cs' contains partial class of Unity.Object, exactly 1 of the partial classes needs to be in a file with the same filename. This is to know the one that can be referenced from ie. GameObjects
'Packages/com.unity.render-pipelines.core/Editor/Deprecated.cs' contains partial class of Unity.Object, exactly 1 of the partial classes needs to be in a file with the same filename. This is to know the one that can be referenced from ie. GameObjects
Refreshing native plugins compatible for Editor in 4.11 ms, found 5 plugins.
Native extension for WindowsStandalone target not found
Native extension for WebGL target not found
[Package Manager] Failed to launch server process. Reason: Unity was launched with the -noUpm command-line argument
[Package Manager] Unable to send message (not connected to server process).
[Package Manager] Cannot connect to Unity Package Manager local server
[Package Manager] Failed to launch server process. Reason: Unity was launched with the -noUpm command-line argument
[Package Manager] Unable to send message (not connected to server process).
[Package Manager] Cannot connect to Unity Package Manager local server
ScheduleIndexationOnStartup MainProcess:False IndexOnStartup:True
Scripting: successfully reloaded assembly
- Finished resetting the current domain, in  1.302 seconds
Domain Reload Profiling: 2551ms
	BeginReloadAssembly (441ms)
		DisableScriptedObjects (34ms)
		CreateAndSetChildDomain (96ms)
	RebuildCommonClasses (24ms)
	RebuildNativeTypeToScriptingClass (34ms)
	initialDomainReloadingComplete (92ms)
	LoadAllAssembliesAndSetupDomain (657ms)
		LoadAssemblies (531ms)
		TypeCache.Refresh (11ms)
		AnalyzeDomain (14ms)
			ResolveRequiredComponents (9ms)
	FinalizeReload (1303ms)
		SetupLoadedEditorAssemblies (0ms)
			LogAssemblyErrors (5ms)
			InitializePlatformSupportModulesInManaged (4ms)
			BeforeProcessingInitializeOnLoad (229ms)
			ProcessInitializeOnLoadAttributes (434ms)
			ProcessInitializeOnLoadMethodAttributes (161ms)
			AfterProcessingInitializeOnLoad (9ms)
			EditorAssembliesLoaded (3ms)
		AwakeInstancesAfterBackupRestoration (40ms)
Refreshing native plugins compatible for Editor in 3.17 ms, found 5 plugins.
Unloading 24 Unused Serialized files (Serialized files now loaded: 0)
Unloading 6986 unused Assets / (6.5 MB). Loaded Objects now: 7993.
Memory consumption went from 420.8 MB to 414.3 MB.
Total: 15.360700 ms (FindLiveObjects: 1.488400 ms CreateObjectMapping: 0.735900 ms MarkObjects: 10.603800 ms  DeleteObjects: 2.216500 ms)

Prepare: number of updated asset objects reloaded= 0
========================================================================
Received Prepare
AcceleratorClientConnectionCallback - disconnected - :0
Begin MonoManager ReloadAssembly
'Packages/com.unity.render-pipelines.core/Editor/Deprecated.cs' contains partial class of Unity.Object, exactly 1 of the partial classes needs to be in a file with the same filename. This is to know the one that can be referenced from ie. GameObjects
'Packages/com.unity.render-pipelines.core/Editor/Deprecated.cs' contains partial class of Unity.Object, exactly 1 of the partial classes needs to be in a file with the same filename. This is to know the one that can be referenced from ie. GameObjects
Refreshing native plugins compatible for Editor in 3.02 ms, found 5 plugins.
Native extension for WindowsStandalone target not found
Native extension for WebGL target not found
[Package Manager] Failed to launch server process. Reason: Unity was launched with the -noUpm command-line argument
[Package Manager] Unable to send message (not connected to server process).
[Package Manager] Cannot connect to Unity Package Manager local server
[Package Manager] Failed to launch server process. Reason: Unity was launched with the -noUpm command-line argument
[Package Manager] Unable to send message (not connected to server process).
[Package Manager] Cannot connect to Unity Package Manager local server
ScheduleIndexationOnStartup MainProcess:False IndexOnStartup:True
Scripting: successfully reloaded assembly
- Finished resetting the current domain, in  1.365 seconds
Domain Reload Profiling: 2638ms
	BeginReloadAssembly (432ms)
		DisableScriptedObjects (31ms)
		CreateAndSetChildDomain (101ms)
	RebuildCommonClasses (24ms)
	RebuildNativeTypeToScriptingClass (33ms)
	initialDomainReloadingComplete (103ms)
	LoadAllAssembliesAndSetupDomain (680ms)
		LoadAssemblies (552ms)
		TypeCache.Refresh (10ms)
		AnalyzeDomain (14ms)
			ResolveRequiredComponents (8ms)
	FinalizeReload (1367ms)
		SetupLoadedEditorAssemblies (0ms)
			LogAssemblyErrors (7ms)
			InitializePlatformSupportModulesInManaged (5ms)
			BeforeProcessingInitializeOnLoad (238ms)
			ProcessInitializeOnLoadAttributes (453ms)
			ProcessInitializeOnLoadMethodAttributes (185ms)
			AfterProcessingInitializeOnLoad (11ms)
			EditorAssembliesLoaded (3ms)
		AwakeInstancesAfterBackupRestoration (45ms)
Refreshing native plugins compatible for Editor in 3.66 ms, found 5 plugins.
Unloading 24 Unused Serialized files (Serialized files now loaded: 0)
Unloading 6986 unused Assets / (6.1 MB). Loaded Objects now: 7996.
Memory consumption went from 426.0 MB to 420.0 MB.
Total: 14.897200 ms (FindLiveObjects: 1.445900 ms CreateObjectMapping: 0.681200 ms MarkObjects: 10.067100 ms  DeleteObjects: 2.386400 ms)

Prepare: number of updated asset objects reloaded= 0
========================================================================
Received Prepare
AcceleratorClientConnectionCallback - disconnected - :0
[Licensing::Client] Successfully resolved entitlement details
Begin MonoManager ReloadAssembly
'Packages/com.unity.render-pipelines.core/Editor/Deprecated.cs' contains partial class of Unity.Object, exactly 1 of the partial classes needs to be in a file with the same filename. This is to know the one that can be referenced from ie. GameObjects
'Packages/com.unity.render-pipelines.core/Editor/Deprecated.cs' contains partial class of Unity.Object, exactly 1 of the partial classes needs to be in a file with the same filename. This is to know the one that can be referenced from ie. GameObjects
Refreshing native plugins compatible for Editor in 2.94 ms, found 5 plugins.
Native extension for WindowsStandalone target not found
Native extension for WebGL target not found
[Package Manager] Failed to launch server process. Reason: Unity was launched with the -noUpm command-line argument
[Package Manager] Unable to send message (not connected to server process).
[Package Manager] Cannot connect to Unity Package Manager local server
[Package Manager] Failed to launch server process. Reason: Unity was launched with the -noUpm command-line argument
[Package Manager] Unable to send message (not connected to server process).
[Package Manager] Cannot connect to Unity Package Manager local server
ScheduleIndexationOnStartup MainProcess:False IndexOnStartup:True
Scripting: successfully reloaded assembly
- Finished resetting the current domain, in  1.244 seconds
Domain Reload Profiling: 2487ms
	BeginReloadAssembly (414ms)
		DisableScriptedObjects (32ms)
		CreateAndSetChildDomain (94ms)
	RebuildCommonClasses (15ms)
	RebuildNativeTypeToScriptingClass (30ms)
	initialDomainReloadingComplete (91ms)
	LoadAllAssembliesAndSetupDomain (691ms)
		LoadAssemblies (532ms)
		TypeCache.Refresh (11ms)
		AnalyzeDomain (15ms)
			ResolveRequiredComponents (10ms)
	FinalizeReload (1245ms)
		SetupLoadedEditorAssemblies (0ms)
			LogAssemblyErrors (5ms)
			InitializePlatformSupportModulesInManaged (3ms)
			BeforeProcessingInitializeOnLoad (196ms)
			ProcessInitializeOnLoadAttributes (403ms)
			ProcessInitializeOnLoadMethodAttributes (166ms)
			AfterProcessingInitializeOnLoad (13ms)
			EditorAssembliesLoaded (3ms)
		AwakeInstancesAfterBackupRestoration (40ms)
Refreshing native plugins compatible for Editor in 3.56 ms, found 5 plugins.
Unloading 24 Unused Serialized files (Serialized files now loaded: 0)
Unloading 6986 unused Assets / (5.7 MB). Loaded Objects now: 7999.
Memory consumption went from 431.6 MB to 425.9 MB.
Total: 13.802200 ms (FindLiveObjects: 2.750000 ms CreateObjectMapping: 0.554500 ms MarkObjects: 7.684200 ms  DeleteObjects: 2.287600 ms)

Prepare: number of updated asset objects reloaded= 0
========================================================================
Received Prepare
AcceleratorClientConnectionCallback - disconnected - :0
[Licensing::Client] Successfully resolved entitlement details
Begin MonoManager ReloadAssembly
'Packages/com.unity.render-pipelines.core/Editor/Deprecated.cs' contains partial class of Unity.Object, exactly 1 of the partial classes needs to be in a file with the same filename. This is to know the one that can be referenced from ie. GameObjects
'Packages/com.unity.render-pipelines.core/Editor/Deprecated.cs' contains partial class of Unity.Object, exactly 1 of the partial classes needs to be in a file with the same filename. This is to know the one that can be referenced from ie. GameObjects
Refreshing native plugins compatible for Editor in 2.50 ms, found 5 plugins.
Native extension for WindowsStandalone target not found
Native extension for WebGL target not found
[Package Manager] Failed to launch server process. Reason: Unity was launched with the -noUpm command-line argument
[Package Manager] Unable to send message (not connected to server process).
[Package Manager] Cannot connect to Unity Package Manager local server
[Package Manager] Failed to launch server process. Reason: Unity was launched with the -noUpm command-line argument
[Package Manager] Unable to send message (not connected to server process).
[Package Manager] Cannot connect to Unity Package Manager local server
ScheduleIndexationOnStartup MainProcess:False IndexOnStartup:True
Scripting: successfully reloaded assembly
- Finished resetting the current domain, in  1.373 seconds
Domain Reload Profiling: 2700ms
	BeginReloadAssembly (490ms)
		DisableScriptedObjects (36ms)
		CreateAndSetChildDomain (114ms)
	RebuildCommonClasses (18ms)
	RebuildNativeTypeToScriptingClass (36ms)
	initialDomainReloadingComplete (98ms)
	LoadAllAssembliesAndSetupDomain (683ms)
		LoadAssemblies (590ms)
		TypeCache.Refresh (10ms)
		AnalyzeDomain (13ms)
			ResolveRequiredComponents (9ms)
	FinalizeReload (1375ms)
		SetupLoadedEditorAssemblies (0ms)
			LogAssemblyErrors (6ms)
			InitializePlatformSupportModulesInManaged (4ms)
			BeforeProcessingInitializeOnLoad (230ms)
			ProcessInitializeOnLoadAttributes (447ms)
			ProcessInitializeOnLoadMethodAttributes (187ms)
			AfterProcessingInitializeOnLoad (11ms)
			EditorAssembliesLoaded (3ms)
		AwakeInstancesAfterBackupRestoration (44ms)
Refreshing native plugins compatible for Editor in 3.00 ms, found 5 plugins.
Unloading 24 Unused Serialized files (Serialized files now loaded: 0)
Unloading 6986 unused Assets / (6.5 MB). Loaded Objects now: 8002.
Memory consumption went from 437.2 MB to 430.7 MB.
Total: 13.480800 ms (FindLiveObjects: 1.465400 ms CreateObjectMapping: 0.690500 ms MarkObjects: 8.976200 ms  DeleteObjects: 2.014100 ms)

Prepare: number of updated asset objects reloaded= 0
========================================================================
Received Prepare
AcceleratorClientConnectionCallback - disconnected - :0
Refreshing native plugins compatible for Editor in 5.14 ms, found 5 plugins.
Unloading 24 Unused Serialized files (Serialized files now loaded: 0)
Unloading 24 unused Assets / (3.0 MB). Loaded Objects now: 8002.
Memory consumption went from 435.4 MB to 432.4 MB.
Total: 17.821100 ms (FindLiveObjects: 1.740200 ms CreateObjectMapping: 0.399100 ms MarkObjects: 14.328500 ms  DeleteObjects: 1.045400 ms)

Prepare: number of updated asset objects reloaded= 0
========================================================================
Received Prepare
AcceleratorClientConnectionCallback - disconnected - :0
[Licensing::Client] Successfully resolved entitlement details
Begin MonoManager ReloadAssembly
'Packages/com.unity.render-pipelines.core/Editor/Deprecated.cs' contains partial class of Unity.Object, exactly 1 of the partial classes needs to be in a file with the same filename. This is to know the one that can be referenced from ie. GameObjects
'Packages/com.unity.render-pipelines.core/Editor/Deprecated.cs' contains partial class of Unity.Object, exactly 1 of the partial classes needs to be in a file with the same filename. This is to know the one that can be referenced from ie. GameObjects
Refreshing native plugins compatible for Editor in 2.87 ms, found 5 plugins.
Native extension for WindowsStandalone target not found
Native extension for WebGL target not found
[Package Manager] Failed to launch server process. Reason: Unity was launched with the -noUpm command-line argument
[Package Manager] Unable to send message (not connected to server process).
[Package Manager] Cannot connect to Unity Package Manager local server
[Package Manager] Failed to launch server process. Reason: Unity was launched with the -noUpm command-line argument
[Package Manager] Unable to send message (not connected to server process).
[Package Manager] Cannot connect to Unity Package Manager local server
ScheduleIndexationOnStartup MainProcess:False IndexOnStartup:True
Scripting: successfully reloaded assembly
- Finished resetting the current domain, in  1.226 seconds
Domain Reload Profiling: 2541ms
	BeginReloadAssembly (406ms)
		DisableScriptedObjects (33ms)
		CreateAndSetChildDomain (91ms)
	RebuildCommonClasses (16ms)
	RebuildNativeTypeToScriptingClass (32ms)
	initialDomainReloadingComplete (108ms)
	LoadAllAssembliesAndSetupDomain (751ms)
		LoadAssemblies (573ms)
		TypeCache.Refresh (16ms)
		AnalyzeDomain (15ms)
			ResolveRequiredComponents (10ms)
	FinalizeReload (1228ms)
		SetupLoadedEditorAssemblies (0ms)
			LogAssemblyErrors (6ms)
			InitializePlatformSupportModulesInManaged (4ms)
			BeforeProcessingInitializeOnLoad (208ms)
			ProcessInitializeOnLoadAttributes (385ms)
			ProcessInitializeOnLoadMethodAttributes (156ms)
			AfterProcessingInitializeOnLoad (11ms)
			EditorAssembliesLoaded (3ms)
		AwakeInstancesAfterBackupRestoration (39ms)
Refreshing native plugins compatible for Editor in 4.09 ms, found 5 plugins.
Unloading 24 Unused Serialized files (Serialized files now loaded: 0)
Unloading 6986 unused Assets / (6.6 MB). Loaded Objects now: 8005.
Memory consumption went from 446.0 MB to 439.4 MB.
Total: 16.937000 ms (FindLiveObjects: 1.560400 ms CreateObjectMapping: 0.702100 ms MarkObjects: 10.790600 ms  DeleteObjects: 3.438500 ms)

Prepare: number of updated asset objects reloaded= 0
========================================================================
Received Prepare
AcceleratorClientConnectionCallback - disconnected - :0
Begin MonoManager ReloadAssembly
'Packages/com.unity.render-pipelines.core/Editor/Deprecated.cs' contains partial class of Unity.Object, exactly 1 of the partial classes needs to be in a file with the same filename. This is to know the one that can be referenced from ie. GameObjects
'Packages/com.unity.render-pipelines.core/Editor/Deprecated.cs' contains partial class of Unity.Object, exactly 1 of the partial classes needs to be in a file with the same filename. This is to know the one that can be referenced from ie. GameObjects
Refreshing native plugins compatible for Editor in 2.73 ms, found 5 plugins.
Native extension for WindowsStandalone target not found
Native extension for WebGL target not found
[Package Manager] Failed to launch server process. Reason: Unity was launched with the -noUpm command-line argument
[Package Manager] Unable to send message (not connected to server process).
[Package Manager] Cannot connect to Unity Package Manager local server
[Package Manager] Failed to launch server process. Reason: Unity was launched with the -noUpm command-line argument
[Package Manager] Unable to send message (not connected to server process).
[Package Manager] Cannot connect to Unity Package Manager local server
ScheduleIndexationOnStartup MainProcess:False IndexOnStartup:True
Scripting: successfully reloaded assembly
- Finished resetting the current domain, in  1.316 seconds
Domain Reload Profiling: 2602ms
	BeginReloadAssembly (438ms)
		DisableScriptedObjects (32ms)
		CreateAndSetChildDomain (105ms)
	RebuildCommonClasses (16ms)
	RebuildNativeTypeToScriptingClass (28ms)
	initialDomainReloadingComplete (104ms)
	LoadAllAssembliesAndSetupDomain (699ms)
		LoadAssemblies (535ms)
		TypeCache.Refresh (13ms)
		AnalyzeDomain (13ms)
			ResolveRequiredComponents (9ms)
	FinalizeReload (1317ms)
		SetupLoadedEditorAssemblies (0ms)
			LogAssemblyErrors (5ms)
			InitializePlatformSupportModulesInManaged (4ms)
			BeforeProcessingInitializeOnLoad (235ms)
			ProcessInitializeOnLoadAttributes (444ms)
			ProcessInitializeOnLoadMethodAttributes (160ms)
			AfterProcessingInitializeOnLoad (12ms)
		AwakeInstancesAfterBackupRestoration (39ms)
Refreshing native plugins compatible for Editor in 4.48 ms, found 5 plugins.
Unloading 24 Unused Serialized files (Serialized files now loaded: 0)
Unloading 6986 unused Assets / (6.9 MB). Loaded Objects now: 8008.
Memory consumption went from 451.6 MB to 444.8 MB.
Total: 13.823200 ms (FindLiveObjects: 1.341300 ms CreateObjectMapping: 0.401800 ms MarkObjects: 9.182500 ms  DeleteObjects: 2.580200 ms)

Prepare: number of updated asset objects reloaded= 0
========================================================================
Received Prepare
AcceleratorClientConnectionCallback - disconnected - :0
[Licensing::Client] Successfully resolved entitlement details
Begin MonoManager ReloadAssembly
'Packages/com.unity.render-pipelines.core/Editor/Deprecated.cs' contains partial class of Unity.Object, exactly 1 of the partial classes needs to be in a file with the same filename. This is to know the one that can be referenced from ie. GameObjects
'Packages/com.unity.render-pipelines.core/Editor/Deprecated.cs' contains partial class of Unity.Object, exactly 1 of the partial classes needs to be in a file with the same filename. This is to know the one that can be referenced from ie. GameObjects
Refreshing native plugins compatible for Editor in 3.44 ms, found 5 plugins.
Native extension for WindowsStandalone target not found
Native extension for WebGL target not found
[Package Manager] Failed to launch server process. Reason: Unity was launched with the -noUpm command-line argument
[Package Manager] Unable to send message (not connected to server process).
[Package Manager] Cannot connect to Unity Package Manager local server
[Package Manager] Failed to launch server process. Reason: Unity was launched with the -noUpm command-line argument
[Package Manager] Unable to send message (not connected to server process).
[Package Manager] Cannot connect to Unity Package Manager local server
ScheduleIndexationOnStartup MainProcess:False IndexOnStartup:True
Scripting: successfully reloaded assembly
- Finished resetting the current domain, in  1.240 seconds
Domain Reload Profiling: 2552ms
	BeginReloadAssembly (416ms)
		DisableScriptedObjects (31ms)
		CreateAndSetChildDomain (96ms)
	RebuildCommonClasses (15ms)
	RebuildNativeTypeToScriptingClass (28ms)
	initialDomainReloadingComplete (94ms)
	LoadAllAssembliesAndSetupDomain (758ms)
		LoadAssemblies (572ms)
		TypeCache.Refresh (13ms)
		AnalyzeDomain (18ms)
			ResolveRequiredComponents (10ms)
	FinalizeReload (1241ms)
		SetupLoadedEditorAssemblies (0ms)
			LogAssemblyErrors (7ms)
			InitializePlatformSupportModulesInManaged (4ms)
			BeforeProcessingInitializeOnLoad (221ms)
			ProcessInitializeOnLoadAttributes (411ms)
			ProcessInitializeOnLoadMethodAttributes (147ms)
			AfterProcessingInitializeOnLoad (10ms)
		AwakeInstancesAfterBackupRestoration (35ms)
Refreshing native plugins compatible for Editor in 3.66 ms, found 5 plugins.
Unloading 24 Unused Serialized files (Serialized files now loaded: 0)
Unloading 6986 unused Assets / (7.3 MB). Loaded Objects now: 8011.
Memory consumption went from 457.4 MB to 450.1 MB.
Total: 15.630500 ms (FindLiveObjects: 1.412300 ms CreateObjectMapping: 0.490700 ms MarkObjects: 10.281000 ms  DeleteObjects: 3.122900 ms)

Prepare: number of updated asset objects reloaded= 0
========================================================================
Received Import Request.
  Time of request: 2026-09-30T10:20:55.3697724Z
  Time since last request: 2654.18882859999985 seconds.
  importAddress: GUID: 48e93eef0688c4a259cb0eddcd8661f7 - Path: Packages/com.unity.2d.sprite/Editor/ObjectMenuCreation/DefaultAssets/Textures/Square.png - Importer: PreviewImporter
Importing 'GUID: 48e93eef0688c4a259cb0eddcd8661f7 - Path: Packages/com.unity.2d.sprite/Editor/ObjectMenuCreation/DefaultAssets/Textures/Square.png - Importer: PreviewImporter' with importer (PreviewImporter)
Imported 'GUID: 48e93eef0688c4a259cb0eddcd8661f7' -> (Import Result ID: '529e8d01ae594abba2c818bc169c9f6e') in 0.398 seconds [static and dynamic dependencies]. Details - ImportResultOutputID=aa2efad45cb0a828eb71c611d8cd0b86 DependenciesID=26342fc21598ee6f316c6b98cd109241 StaticDependenciesID=404f592e30912e54b2e5130e3e74219e 
Number of updated asset objects reloaded before import = 0
Number of asset objects unloaded after import = 3
========================================================================
Received Import Request.
  Time of request: 2026-09-30T10:20:55.8005877Z
  Time since last request: 0.0001114 seconds.
  importAddress: GUID: 8bdd64764208642f9adc3509ebbe41a3 - Path: Packages/com.unity.2d.common/Path/Editor/Handles/TangentBrokenPro.png - Importer: PreviewImporter
Importing 'GUID: 8bdd64764208642f9adc3509ebbe41a3 - Path: Packages/com.unity.2d.common/Path/Editor/Handles/TangentBrokenPro.png - Importer: PreviewImporter' with importer (PreviewImporter)
Imported 'GUID: 8bdd64764208642f9adc3509ebbe41a3' -> (Import Result ID: '10acd2b7eb52afb95af7195da64a5465') in 0.013 seconds [static and dynamic dependencies]. Details - ImportResultOutputID=255dba8ff939dbe064c712549952af0f DependenciesID=039b729bdc5bd677b199218fd43dd1f6 StaticDependenciesID=1e73696622e79ad9db7981ec637300bd 
Number of updated asset objects reloaded before import = 0
Number of asset objects unloaded after import = 3
========================================================================
Received Import Request.
  Time of request: 2026-09-30T10:20:56.3366636Z
  Time since last request: 0.4984013 seconds.
  importAddress: GUID: 25c4e987877a046bd994284ffeabc78b - Path: Packages/com.unity.2d.common/Path/Editor/Handles/TangentContinuousPro.png - Importer: PreviewImporter
Importing 'GUID: 25c4e987877a046bd994284ffeabc78b - Path: Packages/com.unity.2d.common/Path/Editor/Handles/TangentContinuousPro.png - Importer: PreviewImporter' with importer (PreviewImporter)
Imported 'GUID: 25c4e987877a046bd994284ffeabc78b' -> (Import Result ID: '640d6f478f0ccdea87ea112dc82a6610') in 0.010 seconds [static and dynamic dependencies]. Details - ImportResultOutputID=1087266fa35240ea382c0a69962e8501 DependenciesID=fd1d7fb380ef35326e003be08fa64bc2 StaticDependenciesID=4c01970791656fc6858dc24db9a9d29f 
Number of updated asset objects reloaded before import = 0
Number of asset objects unloaded after import = 3
========================================================================
Received Import Request.
  Time of request: 2026-09-30T10:20:56.3804637Z
  Time since last request: 0.0012909 seconds.
  importAddress: GUID: abbc28ff73b72b1438f893d41ca52fb0 - Path: Packages/com.unity.2d.tilemap/Editor/Icons/Tilemap.ActiveTargetLayers.png - Importer: PreviewImporter
Importing 'GUID: abbc28ff73b72b1438f893d41ca52fb0 - Path: Packages/com.unity.2d.tilemap/Editor/Icons/Tilemap.ActiveTargetLayers.png - Importer: PreviewImporter' with importer (PreviewImporter)
Imported 'GUID: abbc28ff73b72b1438f893d41ca52fb0' -> (Import Result ID: 'f0d76de16716b94b9d2db10cae3d7aa3') in 0.013 seconds [static and dynamic dependencies]. Details - ImportResultOutputID=b81db5816728200b932fc62948355af5 DependenciesID=a90398aa27adc8250574c1492c37c0a4 StaticDependenciesID=3a5568ec2ea3a19944d26d303858dede 
Number of updated asset objects reloaded before import = 0
Number of asset objects unloaded after import = 3
========================================================================
Received Import Request.
  Time of request: 2026-09-30T10:20:56.4148644Z
  Time since last request: 0.0005448 seconds.
  importAddress: GUID: ce315ea6e6e86a740b10e02dda0d0e9c - Path: Packages/com.unity.2d.tilemap/Editor/Icons/Tilemap.ActiveTargetLayers@4x.png - Importer: PreviewImporter
Importing 'GUID: ce315ea6e6e86a740b10e02dda0d0e9c - Path: Packages/com.unity.2d.tilemap/Editor/Icons/Tilemap.ActiveTargetLayers@4x.png - Importer: PreviewImporter' with importer (PreviewImporter)
Imported 'GUID: ce315ea6e6e86a740b10e02dda0d0e9c' -> (Import Result ID: '7dc6e4808523cc2b8b8b6e2bc1e21571') in 0.011 seconds [static and dynamic dependencies]. Details - ImportResultOutputID=03ee45dc34e23b7d55de371990699182 DependenciesID=2338c556ddccd40d1a3e20a9b52efc43 StaticDependenciesID=2d4c5bec9613ac724027fec760ff0e8c 
Number of updated asset objects reloaded before import = 0
Number of asset objects unloaded after import = 3
========================================================================
Received Import Request.
  Time of request: 2026-09-30T10:20:56.4479993Z
  Time since last request: 0.0009085 seconds.
  importAddress: GUID: f708c0da8a2b5fc4381f7f8d4a322a0a - Path: Packages/com.unity.2d.tilemap/Editor/Icons/Tilemap.ActiveTargetLayers@2x.png - Importer: PreviewImporter
Importing 'GUID: f708c0da8a2b5fc4381f7f8d4a322a0a - Path: Packages/com.unity.2d.tilemap/Editor/Icons/Tilemap.ActiveTargetLayers@2x.png - Importer: PreviewImporter' with importer (PreviewImporter)
Imported 'GUID: f708c0da8a2b5fc4381f7f8d4a322a0a' -> (Import Result ID: '4660719ad4d5348fd1dfbb208cfdab96') in 0.010 seconds [static and dynamic dependencies]. Details - ImportResultOutputID=cca0165b864c55ce63e6f85dc8e5f0ba DependenciesID=c5435a7520f28dbfeac1a8117e59a371 StaticDependenciesID=4878d0afc50958b64313f4f1e9f9fe89 
Number of updated asset objects reloaded before import = 0
Number of asset objects unloaded after import = 3
========================================================================
Received Import Request.
  Time of request: 2026-09-30T10:20:56.5748453Z
  Time since last request: 0.0930713 seconds.
  importAddress: GUID: 45612d93bb71d8f48bb1dba4b0f5caac - Path: Packages/com.unity.2d.tilemap/Editor/Icons/Tilemap.BrushPicks@4x.png - Importer: PreviewImporter
Importing 'GUID: 45612d93bb71d8f48bb1dba4b0f5caac - Path: Packages/com.unity.2d.tilemap/Editor/Icons/Tilemap.BrushPicks@4x.png - Importer: PreviewImporter' with importer (PreviewImporter)
Imported 'GUID: 45612d93bb71d8f48bb1dba4b0f5caac' -> (Import Result ID: 'dc6d86213c4ea3a83f06ebbd908c291e') in 0.017 seconds [static and dynamic dependencies]. Details - ImportResultOutputID=77c157cb990c4750950ad3ae528ffe82 DependenciesID=637216130695ce10088e4ae9d59396a1 StaticDependenciesID=9af060326b5708dbd9e7bf88cd3a1b30 
Number of updated asset objects reloaded before import = 0
Number of asset objects unloaded after import = 3
========================================================================
Received Import Request.
  Time of request: 2026-09-30T10:20:57.0173965Z
  Time since last request: 0.4045331 seconds.
  importAddress: GUID: 47500a6fba22d6849a3f9335aa198ba5 - Path: Packages/com.unity.2d.tilemap/Editor/Icons/Tilemap.BrushSettings@2x.png - Importer: PreviewImporter
Importing 'GUID: 47500a6fba22d6849a3f9335aa198ba5 - Path: Packages/com.unity.2d.tilemap/Editor/Icons/Tilemap.BrushSettings@2x.png - Importer: PreviewImporter' with importer (PreviewImporter)
Imported 'GUID: 47500a6fba22d6849a3f9335aa198ba5' -> (Import Result ID: 'e88621bb5114ccb6c8d243c21291eacd') in 0.019 seconds [static and dynamic dependencies]. Details - ImportResultOutputID=2abdcc714ed5a739fedb531aa28c6bd4 DependenciesID=a3575b5a56b54156a5fe83c5d7e60f20 StaticDependenciesID=e145838462928490f672a657fede31b9 
Number of updated asset objects reloaded before import = 0
Number of asset objects unloaded after import = 3
========================================================================
Received Import Request.
  Time of request: 2026-09-30T10:20:57.0999403Z
  Time since last request: 0.040756 seconds.
  importAddress: GUID: 7c2b4a813c92040a1a863d4ea635121d - Path: Packages/com.unity.2d.tilemap/Editor/Icons/Tilemap.CustomBrush@2x.png - Importer: PreviewImporter
Importing 'GUID: 7c2b4a813c92040a1a863d4ea635121d - Path: Packages/com.unity.2d.tilemap/Editor/Icons/Tilemap.CustomBrush@2x.png - Importer: PreviewImporter' with importer (PreviewImporter)
Imported 'GUID: 7c2b4a813c92040a1a863d4ea635121d' -> (Import Result ID: 'ffac98bae5def260b93e78dc18f22489') in 0.013 seconds [static and dynamic dependencies]. Details - ImportResultOutputID=d612e10abbf2b6699cf837ca962e3dea DependenciesID=c299b8b30f5fc8d118f1b10b38302d92 StaticDependenciesID=8d393ebfcdf767a4b5a37a3fbeb9c3b6 
Number of updated asset objects reloaded before import = 0
Number of asset objects unloaded after import = 3
========================================================================
Received Import Request.
  Time of request: 2026-09-30T10:20:57.1350396Z
  Time since last request: 0.001557 seconds.
  importAddress: GUID: 579a0b120b7d2401b87c032fa708f3db - Path: Packages/com.unity.2d.tilemap/Editor/Icons/Tilemap.CustomBrush.png - Importer: PreviewImporter
Importing 'GUID: 579a0b120b7d2401b87c032fa708f3db - Path: Packages/com.unity.2d.tilemap/Editor/Icons/Tilemap.CustomBrush.png - Importer: PreviewImporter' with importer (PreviewImporter)
Imported 'GUID: 579a0b120b7d2401b87c032fa708f3db' -> (Import Result ID: 'e056424ec268adf474c755ac0b899f72') in 0.013 seconds [static and dynamic dependencies]. Details - ImportResultOutputID=24f183e180fbe2610efb047166d5e207 DependenciesID=40f43aefdd1d270d6a5319db511de21f StaticDependenciesID=be15074236c2cc910ef049368937ae55 
Number of updated asset objects reloaded before import = 0
Number of asset objects unloaded after import = 3
========================================================================
Received Import Request.
  Time of request: 2026-09-30T10:20:57.4407236Z
  Time since last request: 0.2640179 seconds.
  importAddress: GUID: 6ccf4234805f2d049a6869c33213ff65 - Path: Packages/com.unity.2d.tilemap/Editor/Icons/Tilemap.DefaultBrush@4x.png - Importer: PreviewImporter
Importing 'GUID: 6ccf4234805f2d049a6869c33213ff65 - Path: Packages/com.unity.2d.tilemap/Editor/Icons/Tilemap.DefaultBrush@4x.png - Importer: PreviewImporter' with importer (PreviewImporter)
Imported 'GUID: 6ccf4234805f2d049a6869c33213ff65' -> (Import Result ID: 'aaf2ca1aeeb52b75a9c8ba16e95a5ee3') in 0.015 seconds [static and dynamic dependencies]. Details - ImportResultOutputID=a4556a2a334b70daa4ee74a300981831 DependenciesID=729762b5d8c8d6e7e69029cec240518a StaticDependenciesID=39d8fc657c6f46acc87a6ce9052b3648 
Number of updated asset objects reloaded before import = 0
Number of asset objects unloaded after import = 3
========================================================================
Received Import Request.
  Time of request: 2026-09-30T10:20:57.4772451Z
  Time since last request: 0.0014083 seconds.
  importAddress: GUID: 13c8bd32c985e204eafd19f6360119db - Path: Packages/com.unity.2d.tilemap/Editor/Icons/Tilemap.EditPalette@2x.png - Importer: PreviewImporter
Importing 'GUID: 13c8bd32c985e204eafd19f6360119db - Path: Packages/com.unity.2d.tilemap/Editor/Icons/Tilemap.EditPalette@2x.png - Importer: PreviewImporter' with importer (PreviewImporter)
Imported 'GUID: 13c8bd32c985e204eafd19f6360119db' -> (Import Result ID: 'c47e6ba05aad25104832ed5553d584b9') in 0.013 seconds [static and dynamic dependencies]. Details - ImportResultOutputID=271037f091e45793227ebe5af5df3d81 DependenciesID=799aa8c9d7caaa9259eb4c4b4b5923d0 StaticDependenciesID=e3ad2a90c2505ad9a05abd169eb812f1 
Number of updated asset objects reloaded before import = 0
Number of asset objects unloaded after import = 3
========================================================================
Received Import Request.
  Time of request: 2026-09-30T10:20:57.5109069Z
  Time since last request: 0.0008427 seconds.
  importAddress: GUID: 72a3c6132d5e2ae48a1df56cfebbc7c2 - Path: Packages/com.unity.2d.tilemap/Editor/Icons/Tilemap.EditPalette@4x.png - Importer: PreviewImporter
Importing 'GUID: 72a3c6132d5e2ae48a1df56cfebbc7c2 - Path: Packages/com.unity.2d.tilemap/Editor/Icons/Tilemap.EditPalette@4x.png - Importer: PreviewImporter' with importer (PreviewImporter)
Imported 'GUID: 72a3c6132d5e2ae48a1df56cfebbc7c2' -> (Import Result ID: '6a68e1a651d47f6561effcac8ac2b670') in 0.010 seconds [static and dynamic dependencies]. Details - ImportResultOutputID=95a517a8be0390b57999447e36346b60 DependenciesID=f9c8c190be24d9f7303c41684e8bcb45 StaticDependenciesID=e633b2b96a655d4a1ef8d3b5359287f1 
Number of updated asset objects reloaded before import = 0
Number of asset objects unloaded after import = 3
========================================================================
Received Import Request.
  Time of request: 2026-09-30T10:20:57.5419297Z
  Time since last request: 0.0004339 seconds.
  importAddress: GUID: 929e44994130ee644ac47965b289aec4 - Path: Packages/com.unity.2d.tilemap/Editor/Icons/Tilemap.FocusGrid@2x.png - Importer: PreviewImporter
Importing 'GUID: 929e44994130ee644ac47965b289aec4 - Path: Packages/com.unity.2d.tilemap/Editor/Icons/Tilemap.FocusGrid@2x.png - Importer: PreviewImporter' with importer (PreviewImporter)
Imported 'GUID: 929e44994130ee644ac47965b289aec4' -> (Import Result ID: 'e029091560988fecb06f71adb490af9d') in 0.011 seconds [static and dynamic dependencies]. Details - ImportResultOutputID=c4e6289f1e9a9a18b90b92dc1bc32557 DependenciesID=456cb7b951a856b721b47a4b41c28e1c StaticDependenciesID=bcdd1ea036f04c7489e32fa128b252b1 
Number of updated asset objects reloaded before import = 0
Number of asset objects unloaded after import = 3
========================================================================
Received Import Request.
  Time of request: 2026-09-30T10:20:57.5726722Z
  Time since last request: 0.0011353 seconds.
  importAddress: GUID: f8e27d22a910edd4e9b6791a887aa9e1 - Path: Packages/com.unity.2d.tilemap/Editor/Icons/Tilemap.FocusNone@2x.png - Importer: PreviewImporter
Importing 'GUID: f8e27d22a910edd4e9b6791a887aa9e1 - Path: Packages/com.unity.2d.tilemap/Editor/Icons/Tilemap.FocusNone@2x.png - Importer: PreviewImporter' with importer (PreviewImporter)
Imported 'GUID: f8e27d22a910edd4e9b6791a887aa9e1' -> (Import Result ID: '00046c0327766ee22e06c144d6e0e0cc') in 0.014 seconds [static and dynamic dependencies]. Details - ImportResultOutputID=52dcd4dbb5af26722f769dc5b801a073 DependenciesID=97193126616a0ce4a1647dd9a403fe2e StaticDependenciesID=be13513d586766dd5f0feb9a77550170 
Number of updated asset objects reloaded before import = 0
Number of asset objects unloaded after import = 3
========================================================================
Received Import Request.
  Time of request: 2026-09-30T10:20:57.639546Z
  Time since last request: 0.0335824 seconds.
  importAddress: GUID: 534112f711642464e8a5b9b5ea20e941 - Path: Packages/com.unity.2d.tilemap/Editor/Icons/Tilemap.FocusTilemap.png - Importer: PreviewImporter
Importing 'GUID: 534112f711642464e8a5b9b5ea20e941 - Path: Packages/com.unity.2d.tilemap/Editor/Icons/Tilemap.FocusTilemap.png - Importer: PreviewImporter' with importer (PreviewImporter)
Imported 'GUID: 534112f711642464e8a5b9b5ea20e941' -> (Import Result ID: '5b2ef4e8e497bd3a77f8521a9d4392c0') in 0.014 seconds [static and dynamic dependencies]. Details - ImportResultOutputID=d62f03eb0f2aa59e0d4c82eacd71e044 DependenciesID=5f7f259e200fc063a945528293894f73 StaticDependenciesID=f16753ef14155c03fed289d089440e6d 
Number of updated asset objects reloaded before import = 0
Number of asset objects unloaded after import = 3
========================================================================
Received Import Request.
  Time of request: 2026-09-30T10:20:57.750078Z
  Time since last request: 0.076812 seconds.
  importAddress: GUID: 7360ac83b6bff7149836a436a4920d53 - Path: Packages/com.unity.2d.tilemap/Editor/Icons/Tilemap.FocusTilemap@4x.png - Importer: PreviewImporter
Importing 'GUID: 7360ac83b6bff7149836a436a4920d53 - Path: Packages/com.unity.2d.tilemap/Editor/Icons/Tilemap.FocusTilemap@4x.png - Importer: PreviewImporter' with importer (PreviewImporter)
Imported 'GUID: 7360ac83b6bff7149836a436a4920d53' -> (Import Result ID: '46100b658fdc2a22df55935395046e83') in 0.012 seconds [static and dynamic dependencies]. Details - ImportResultOutputID=594ca23d88d8248ff5ee916d4cd0cd10 DependenciesID=1fdf594648e5dce2746e36342a5da5d8 StaticDependenciesID=4c53f415583f3e3b420fa7b3b5983b83 
Number of updated asset objects reloaded before import = 0
Number of asset objects unloaded after import = 3
========================================================================
Received Import Request.
  Time of request: 2026-09-30T10:20:58.0490219Z
  Time since last request: 0.2626395 seconds.
  importAddress: GUID: 42fb19d14e266e4409770bbcdbc6a1e5 - Path: Packages/com.unity.2d.tilemap/Editor/Icons/Tilemap.GridPaint@2x.png - Importer: PreviewImporter
Importing 'GUID: 42fb19d14e266e4409770bbcdbc6a1e5 - Path: Packages/com.unity.2d.tilemap/Editor/Icons/Tilemap.GridPaint@2x.png - Importer: PreviewImporter' with importer (PreviewImporter)
Imported 'GUID: 42fb19d14e266e4409770bbcdbc6a1e5' -> (Import Result ID: 'c4f6b93f232cd4bcb1ebd585d88f5da9') in 0.014 seconds [static and dynamic dependencies]. Details - ImportResultOutputID=cc1596d428bc13fc493b1fa2b0dd18bf DependenciesID=eefb0ab3fa81fc523a6b31b74989135e StaticDependenciesID=f8b13a3ace9a980782acc80708ea9a1b 
Number of updated asset objects reloaded before import = 0
Number of asset objects unloaded after import = 3
========================================================================
Received Import Request.
  Time of request: 2026-09-30T10:20:58.0855538Z
  Time since last request: 0.0009422 seconds.
  importAddress: GUID: 63154732be07c2242a369890e0f80a72 - Path: Packages/com.unity.2d.tilemap/Editor/Icons/Tilemap.ShowGrid.png - Importer: PreviewImporter
Importing 'GUID: 63154732be07c2242a369890e0f80a72 - Path: Packages/com.unity.2d.tilemap/Editor/Icons/Tilemap.ShowGrid.png - Importer: PreviewImporter' with importer (PreviewImporter)
Imported 'GUID: 63154732be07c2242a369890e0f80a72' -> (Import Result ID: '8a778eaf9dcabf8bb2536c1e9050604e') in 0.016 seconds [static and dynamic dependencies]. Details - ImportResultOutputID=a342f2c824f5bacee5e19588e029b998 DependenciesID=9a453dbac2ada8dbcfea1effbb011b04 StaticDependenciesID=4a75694f6875e5156e2c8dcbada411cd 
Number of updated asset objects reloaded before import = 0
Number of asset objects unloaded after import = 3
========================================================================
Received Import Request.
  Time of request: 2026-09-30T10:20:58.1229193Z
  Time since last request: 0.0006304 seconds.
  importAddress: GUID: c54623997d885f6499655af6031a3bf9 - Path: Packages/com.unity.2d.tilemap/Editor/Icons/Tilemap.GridPaint@4x.png - Importer: PreviewImporter
Importing 'GUID: c54623997d885f6499655af6031a3bf9 - Path: Packages/com.unity.2d.tilemap/Editor/Icons/Tilemap.GridPaint@4x.png - Importer: PreviewImporter' with importer (PreviewImporter)
Imported 'GUID: c54623997d885f6499655af6031a3bf9' -> (Import Result ID: '056b5bb59bebe2e636de67f9a97a6fb1') in 0.011 seconds [static and dynamic dependencies]. Details - ImportResultOutputID=3a9548f9a96d0e7cbae2cca2fb367bcc DependenciesID=5b21229a96ab3f0a001221d97ae742c7 StaticDependenciesID=9b08c66e8fab1eb7faa6bfa2e4454036 
Number of updated asset objects reloaded before import = 0
Number of asset objects unloaded after import = 3
========================================================================
Received Import Request.
  Time of request: 2026-09-30T10:20:58.1550371Z
  Time since last request: 0.0011478 seconds.
  importAddress: GUID: 5d83937eb3ca95047b4e0e43aac5e962 - Path: Packages/com.unity.2d.tilemap/Editor/Icons/Tilemap.TilePalette@2x.png - Importer: PreviewImporter
Importing 'GUID: 5d83937eb3ca95047b4e0e43aac5e962 - Path: Packages/com.unity.2d.tilemap/Editor/Icons/Tilemap.TilePalette@2x.png - Importer: PreviewImporter' with importer (PreviewImporter)
Imported 'GUID: 5d83937eb3ca95047b4e0e43aac5e962' -> (Import Result ID: '5f9bdec4e7de66a61219b1d80caea320') in 0.013 seconds [static and dynamic dependencies]. Details - ImportResultOutputID=8dc34cdfdf4e37e7a7ec5cbf16d94098 DependenciesID=97574fac511c94af399f8ab221c01594 StaticDependenciesID=5c4cfaf5e4757a9f9bb0b88e21aaa852 
Number of updated asset objects reloaded before import = 0
Number of asset objects unloaded after import = 3
========================================================================
Received Import Request.
  Time of request: 2026-09-30T10:20:58.1868679Z
  Time since last request: 0.0003949 seconds.
  importAddress: GUID: c38f3750be35041e49ae9b5125209bb1 - Path: Packages/com.unity.2d.animation/Editor/Assets/EditorIcons/ViewToolZoom@2x.png - Importer: PreviewImporter
Importing 'GUID: c38f3750be35041e49ae9b5125209bb1 - Path: Packages/com.unity.2d.animation/Editor/Assets/EditorIcons/ViewToolZoom@2x.png - Importer: PreviewImporter' with importer (PreviewImporter)
Imported 'GUID: c38f3750be35041e49ae9b5125209bb1' -> (Import Result ID: '9c6ed1f503ffb676f541aa63f10db069') in 0.009 seconds [static and dynamic dependencies]. Details - ImportResultOutputID=9755f34b9f2118754c5093c66862cc66 DependenciesID=065da50baf266c3a603b2d5abaf76544 StaticDependenciesID=0f5103435ea6f8926336fdb54ad65c25 
Number of updated asset objects reloaded before import = 0
Number of asset objects unloaded after import = 3
========================================================================
Received Import Request.
  Time of request: 2026-09-30T10:20:58.2180058Z
  Time since last request: 0.0008984 seconds.
  importAddress: GUID: f6d23106ef95d476889330aede914e93 - Path: Packages/com.unity.2d.animation/Editor/Assets/EditorIcons/True.png - Importer: PreviewImporter
Importing 'GUID: f6d23106ef95d476889330aede914e93 - Path: Packages/com.unity.2d.animation/Editor/Assets/EditorIcons/True.png - Importer: PreviewImporter' with importer (PreviewImporter)
Imported 'GUID: f6d23106ef95d476889330aede914e93' -> (Import Result ID: '3e2bcf1d20f41f3aa110daabea96465d') in 0.013 seconds [static and dynamic dependencies]. Details - ImportResultOutputID=12a5296327129165c2a27315c5e56569 DependenciesID=744cdffd26e2b65d017ea3603e104e64 StaticDependenciesID=848678fe3d1295c6da2b9b57b3ac4730 
Number of updated asset objects reloaded before import = 0
Number of asset objects unloaded after import = 3
========================================================================
Received Import Request.
  Time of request: 2026-09-30T10:20:58.2545794Z
  Time since last request: 0.0006883 seconds.
  importAddress: GUID: 89930da27dfbbc64ba1f3baf0ae416bb - Path: Packages/com.unity.2d.animation/Editor/Assets/EditorIcons/Visibility_Hidded@3x.png - Importer: PreviewImporter
Importing 'GUID: 89930da27dfbbc64ba1f3baf0ae416bb - Path: Packages/com.unity.2d.animation/Editor/Assets/EditorIcons/Visibility_Hidded@3x.png - Importer: PreviewImporter' with importer (PreviewImporter)
Imported 'GUID: 89930da27dfbbc64ba1f3baf0ae416bb' -> (Import Result ID: '7fcaf0d143e5a2a9ad4b13b63108c18b') in 0.013 seconds [static and dynamic dependencies]. Details - ImportResultOutputID=dde4af0e47595f333d8ab061131754d6 DependenciesID=96f710cf5c57e40e6a3e0572df52b3dd StaticDependenciesID=1bc3e5c5259a4f3519be1d2fae6379ec 
Number of updated asset objects reloaded before import = 0
Number of asset objects unloaded after import = 3
========================================================================
Received Import Request.
  Time of request: 2026-09-30T10:20:58.2873214Z
  Time since last request: 0.0003993 seconds.
  importAddress: GUID: f469f8253737d534ca7809ae6f0d2422 - Path: Packages/com.unity.2d.animation/Editor/Assets/EditorIcons/Visibility_Hidded@4x.png - Importer: PreviewImporter
Importing 'GUID: f469f8253737d534ca7809ae6f0d2422 - Path: Packages/com.unity.2d.animation/Editor/Assets/EditorIcons/Visibility_Hidded@4x.png - Importer: PreviewImporter' with importer (PreviewImporter)
Imported 'GUID: f469f8253737d534ca7809ae6f0d2422' -> (Import Result ID: '66e9064ee4713ea3d03ee34a22202642') in 0.009 seconds [static and dynamic dependencies]. Details - ImportResultOutputID=91ff8910d663e6ff3513feda0162ae79 DependenciesID=091078d07d3bac69dfe5b65df0221d24 StaticDependenciesID=1c323bea5539c5d086f2a1d581a3c618 
Number of updated asset objects reloaded before import = 0
Number of asset objects unloaded after import = 3
========================================================================
Received Import Request.
  Time of request: 2026-09-30T10:20:58.3180555Z
  Time since last request: 0.0007918 seconds.
  importAddress: GUID: a605ef4315d43d6438e211f589d2df38 - Path: Packages/com.unity.2d.tilemap/Editor/Icons/Tilemap.TilePalette.png - Importer: PreviewImporter
Importing 'GUID: a605ef4315d43d6438e211f589d2df38 - Path: Packages/com.unity.2d.tilemap/Editor/Icons/Tilemap.TilePalette.png - Importer: PreviewImporter' with importer (PreviewImporter)
Imported 'GUID: a605ef4315d43d6438e211f589d2df38' -> (Import Result ID: '1fa8cfa1c5ad254b91db1b62ec2bbb81') in 0.012 seconds [static and dynamic dependencies]. Details - ImportResultOutputID=aaaf09c673d39f94d42215ed99c62c70 DependenciesID=c6d81b23698e3ff82177dcbd04e2a879 StaticDependenciesID=d505470fa8d5f8924d204d3d9b3b9598 
Number of updated asset objects reloaded before import = 0
Number of asset objects unloaded after import = 3
========================================================================
Received Import Request.
  Time of request: 2026-09-30T10:20:58.3517229Z
  Time since last request: 0.0007188 seconds.
  importAddress: GUID: 4c4d94ae492994f0ba16cfc5fe59c37d - Path: Packages/com.unity.2d.animation/Editor/Assets/EditorIcons/True@2x.png - Importer: PreviewImporter
Importing 'GUID: 4c4d94ae492994f0ba16cfc5fe59c37d - Path: Packages/com.unity.2d.animation/Editor/Assets/EditorIcons/True@2x.png - Importer: PreviewImporter' with importer (PreviewImporter)
Imported 'GUID: 4c4d94ae492994f0ba16cfc5fe59c37d' -> (Import Result ID: '7843314f644ca32e77a29006f5285e7c') in 0.013 seconds [static and dynamic dependencies]. Details - ImportResultOutputID=77c1070177252cc72bd5baa3f0251e74 DependenciesID=d65d665412b5011a7492f87dea2d0ece StaticDependenciesID=1fdff8b3b9ee306d3d423b91192afd5a 
Number of updated asset objects reloaded before import = 0
Number of asset objects unloaded after import = 3
========================================================================
Received Import Request.
  Time of request: 2026-09-30T10:20:58.3869601Z
  Time since last request: 0.0005579 seconds.
  importAddress: GUID: dd38aab6bbddeac40adba20eae9ab5e9 - Path: Assets/brackeys_platformer_assets/sprites/slime_green.png - Importer: PreviewImporter
Importing 'GUID: dd38aab6bbddeac40adba20eae9ab5e9 - Path: Assets/brackeys_platformer_assets/sprites/slime_green.png - Importer: PreviewImporter' with importer (PreviewImporter)
Imported 'GUID: dd38aab6bbddeac40adba20eae9ab5e9' -> (Import Result ID: '08c2392a1a79c3650d1a96bb4c0c1ad7') in 0.065 seconds [static and dynamic dependencies]. Details - ImportResultOutputID=25f98384ce3e106a82974abcc240f248 DependenciesID=daae6a98c3f355f716848b2e7b8d8afc StaticDependenciesID=d0f3695805911b2f53b9145578ecf6fe 
Number of updated asset objects reloaded before import = 0
Number of asset objects unloaded after import = 14
========================================================================
Received Import Request.
  Time of request: 2026-09-30T10:20:58.4727238Z
  Time since last request: 0.0002738 seconds.
  importAddress: GUID: d88e25b75a7927f4683afb6c74b05a08 - Path: Packages/com.unity.2d.tilemap/Editor/Icons/Tilemap.ShowTilePalette@2x.png - Importer: PreviewImporter
Importing 'GUID: d88e25b75a7927f4683afb6c74b05a08 - Path: Packages/com.unity.2d.tilemap/Editor/Icons/Tilemap.ShowTilePalette@2x.png - Importer: PreviewImporter' with importer (PreviewImporter)
Imported 'GUID: d88e25b75a7927f4683afb6c74b05a08' -> (Import Result ID: 'd55ca65d38192e6b0c9862bc93c64db1') in 0.013 seconds [static and dynamic dependencies]. Details - ImportResultOutputID=ae9515cc877475093d2c781622ea618f DependenciesID=f8bac68da6759c355898cc310c3b08df StaticDependenciesID=23c978b42ac27c8791286538843ae709 
Number of updated asset objects reloaded before import = 0
Number of asset objects unloaded after import = 3
========================================================================
Received Import Request.
  Time of request: 2026-09-30T10:20:58.5174744Z
  Time since last request: 0.0139612 seconds.
  importAddress: GUID: a316f87205656c949a135f4c7ae8d5f2 - Path: Packages/com.unity.2d.animation/Editor/Assets/EditorIcons/Parent_Bone@3x.png - Importer: PreviewImporter
Importing 'GUID: a316f87205656c949a135f4c7ae8d5f2 - Path: Packages/com.unity.2d.animation/Editor/Assets/EditorIcons/Parent_Bone@3x.png - Importer: PreviewImporter' with importer (PreviewImporter)
Imported 'GUID: a316f87205656c949a135f4c7ae8d5f2' -> (Import Result ID: '50f3ca24b35ccc3c235b8dd512db19f3') in 0.011 seconds [static and dynamic dependencies]. Details - ImportResultOutputID=df87b42c2b6b3ceb388a85f21532431c DependenciesID=d259214c6efccc4b977f751145d259dd StaticDependenciesID=4b9906160a4bc818870bd964ef9a99fb 
Number of updated asset objects reloaded before import = 0
Number of asset objects unloaded after import = 3
========================================================================
Received Import Request.
  Time of request: 2026-09-30T10:20:58.5466377Z
  Time since last request: 0.0005171 seconds.
  importAddress: GUID: d0604e80537a4ff4881a6182ae5afe7c - Path: Packages/com.unity.2d.animation/Editor/Assets/EditorIcons/Parent_Bone@4x.png - Importer: PreviewImporter
Importing 'GUID: d0604e80537a4ff4881a6182ae5afe7c - Path: Packages/com.unity.2d.animation/Editor/Assets/EditorIcons/Parent_Bone@4x.png - Importer: PreviewImporter' with importer (PreviewImporter)
Imported 'GUID: d0604e80537a4ff4881a6182ae5afe7c' -> (Import Result ID: '50d76f98efcff0e566ef5bd814e94548') in 0.013 seconds [static and dynamic dependencies]. Details - ImportResultOutputID=9b89cf7ba7f53c6db5b9560c165f1bb0 DependenciesID=d8bfc95c887cb08b88bb3daae837b483 StaticDependenciesID=103a8bccecaa9d66c733a1d03523b53a 
Number of updated asset objects reloaded before import = 0
Number of asset objects unloaded after import = 3
========================================================================
Received Import Request.
  Time of request: 2026-09-30T10:20:58.5784964Z
  Time since last request: 0.0008267 seconds.
  importAddress: GUID: 50eb3d76f731b5e46a7b8a0a52d93ef9 - Path: Packages/com.unity.2d.animation/Editor/Assets/EditorIcons/Selected/Paste.png - Importer: PreviewImporter
Importing 'GUID: 50eb3d76f731b5e46a7b8a0a52d93ef9 - Path: Packages/com.unity.2d.animation/Editor/Assets/EditorIcons/Selected/Paste.png - Importer: PreviewImporter' with importer (PreviewImporter)
Imported 'GUID: 50eb3d76f731b5e46a7b8a0a52d93ef9' -> (Import Result ID: 'b1372754974f549c4ecb63a627a34834') in 0.015 seconds [static and dynamic dependencies]. Details - ImportResultOutputID=0ef4d2d248ffc5c7984e1856de8267e1 DependenciesID=fa6453411d4df2bfc0c6324b69444abf StaticDependenciesID=14845e4d4a65b9023a34eaf77ce4af74 
Number of updated asset objects reloaded before import = 0
Number of asset objects unloaded after import = 3
========================================================================
Received Import Request.
  Time of request: 2026-09-30T10:20:58.6119477Z
  Time since last request: 0.0011559 seconds.
  importAddress: GUID: bd2c5ec8522954323aba72f213024f60 - Path: Packages/com.unity.2d.psdimporter/Editor/Assets/Icons/Light/Layers Mixed@2x.png - Importer: PreviewImporter
Importing 'GUID: bd2c5ec8522954323aba72f213024f60 - Path: Packages/com.unity.2d.psdimporter/Editor/Assets/Icons/Light/Layers Mixed@2x.png - Importer: PreviewImporter' with importer (PreviewImporter)
Imported 'GUID: bd2c5ec8522954323aba72f213024f60' -> (Import Result ID: '7a975b8e548e718b36d80e56fc2b072d') in 0.009 seconds [static and dynamic dependencies]. Details - ImportResultOutputID=e344805e748eaea4e0874b8ba25cd74f DependenciesID=19271bba389dd00c74f54cd1a120beda StaticDependenciesID=f1641da9c2a66f376d0ebefa0386d883 
Number of updated asset objects reloaded before import = 0
Number of asset objects unloaded after import = 3
========================================================================
Received Import Request.
  Time of request: 2026-09-30T10:20:58.6399284Z
  Time since last request: 0.0002528 seconds.
  importAddress: GUID: f12ec30f9a76d4738bacb26b0c22165d - Path: Packages/com.unity.2d.psdimporter/Editor/Assets/Icons/Dark/Layers Mixed@2x.png - Importer: PreviewImporter
Importing 'GUID: f12ec30f9a76d4738bacb26b0c22165d - Path: Packages/com.unity.2d.psdimporter/Editor/Assets/Icons/Dark/Layers Mixed@2x.png - Importer: PreviewImporter' with importer (PreviewImporter)
Imported 'GUID: f12ec30f9a76d4738bacb26b0c22165d' -> (Import Result ID: '5bb9e48812edc846955db1e48eb126e3') in 0.013 seconds [static and dynamic dependencies]. Details - ImportResultOutputID=e4134ab1c94b03d3b91668a38e99cf3a DependenciesID=8d86bbba983e95d559109cd1c03b6edc StaticDependenciesID=cbe247529c5e1aa50212088f173ed5d7 
Number of updated asset objects reloaded before import = 0
Number of asset objects unloaded after import = 3
========================================================================
Received Import Request.
  Time of request: 2026-09-30T10:20:58.6715343Z
  Time since last request: 0.0004292 seconds.
  importAddress: GUID: 2870bda067c0e4d58911767e41709dd2 - Path: Packages/com.unity.2d.psdimporter/Editor/Assets/Icons/Selected/Layers Collapsed@1x.png - Importer: PreviewImporter
Importing 'GUID: 2870bda067c0e4d58911767e41709dd2 - Path: Packages/com.unity.2d.psdimporter/Editor/Assets/Icons/Selected/Layers Collapsed@1x.png - Importer: PreviewImporter' with importer (PreviewImporter)
Imported 'GUID: 2870bda067c0e4d58911767e41709dd2' -> (Import Result ID: 'bc46c258ddc67107340e809da12102d3') in 0.012 seconds [static and dynamic dependencies]. Details - ImportResultOutputID=0f8834f220117b9b403d1f59c4b4c5b9 DependenciesID=ff78ac5e085ad297764c2a23efc0ff9b StaticDependenciesID=d9bf3fa84852a63b686bc7bfba5a7611 
Number of updated asset objects reloaded before import = 0
Number of asset objects unloaded after import = 3
========================================================================
Received Import Request.
  Time of request: 2026-09-30T10:20:58.7044066Z
  Time since last request: 0.0004996 seconds.
  importAddress: GUID: d7b52ee143e0c4bf09d482ec22428db2 - Path: Packages/com.unity.2d.psdimporter/Editor/Assets/Icons/Selected/Layers Mixed@2x.png - Importer: PreviewImporter
Importing 'GUID: d7b52ee143e0c4bf09d482ec22428db2 - Path: Packages/com.unity.2d.psdimporter/Editor/Assets/Icons/Selected/Layers Mixed@2x.png - Importer: PreviewImporter' with importer (PreviewImporter)
Imported 'GUID: d7b52ee143e0c4bf09d482ec22428db2' -> (Import Result ID: '0c47a8141d6b937060c57ab247993e77') in 0.012 seconds [static and dynamic dependencies]. Details - ImportResultOutputID=247c353a7b47664868da234966a8c0b4 DependenciesID=d1e9d67351783fe2808596e48f720895 StaticDependenciesID=5dc8e2adf629e829e304744c6dd9d30e 
Number of updated asset objects reloaded before import = 0
Number of asset objects unloaded after import = 3
========================================================================
Received Import Request.
  Time of request: 2026-09-30T10:20:58.7376307Z
  Time since last request: 0.0006601 seconds.
  importAddress: GUID: ca9343b72095cb846be99d76d069dfc0 - Path: Packages/com.unity.collab-proxy/Editor/Assets/Images/iconinfobellnotification.png - Importer: PreviewImporter
Importing 'GUID: ca9343b72095cb846be99d76d069dfc0 - Path: Packages/com.unity.collab-proxy/Editor/Assets/Images/iconinfobellnotification.png - Importer: PreviewImporter' with importer (PreviewImporter)
Imported 'GUID: ca9343b72095cb846be99d76d069dfc0' -> (Import Result ID: 'bb4e9674d917eb5dcbd7157ad30aecaf') in 0.014 seconds [static and dynamic dependencies]. Details - ImportResultOutputID=6c3451c8e8588df155397c29b9c3fb0e DependenciesID=192561eeef8fff336e6ed9001eb85cc4 StaticDependenciesID=f94a5e87967f213068eb50a9545b59b1 
Number of updated asset objects reloaded before import = 0
Number of asset objects unloaded after import = 3
========================================================================
Received Import Request.
  Time of request: 2026-09-30T10:20:58.7732547Z
  Time since last request: 0.0008394 seconds.
  importAddress: GUID: c8396bd7e257d6b4b8d1d72fdb7a2684 - Path: Packages/com.unity.collab-proxy/Editor/Assets/Images/iconlabel@2x.png - Importer: PreviewImporter
Importing 'GUID: c8396bd7e257d6b4b8d1d72fdb7a2684 - Path: Packages/com.unity.collab-proxy/Editor/Assets/Images/iconlabel@2x.png - Importer: PreviewImporter' with importer (PreviewImporter)
Imported 'GUID: c8396bd7e257d6b4b8d1d72fdb7a2684' -> (Import Result ID: 'e2ed6f055f404c1ee9b2e2030170a2ab') in 0.010 seconds [static and dynamic dependencies]. Details - ImportResultOutputID=85f8c72450920038859cdccdfaa3fe76 DependenciesID=86e1f27d3b197f63b102beded4a04e26 StaticDependenciesID=8579d517f3508bf7bff0d85ed0332fc7 
Number of updated asset objects reloaded before import = 0
Number of asset objects unloaded after import = 3
========================================================================
Received Import Request.
  Time of request: 2026-09-30T10:20:58.8050022Z
  Time since last request: 0.0012595 seconds.
  importAddress: GUID: 0ff35d4ec6d381941bdbe1fb4b6dbceb - Path: Packages/com.unity.collab-proxy/Editor/Assets/Images/iconclipboard@2x.png - Importer: PreviewImporter
Importing 'GUID: 0ff35d4ec6d381941bdbe1fb4b6dbceb - Path: Packages/com.unity.collab-proxy/Editor/Assets/Images/iconclipboard@2x.png - Importer: PreviewImporter' with importer (PreviewImporter)
Imported 'GUID: 0ff35d4ec6d381941bdbe1fb4b6dbceb' -> (Import Result ID: 'aa3517d2a2e08011b852d1648a2c44d5') in 0.014 seconds [static and dynamic dependencies]. Details - ImportResultOutputID=93d5fad7eab22bb35eab3f1ec01c8bf9 DependenciesID=925a3ca96a0701c931e39f789127aa68 StaticDependenciesID=dcc8a6e9b0b9d245d0feb5fe77208958 
Number of updated asset objects reloaded before import = 0
Number of asset objects unloaded after import = 3
========================================================================
Received Import Request.
  Time of request: 2026-09-30T10:20:58.8391294Z
  Time since last request: 0.0005602 seconds.
  importAddress: GUID: 503a763cc33a6854c86d736c5dd2515c - Path: Packages/com.unity.collab-proxy/Editor/Assets/Images/iconconflictedoverlay.png - Importer: PreviewImporter
Importing 'GUID: 503a763cc33a6854c86d736c5dd2515c - Path: Packages/com.unity.collab-proxy/Editor/Assets/Images/iconconflictedoverlay.png - Importer: PreviewImporter' with importer (PreviewImporter)
Imported 'GUID: 503a763cc33a6854c86d736c5dd2515c' -> (Import Result ID: '5fe07253de4c5ce9dbf46d9424112127') in 0.011 seconds [static and dynamic dependencies]. Details - ImportResultOutputID=3725df223f3d230f048d3cc017884b73 DependenciesID=e05a3e9205c15867945d47a87954c77a StaticDependenciesID=0028ddadf347c4c41f516f0c5f002d36 
Number of updated asset objects reloaded before import = 0
Number of asset objects unloaded after import = 3
========================================================================
Received Import Request.
  Time of request: 2026-09-30T10:20:58.8707076Z
  Time since last request: 0.0006041 seconds.
  importAddress: GUID: 3492e9eb6292141eb942d0c9beface29 - Path: Packages/com.unity.2d.psdimporter/Editor/Assets/Icons/Selected/Layers Mixed@8x.png - Importer: PreviewImporter
Importing 'GUID: 3492e9eb6292141eb942d0c9beface29 - Path: Packages/com.unity.2d.psdimporter/Editor/Assets/Icons/Selected/Layers Mixed@8x.png - Importer: PreviewImporter' with importer (PreviewImporter)
Imported 'GUID: 3492e9eb6292141eb942d0c9beface29' -> (Import Result ID: 'd45aa36aa1de97cb6eb7f238ae7a1b62') in 0.012 seconds [static and dynamic dependencies]. Details - ImportResultOutputID=2313e796f19455dce5d1a0d8d13f2922 DependenciesID=667566ffd931243c207169ddb87d2997 StaticDependenciesID=3d6bdec38eb8f114908b6b9852f5709c 
Number of updated asset objects reloaded before import = 0
Number of asset objects unloaded after import = 3
========================================================================
Received Import Request.
  Time of request: 2026-09-30T10:20:58.9054747Z
  Time since last request: 0.000286 seconds.
  importAddress: GUID: 5aa8b770bc43046bc8d993d0d5b7f4a5 - Path: Packages/com.unity.2d.sprite/Editor/ObjectMenuCreation/DefaultAssets/Textures/v2/HexagonPointTop.png - Importer: PreviewImporter
Importing 'GUID: 5aa8b770bc43046bc8d993d0d5b7f4a5 - Path: Packages/com.unity.2d.sprite/Editor/ObjectMenuCreation/DefaultAssets/Textures/v2/HexagonPointTop.png - Importer: PreviewImporter' with importer (PreviewImporter)
Imported 'GUID: 5aa8b770bc43046bc8d993d0d5b7f4a5' -> (Import Result ID: '28eee1fd6e623023140ec540b01690ba') in 0.015 seconds [static and dynamic dependencies]. Details - ImportResultOutputID=7c9d9644fb4669922df257c116636388 DependenciesID=bcd21aebc5caf8fe8b9303ca997e7df0 StaticDependenciesID=a67a9ee041a99bf6654d49bb8de70445 
Number of updated asset objects reloaded before import = 0
Number of asset objects unloaded after import = 3
========================================================================
Received Import Request.
  Time of request: 2026-09-30T10:20:58.940517Z
  Time since last request: 0.0003577 seconds.
  importAddress: GUID: 4b2a04fdbe0ef4d8da8f90eaca817cd1 - Path: Packages/com.unity.2d.sprite/Editor/ObjectMenuCreation/DefaultAssets/Textures/HexagonPointTopWithBorder.png - Importer: PreviewImporter
Importing 'GUID: 4b2a04fdbe0ef4d8da8f90eaca817cd1 - Path: Packages/com.unity.2d.sprite/Editor/ObjectMenuCreation/DefaultAssets/Textures/HexagonPointTopWithBorder.png - Importer: PreviewImporter' with importer (PreviewImporter)
Imported 'GUID: 4b2a04fdbe0ef4d8da8f90eaca817cd1' -> (Import Result ID: 'b17dbbb252ae4cb42cf16bd233233b84') in 0.016 seconds [static and dynamic dependencies]. Details - ImportResultOutputID=9fe71a9953755369b7c9a19e5cdf315b DependenciesID=662724284e6791c07d7da3a68fdabac3 StaticDependenciesID=4bb9ed6e82ac09f91b144b44cf785309 
Number of updated asset objects reloaded before import = 0
Number of asset objects unloaded after import = 3
========================================================================
Received Import Request.
  Time of request: 2026-09-30T10:20:58.9753455Z
  Time since last request: 0.0004748 seconds.
  importAddress: GUID: dc4d4d6503a044f85bf2b8b356dfb738 - Path: Packages/com.unity.2d.psdimporter/Editor/Assets/Icons/Light/Layers Collapsed@2x.png - Importer: PreviewImporter
Importing 'GUID: dc4d4d6503a044f85bf2b8b356dfb738 - Path: Packages/com.unity.2d.psdimporter/Editor/Assets/Icons/Light/Layers Collapsed@2x.png - Importer: PreviewImporter' with importer (PreviewImporter)
Imported 'GUID: dc4d4d6503a044f85bf2b8b356dfb738' -> (Import Result ID: '6df8af04bde60786c2e30d97e80dc886') in 0.012 seconds [static and dynamic dependencies]. Details - ImportResultOutputID=6465eb21deee38c12fdc31902b95573c DependenciesID=8421fc4663cba45c0b83981debaf16d2 StaticDependenciesID=c3aab81fc8b3df705b51961324b4436b 
Number of updated asset objects reloaded before import = 0
Number of asset objects unloaded after import = 3
========================================================================
Received Import Request.
  Time of request: 2026-09-30T10:20:59.0071902Z
  Time since last request: 0.0004171 seconds.
  importAddress: GUID: 229870d327005574fb840c2dd8050ec6 - Path: Packages/com.unity.collab-proxy/Editor/Assets/Images/iconclouddriveview.png - Importer: PreviewImporter
Importing 'GUID: 229870d327005574fb840c2dd8050ec6 - Path: Packages/com.unity.collab-proxy/Editor/Assets/Images/iconclouddriveview.png - Importer: PreviewImporter' with importer (PreviewImporter)
Imported 'GUID: 229870d327005574fb840c2dd8050ec6' -> (Import Result ID: '65ae64b87c6c90b13d68d29266aa7c40') in 0.054 seconds [static and dynamic dependencies]. Details - ImportResultOutputID=54caa9be667e1ba3690a7b2e34a6c951 DependenciesID=76f712d8d17b64e85069a0e7e3bc2851 StaticDependenciesID=2e5053e62e830f4db43a9380ebe5e456 
Number of updated asset objects reloaded before import = 0
Number of asset objects unloaded after import = 3
========================================================================
Received Import Request.
  Time of request: 2026-09-30T10:20:59.0820168Z
  Time since last request: 0.0006109 seconds.
  importAddress: GUID: 6d3f95684dd634b18aa9ab45b3e06cfd - Path: Packages/com.unity.collab-proxy/Editor/Assets/Images/iconlock.png - Importer: PreviewImporter
Importing 'GUID: 6d3f95684dd634b18aa9ab45b3e06cfd - Path: Packages/com.unity.collab-proxy/Editor/Assets/Images/iconlock.png - Importer: PreviewImporter' with importer (PreviewImporter)
Imported 'GUID: 6d3f95684dd634b18aa9ab45b3e06cfd' -> (Import Result ID: 'a6c5a9b43da195bdbbbaa893594c9562') in 0.013 seconds [static and dynamic dependencies]. Details - ImportResultOutputID=6d97c91e0b49a10b8f3127f7f89dace2 DependenciesID=c54364cc3ec92c893fb57e3c0bcd1eb7 StaticDependenciesID=8b2edce82b757590e7aa61be82cd12d5 
Number of updated asset objects reloaded before import = 0
Number of asset objects unloaded after import = 3
========================================================================
Received Import Request.
  Time of request: 2026-09-30T10:20:59.1173399Z
  Time since last request: 0.0005009 seconds.
  importAddress: GUID: 68f1f3aed86c64050b0c1e343c604868 - Path: Packages/com.unity.2d.psdimporter/Editor/Assets/Icons/Dark/Layers Mixed@4x.png - Importer: PreviewImporter
Importing 'GUID: 68f1f3aed86c64050b0c1e343c604868 - Path: Packages/com.unity.2d.psdimporter/Editor/Assets/Icons/Dark/Layers Mixed@4x.png - Importer: PreviewImporter' with importer (PreviewImporter)
Imported 'GUID: 68f1f3aed86c64050b0c1e343c604868' -> (Import Result ID: '45b1f338c497c097db3ea29b0161f4dc') in 0.010 seconds [static and dynamic dependencies]. Details - ImportResultOutputID=77838b143ace19da9c788bd131d0d746 DependenciesID=9a71359a9107b7aee52c43e0b231278f StaticDependenciesID=47e4caefe6027a7176d255bac168b8ff 
Number of updated asset objects reloaded before import = 0
Number of asset objects unloaded after import = 3
========================================================================
Received Import Request.
  Time of request: 2026-09-30T10:20:59.1516322Z
  Time since last request: 0.0003418 seconds.
  importAddress: GUID: 259fe6e49c74eb143a9fc88f6bd3f050 - Path: Packages/com.unity.collab-proxy/Editor/Assets/Images/iconclouddriveview@2x.png - Importer: PreviewImporter
Importing 'GUID: 259fe6e49c74eb143a9fc88f6bd3f050 - Path: Packages/com.unity.collab-proxy/Editor/Assets/Images/iconclouddriveview@2x.png - Importer: PreviewImporter' with importer (PreviewImporter)
Imported 'GUID: 259fe6e49c74eb143a9fc88f6bd3f050' -> (Import Result ID: '8bb1fa3adcbc7681aa9c54d742de67ac') in 0.010 seconds [static and dynamic dependencies]. Details - ImportResultOutputID=b0ab649c70b77ce04ccf9ae2085db1a6 DependenciesID=bdea091a4babcbfc9c131821ca91d837 StaticDependenciesID=2268bf5100181f6560fc5b1014fb4345 
Number of updated asset objects reloaded before import = 0
Number of asset objects unloaded after import = 3
========================================================================
Received Import Request.
  Time of request: 2026-09-30T10:20:59.1816275Z
  Time since last request: 0.0004176 seconds.
  importAddress: GUID: fea4bd4d5cc294ea59798fa81207b6d9 - Path: Packages/com.unity.collab-proxy/Editor/Assets/Images/iconclosebutton@2x.png - Importer: PreviewImporter
Importing 'GUID: fea4bd4d5cc294ea59798fa81207b6d9 - Path: Packages/com.unity.collab-proxy/Editor/Assets/Images/iconclosebutton@2x.png - Importer: PreviewImporter' with importer (PreviewImporter)
Imported 'GUID: fea4bd4d5cc294ea59798fa81207b6d9' -> (Import Result ID: 'a30c46bc6846cf130c4755f90a271a3b') in 0.010 seconds [static and dynamic dependencies]. Details - ImportResultOutputID=16c4379811be7124a506f6cfa123dd3e DependenciesID=e60adf86be65e1fc2b0ae5565ca008ca StaticDependenciesID=ed01d66c4ccc1f54abbf427869028a18 
Number of updated asset objects reloaded before import = 0
Number of asset objects unloaded after import = 3
========================================================================
Received Import Request.
  Time of request: 2026-09-30T10:20:59.2126212Z
  Time since last request: 0.0003646 seconds.
  importAddress: GUID: 94cc0d3ec6363a94c8802f10ef239744 - Path: Packages/com.unity.2d.animation/Editor/Assets/EditorIcons/Paste.png - Importer: PreviewImporter
Importing 'GUID: 94cc0d3ec6363a94c8802f10ef239744 - Path: Packages/com.unity.2d.animation/Editor/Assets/EditorIcons/Paste.png - Importer: PreviewImporter' with importer (PreviewImporter)
Imported 'GUID: 94cc0d3ec6363a94c8802f10ef239744' -> (Import Result ID: '369ef6e691f0c973269c3edd1dc3cfda') in 0.013 seconds [static and dynamic dependencies]. Details - ImportResultOutputID=17045ed46fa94dba78b52ebaad1c0d20 DependenciesID=c202d7513f6f3340118b5239cfb9ae0f StaticDependenciesID=c29021ac2aaffe7602005c0d87789702 
Number of updated asset objects reloaded before import = 0
Number of asset objects unloaded after import = 3
========================================================================
Received Import Request.
  Time of request: 2026-09-30T10:20:59.2484986Z
  Time since last request: 0.0004372 seconds.
  importAddress: GUID: 28df830b98d0a3f44b58e73d78060ab0 - Path: Packages/com.unity.2d.tilemap/Editor/Icons/Grid.RotateACW.png - Importer: PreviewImporter
Importing 'GUID: 28df830b98d0a3f44b58e73d78060ab0 - Path: Packages/com.unity.2d.tilemap/Editor/Icons/Grid.RotateACW.png - Importer: PreviewImporter' with importer (PreviewImporter)
Imported 'GUID: 28df830b98d0a3f44b58e73d78060ab0' -> (Import Result ID: 'bc336d2333169db9b6be87aaab1e341e') in 0.026 seconds [static and dynamic dependencies]. Details - ImportResultOutputID=1f27b8b50ae580675cedb32de663a14a DependenciesID=16591c711a496c3474dd1d46a8de466b StaticDependenciesID=e6e90ca3375f2338dc18010de98eeb1b 
Number of updated asset objects reloaded before import = 0
Number of asset objects unloaded after import = 3
========================================================================
Received Import Request.
  Time of request: 2026-09-30T10:20:59.2987988Z
  Time since last request: 0.0005526 seconds.
  importAddress: GUID: ed5ce024c84dbdb42ac5037d03e7c039 - Path: Packages/com.unity.2d.animation/Editor/Assets/EditorIcons/Generate_Weights@3x.png - Importer: PreviewImporter
Importing 'GUID: ed5ce024c84dbdb42ac5037d03e7c039 - Path: Packages/com.unity.2d.animation/Editor/Assets/EditorIcons/Generate_Weights@3x.png - Importer: PreviewImporter' with importer (PreviewImporter)
Imported 'GUID: ed5ce024c84dbdb42ac5037d03e7c039' -> (Import Result ID: '74b679a295fdd487fb0cab56b173579d') in 0.016 seconds [static and dynamic dependencies]. Details - ImportResultOutputID=db02aba5fbd9afac8b16b2f87a69a762 DependenciesID=ae3294f2f27b2471f2f6e5670d33aa66 StaticDependenciesID=30481dc2ccabcda02fd69e86158223d3 
Number of updated asset objects reloaded before import = 0
Number of asset objects unloaded after import = 3
========================================================================
Received Import Request.
  Time of request: 2026-09-30T10:20:59.3360639Z
  Time since last request: 0.0004921 seconds.
  importAddress: GUID: e25f34c849d45714e86b14d3afbb763e - Path: Packages/com.unity.2d.tilemap/Editor/Icons/Grid.RotateCW.png - Importer: PreviewImporter
Importing 'GUID: e25f34c849d45714e86b14d3afbb763e - Path: Packages/com.unity.2d.tilemap/Editor/Icons/Grid.RotateCW.png - Importer: PreviewImporter' with importer (PreviewImporter)
Imported 'GUID: e25f34c849d45714e86b14d3afbb763e' -> (Import Result ID: '467d38216e7b5b6fc07f4c78b8b34bff') in 0.010 seconds [static and dynamic dependencies]. Details - ImportResultOutputID=e036bf95eb1ee790fa9d069833f2dbfc DependenciesID=6f505b82fa755b111ca92567c8b12387 StaticDependenciesID=685dd2836d7621d2b77ed502632f1acb 
Number of updated asset objects reloaded before import = 0
Number of asset objects unloaded after import = 3
========================================================================
Received Import Request.
  Time of request: 2026-09-30T10:20:59.3670357Z
  Time since last request: 0.0004055 seconds.
  importAddress: GUID: 51b8cbcbf34a36243a954f42c5d344fc - Path: Packages/com.unity.2d.tilemap/Editor/Icons/Grid.RotateACW@2x.png - Importer: PreviewImporter
Importing 'GUID: 51b8cbcbf34a36243a954f42c5d344fc - Path: Packages/com.unity.2d.tilemap/Editor/Icons/Grid.RotateACW@2x.png - Importer: PreviewImporter' with importer (PreviewImporter)
Imported 'GUID: 51b8cbcbf34a36243a954f42c5d344fc' -> (Import Result ID: '41e16bb8c43031bb5c8b9bcb640804ef') in 0.009 seconds [static and dynamic dependencies]. Details - ImportResultOutputID=41cad1c5e34dfab495b9edb853bef43d DependenciesID=8658056afce69d01d28d54eb4f93d4f3 StaticDependenciesID=4dba6e22755af4f0f2d17bab9cf6f1b3 
Number of updated asset objects reloaded before import = 0
Number of asset objects unloaded after import = 3
========================================================================
Received Import Request.
  Time of request: 2026-09-30T10:20:59.395413Z
  Time since last request: 0.0007965 seconds.
  importAddress: GUID: 367a9e3649215be42869f99bdeecbab6 - Path: Packages/com.unity.2d.tilemap/Editor/Icons/Grid.FlipX@2x.png - Importer: PreviewImporter
Importing 'GUID: 367a9e3649215be42869f99bdeecbab6 - Path: Packages/com.unity.2d.tilemap/Editor/Icons/Grid.FlipX@2x.png - Importer: PreviewImporter' with importer (PreviewImporter)
Imported 'GUID: 367a9e3649215be42869f99bdeecbab6' -> (Import Result ID: '4ef2e1fd7213686226c991aabb9c36c4') in 0.009 seconds [static and dynamic dependencies]. Details - ImportResultOutputID=65bf4bdc52a2883c293b30f5ee77a1c9 DependenciesID=7458b00a6260cb74c9aec103e7bf1dbe StaticDependenciesID=7c0d4e8f520b28ae21f027141a47c33d 
Number of updated asset objects reloaded before import = 0
Number of asset objects unloaded after import = 3
========================================================================
Received Import Request.
  Time of request: 2026-09-30T10:20:59.4255459Z
  Time since last request: 0.0006496 seconds.
  importAddress: GUID: 6f4409ce938bf9447a36e531f7755ca7 - Path: Packages/com.unity.2d.animation/Editor/Assets/EditorIcons/Selected/Parent_Bone@3x.png - Importer: PreviewImporter
Importing 'GUID: 6f4409ce938bf9447a36e531f7755ca7 - Path: Packages/com.unity.2d.animation/Editor/Assets/EditorIcons/Selected/Parent_Bone@3x.png - Importer: PreviewImporter' with importer (PreviewImporter)
Imported 'GUID: 6f4409ce938bf9447a36e531f7755ca7' -> (Import Result ID: '01b9beb050e896645b26b6d1e4370dd4') in 0.008 seconds [static and dynamic dependencies]. Details - ImportResultOutputID=3d5660a1aa1c7dece660c36a4aeb0430 DependenciesID=51bf03569e2636e1f88528cd2289a0e8 StaticDependenciesID=b4b13aee7429948555919cfe248214de 
Number of updated asset objects reloaded before import = 0
Number of asset objects unloaded after import = 3
========================================================================
Received Import Request.
  Time of request: 2026-09-30T10:20:59.4543487Z
  Time since last request: 0.0009416 seconds.
  importAddress: GUID: 2a807ac042c28e546b9d90048ebbc33f - Path: Packages/com.unity.2d.tilemap/Editor/Icons/Grid.FlipY.png - Importer: PreviewImporter
Importing 'GUID: 2a807ac042c28e546b9d90048ebbc33f - Path: Packages/com.unity.2d.tilemap/Editor/Icons/Grid.FlipY.png - Importer: PreviewImporter' with importer (PreviewImporter)
Imported 'GUID: 2a807ac042c28e546b9d90048ebbc33f' -> (Import Result ID: '1f40bfe35ddbd0bec0472d7ae324e3c2') in 0.010 seconds [static and dynamic dependencies]. Details - ImportResultOutputID=38da940fb026ce9614711b0eabc0b7d2 DependenciesID=89d619b27f67ad67bc470891bbbb9a9f StaticDependenciesID=b562716eef665b21bbfd8e0f34f411e3 
Number of updated asset objects reloaded before import = 0
Number of asset objects unloaded after import = 3
========================================================================
Received Import Request.
  Time of request: 2026-09-30T10:20:59.4843648Z
  Time since last request: 0.0004431 seconds.
  importAddress: GUID: efa87fc6a7693ac48844726c5391e3ab - Path: Packages/com.unity.collab-proxy/Editor/Assets/Images/iconadd@2x.png - Importer: PreviewImporter
Importing 'GUID: efa87fc6a7693ac48844726c5391e3ab - Path: Packages/com.unity.collab-proxy/Editor/Assets/Images/iconadd@2x.png - Importer: PreviewImporter' with importer (PreviewImporter)
Imported 'GUID: efa87fc6a7693ac48844726c5391e3ab' -> (Import Result ID: '87051402164f29ab9d792181a608f309') in 0.010 seconds [static and dynamic dependencies]. Details - ImportResultOutputID=27cbed311109031f636af26bca338862 DependenciesID=93c7d8a4f9416f853d932732e1762eef StaticDependenciesID=57835babfa87080eab97081b8baca6d6 
Number of updated asset objects reloaded before import = 0
Number of asset objects unloaded after import = 3
========================================================================
Received Import Request.
  Time of request: 2026-09-30T10:20:59.5175563Z
  Time since last request: 0.0007334 seconds.
  importAddress: GUID: 03b3f669dc5706a4592344c6385af858 - Path: Packages/com.unity.2d.animation/Editor/Assets/EditorIcons/Selected/Parent_Bone@4x.png - Importer: PreviewImporter
Importing 'GUID: 03b3f669dc5706a4592344c6385af858 - Path: Packages/com.unity.2d.animation/Editor/Assets/EditorIcons/Selected/Parent_Bone@4x.png - Importer: PreviewImporter' with importer (PreviewImporter)
Imported 'GUID: 03b3f669dc5706a4592344c6385af858' -> (Import Result ID: '6e48975cbe8c51598da359117301f813') in 0.011 seconds [static and dynamic dependencies]. Details - ImportResultOutputID=fb37be15000859c2437f26a3815440e5 DependenciesID=2c0f1abeecf15c546b7fded6e9ee642e StaticDependenciesID=35feb74652e5f1625e070b789b532b60 
Number of updated asset objects reloaded before import = 0
Number of asset objects unloaded after import = 3
========================================================================
Received Import Request.
  Time of request: 2026-09-30T10:20:59.5483051Z
  Time since last request: 0.0005189 seconds.
  importAddress: GUID: 32ae70dfad34e4a56a3f40eaf723f739 - Path: Packages/com.unity.2d.psdimporter/Editor/Assets/Icons/Selected/Layers Mixed@4x.png - Importer: PreviewImporter
Importing 'GUID: 32ae70dfad34e4a56a3f40eaf723f739 - Path: Packages/com.unity.2d.psdimporter/Editor/Assets/Icons/Selected/Layers Mixed@4x.png - Importer: PreviewImporter' with importer (PreviewImporter)
Imported 'GUID: 32ae70dfad34e4a56a3f40eaf723f739' -> (Import Result ID: 'e802342f53501b7794b22832a31fea2b') in 0.009 seconds [static and dynamic dependencies]. Details - ImportResultOutputID=112a299fdb51422ae437d4e650168539 DependenciesID=7fd8c63939862f9234819f5e3b5a7c48 StaticDependenciesID=726768449827a9c1c2d93365056d074d 
Number of updated asset objects reloaded before import = 0
Number of asset objects unloaded after import = 3
========================================================================
Received Import Request.
  Time of request: 2026-09-30T10:20:59.7508224Z
  Time since last request: 0.1752386 seconds.
  importAddress: GUID: a581ff3810b2e0a4690cddcf7634ed22 - Path: Packages/com.unity.2d.animation/Editor/Assets/EditorIcons/Selected/Generate_Geometry@3x.png - Importer: PreviewImporter
Importing 'GUID: a581ff3810b2e0a4690cddcf7634ed22 - Path: Packages/com.unity.2d.animation/Editor/Assets/EditorIcons/Selected/Generate_Geometry@3x.png - Importer: PreviewImporter' with importer (PreviewImporter)
Imported 'GUID: a581ff3810b2e0a4690cddcf7634ed22' -> (Import Result ID: '770c91039c4860975b129a03b0a2cc01') in 0.014 seconds [static and dynamic dependencies]. Details - ImportResultOutputID=08b12a030ffaef3ddec414186bbbbe47 DependenciesID=a0574994a2eb607dfec3d529e4ad3c3b StaticDependenciesID=94783f106f8da77e0ffdf020c2cd170f 
Number of updated asset objects reloaded before import = 0
Number of asset objects unloaded after import = 3
========================================================================
Received Import Request.
  Time of request: 2026-09-30T10:20:59.7850948Z
  Time since last request: 0.0006886 seconds.
  importAddress: GUID: ef3672bed7321e34da872e8c2e205209 - Path: Packages/com.unity.2d.animation/Editor/Assets/EditorIcons/Generate_Weights@2x.png - Importer: PreviewImporter
Importing 'GUID: ef3672bed7321e34da872e8c2e205209 - Path: Packages/com.unity.2d.animation/Editor/Assets/EditorIcons/Generate_Weights@2x.png - Importer: PreviewImporter' with importer (PreviewImporter)
Imported 'GUID: ef3672bed7321e34da872e8c2e205209' -> (Import Result ID: '9706d4cf7b324d887b787be193138857') in 0.012 seconds [static and dynamic dependencies]. Details - ImportResultOutputID=6684d08dc87e731eb49378f99276fbdf DependenciesID=aa60d13a1d43f09b2386def65a1e472e StaticDependenciesID=ad813b697aaca0d57d608b90fe3d389d 
Number of updated asset objects reloaded before import = 0
Number of asset objects unloaded after import = 3
========================================================================
Received Import Request.
  Time of request: 2026-09-30T10:20:59.8161612Z
  Time since last request: 0.0004788 seconds.
  importAddress: GUID: ae5924760c9fbf54d89df9f13435887e - Path: Packages/com.unity.2d.animation/Editor/Assets/EditorIcons/Generate_Geometry@2x.png - Importer: PreviewImporter
Importing 'GUID: ae5924760c9fbf54d89df9f13435887e - Path: Packages/com.unity.2d.animation/Editor/Assets/EditorIcons/Generate_Geometry@2x.png - Importer: PreviewImporter' with importer (PreviewImporter)
Imported 'GUID: ae5924760c9fbf54d89df9f13435887e' -> (Import Result ID: 'a4adc131d9ce03b7dd093518977bf9d2') in 0.050 seconds [static and dynamic dependencies]. Details - ImportResultOutputID=6a69f8aac2c434ab5ad302a1509f48f9 DependenciesID=ba4ecd1a63a3ea58c9506f66bfc60adb StaticDependenciesID=84a59d19f55644b8aae78499edd414d4 
Number of updated asset objects reloaded before import = 0
Number of asset objects unloaded after import = 3
========================================================================
Received Import Request.
  Time of request: 2026-09-30T10:20:59.8892794Z
  Time since last request: 0.0003984 seconds.
  importAddress: GUID: 114d4aa7bb14433489b942bb28ff6183 - Path: Packages/com.unity.2d.animation/Editor/Assets/EditorIcons/Selected/Generate_Geometry@2x.png - Importer: PreviewImporter
Importing 'GUID: 114d4aa7bb14433489b942bb28ff6183 - Path: Packages/com.unity.2d.animation/Editor/Assets/EditorIcons/Selected/Generate_Geometry@2x.png - Importer: PreviewImporter' with importer (PreviewImporter)
Imported 'GUID: 114d4aa7bb14433489b942bb28ff6183' -> (Import Result ID: '40605e6bf253eda50d847f80491a58fe') in 0.011 seconds [static and dynamic dependencies]. Details - ImportResultOutputID=323a59fb5c01581f57af177c90400663 DependenciesID=b1d5fdc97706e07308afe9d4f1de4b6a StaticDependenciesID=6d09fc002768e95bf7f28b56d53e6d68 
Number of updated asset objects reloaded before import = 0
Number of asset objects unloaded after import = 3
========================================================================
Received Import Request.
  Time of request: 2026-09-30T10:20:59.9194213Z
  Time since last request: 0.0003625 seconds.
  importAddress: GUID: 41842964c48860f46b45e7b3d5986e07 - Path: Packages/com.unity.2d.animation/Editor/Assets/EditorIcons/Selected/Generate_Geometry.png - Importer: PreviewImporter
Importing 'GUID: 41842964c48860f46b45e7b3d5986e07 - Path: Packages/com.unity.2d.animation/Editor/Assets/EditorIcons/Selected/Generate_Geometry.png - Importer: PreviewImporter' with importer (PreviewImporter)
Imported 'GUID: 41842964c48860f46b45e7b3d5986e07' -> (Import Result ID: '9b22f26e53b93130369f25fbe406cb68') in 0.011 seconds [static and dynamic dependencies]. Details - ImportResultOutputID=a98d1fbd20430d6e042fa08dfdc9b11d DependenciesID=996b7bf2d99a914551657652970259b5 StaticDependenciesID=f823819ca1daa16e6d40ac7d6eb45403 
Number of updated asset objects reloaded before import = 0
Number of asset objects unloaded after import = 3
========================================================================
Received Import Request.
  Time of request: 2026-09-30T10:20:59.9504956Z
  Time since last request: 0.0004714 seconds.
  importAddress: GUID: 81b9fd0d26ce94e99b7657816abb5859 - Path: Packages/com.unity.2d.tilemap.extras/Editor/Brushes/GameObjectBrush/GameObjectBrush.png - Importer: PreviewImporter
Importing 'GUID: 81b9fd0d26ce94e99b7657816abb5859 - Path: Packages/com.unity.2d.tilemap.extras/Editor/Brushes/GameObjectBrush/GameObjectBrush.png - Importer: PreviewImporter' with importer (PreviewImporter)
Imported 'GUID: 81b9fd0d26ce94e99b7657816abb5859' -> (Import Result ID: '07d62ced1df29d18b0826f07272e7002') in 0.011 seconds [static and dynamic dependencies]. Details - ImportResultOutputID=dc0bc7c1eed3bac0b38c6be5fa7806ad DependenciesID=3c2c2a89d20930a5559af8e1fe74f400 StaticDependenciesID=c33233d8fac9a51fbdce05f8eae6bd68 
Number of updated asset objects reloaded before import = 0
Number of asset objects unloaded after import = 3
========================================================================
Received Import Request.
  Time of request: 2026-09-30T10:20:59.9835998Z
  Time since last request: 0.0009209 seconds.
  importAddress: GUID: cbef2434b36ff174a98995b13ef80390 - Path: Packages/com.unity.2d.animation/Editor/Assets/EditorIcons/Generate_Geometry.png - Importer: PreviewImporter
Importing 'GUID: cbef2434b36ff174a98995b13ef80390 - Path: Packages/com.unity.2d.animation/Editor/Assets/EditorIcons/Generate_Geometry.png - Importer: PreviewImporter' with importer (PreviewImporter)
Imported 'GUID: cbef2434b36ff174a98995b13ef80390' -> (Import Result ID: '28be227d35489bdf3fa55b924d4962f4') in 0.012 seconds [static and dynamic dependencies]. Details - ImportResultOutputID=05916979cd39460dda36fefef3164aa3 DependenciesID=717a7ced8f83efe9274eefea7f8c3e9b StaticDependenciesID=739bbdf416fd4ec5fffeb1f66ce83248 
Number of updated asset objects reloaded before import = 0
Number of asset objects unloaded after import = 3
========================================================================
Received Import Request.
  Time of request: 2026-09-30T10:21:00.1972354Z
  Time since last request: 0.1812759 seconds.
  importAddress: GUID: 8ebb93c64d7a141569a153a9d4fe9ae2 - Path: Packages/com.unity.collab-proxy/Editor/Assets/Images/exclusionrule.png - Importer: PreviewImporter
Importing 'GUID: 8ebb93c64d7a141569a153a9d4fe9ae2 - Path: Packages/com.unity.collab-proxy/Editor/Assets/Images/exclusionrule.png - Importer: PreviewImporter' with importer (PreviewImporter)
Imported 'GUID: 8ebb93c64d7a141569a153a9d4fe9ae2' -> (Import Result ID: '99511420a19a9dfd46ac96d2696ee21d') in 0.010 seconds [static and dynamic dependencies]. Details - ImportResultOutputID=9b13e319fd9cb52681934944dba50535 DependenciesID=02fe93dd6a03669e718351654a747d32 StaticDependenciesID=e76024bd32a8c7e1af17aef5501b4616 
Number of updated asset objects reloaded before import = 0
Number of asset objects unloaded after import = 3
========================================================================
Received Import Request.
  Time of request: 2026-09-30T10:21:00.2255153Z
  Time since last request: 0.0005019 seconds.
  importAddress: GUID: 4cbbf7337aa794bf299ec0044983eef2 - Path: Packages/com.unity.2d.animation/Editor/Assets/EditorIcons/False.png - Importer: PreviewImporter
Importing 'GUID: 4cbbf7337aa794bf299ec0044983eef2 - Path: Packages/com.unity.2d.animation/Editor/Assets/EditorIcons/False.png - Importer: PreviewImporter' with importer (PreviewImporter)
Imported 'GUID: 4cbbf7337aa794bf299ec0044983eef2' -> (Import Result ID: 'e7c04e8936d4fc77fa27bf56f3f05880') in 0.010 seconds [static and dynamic dependencies]. Details - ImportResultOutputID=d17bd3e77f47bf6a0dd37086154ad54d DependenciesID=42c107e7da46179585651052c378ef1d StaticDependenciesID=d711a004472c4c40eb6777e65980615e 
Number of updated asset objects reloaded before import = 0
Number of asset objects unloaded after import = 3
========================================================================
Received Import Request.
  Time of request: 2026-09-30T10:21:00.2549053Z
  Time since last request: 0.0009438 seconds.
  importAddress: GUID: 7d6f3490c59314e8f91123fe30ea8b98 - Path: Packages/com.unity.2d.animation/Editor/Assets/EditorIcons/False@2x.png - Importer: PreviewImporter
Importing 'GUID: 7d6f3490c59314e8f91123fe30ea8b98 - Path: Packages/com.unity.2d.animation/Editor/Assets/EditorIcons/False@2x.png - Importer: PreviewImporter' with importer (PreviewImporter)
Imported 'GUID: 7d6f3490c59314e8f91123fe30ea8b98' -> (Import Result ID: 'd956c30be2a2df5228662f6a3de7e2ef') in 0.010 seconds [static and dynamic dependencies]. Details - ImportResultOutputID=ad7c7ba013498660dd2a5c55675344b7 DependenciesID=c62a0a11c1f335bd8d9fe8c670bcf9a7 StaticDependenciesID=25a010eb278d8d996cfdc2dc149b8c0c 
Number of updated asset objects reloaded before import = 0
Number of asset objects unloaded after import = 3
========================================================================
Received Import Request.
  Time of request: 2026-09-30T10:21:00.508446Z
  Time since last request: 0.2240587 seconds.
  importAddress: GUID: 86f74056ad052aa4b83fe485546f0521 - Path: Packages/com.unity.2d.tilemap/Editor/Icons/EditorUI.Target@4x.png - Importer: PreviewImporter
Importing 'GUID: 86f74056ad052aa4b83fe485546f0521 - Path: Packages/com.unity.2d.tilemap/Editor/Icons/EditorUI.Target@4x.png - Importer: PreviewImporter' with importer (PreviewImporter)
Imported 'GUID: 86f74056ad052aa4b83fe485546f0521' -> (Import Result ID: '5f15753b9ce3dc9a7753d5bfd5907d20') in 0.012 seconds [static and dynamic dependencies]. Details - ImportResultOutputID=a7056b7d9ea49946cf3d3606deed3ae3 DependenciesID=5428df39dbbcc15485b1df55ecbb632a StaticDependenciesID=270b9af9bc2a88d811ffa30624ed5721 
Number of updated asset objects reloaded before import = 0
Number of asset objects unloaded after import = 3
========================================================================
Received Import Request.
  Time of request: 2026-09-30T10:21:00.5486884Z
  Time since last request: 0.0004401 seconds.
  importAddress: GUID: 88550efdfb3734011ab1fc63037b4a20 - Path: Packages/com.unity.2d.animation/Editor/Assets/EditorIcons/EditorUI.Filter.png - Importer: PreviewImporter
Importing 'GUID: 88550efdfb3734011ab1fc63037b4a20 - Path: Packages/com.unity.2d.animation/Editor/Assets/EditorIcons/EditorUI.Filter.png - Importer: PreviewImporter' with importer (PreviewImporter)
Imported 'GUID: 88550efdfb3734011ab1fc63037b4a20' -> (Import Result ID: '6df0e5ebfd0149968358859bfe7e5713') in 0.008 seconds [static and dynamic dependencies]. Details - ImportResultOutputID=c46ef774b87e2a61b0ef165fee46af20 DependenciesID=a8dda2bf51b582af8cd232aebd370386 StaticDependenciesID=66548f0c63f72d5789309f1fab82b0ab 
Number of updated asset objects reloaded before import = 0
Number of asset objects unloaded after import = 3
========================================================================
Received Import Request.
  Time of request: 2026-09-30T10:21:00.5779136Z
  Time since last request: 0.0006671 seconds.
  importAddress: GUID: cdccb0d77f2e841e1bc2c5f367d4df33 - Path: Packages/com.unity.2d.tilemap/Editor/Icons/EditorUI.Filter.png - Importer: PreviewImporter
Importing 'GUID: cdccb0d77f2e841e1bc2c5f367d4df33 - Path: Packages/com.unity.2d.tilemap/Editor/Icons/EditorUI.Filter.png - Importer: PreviewImporter' with importer (PreviewImporter)
Imported 'GUID: cdccb0d77f2e841e1bc2c5f367d4df33' -> (Import Result ID: '358dddb4a06174ca51b5d2047096f596') in 0.010 seconds [static and dynamic dependencies]. Details - ImportResultOutputID=8ed0c8615170534bc88cdcee12c5b118 DependenciesID=872351e6cd8bae916696b2e90a8401c0 StaticDependenciesID=ad89a9832c0d626cb508272440b1c8a8 
Number of updated asset objects reloaded before import = 0
Number of asset objects unloaded after import = 3
========================================================================
Received Import Request.
  Time of request: 2026-09-30T10:21:00.6068202Z
  Time since last request: 0.0004796 seconds.
  importAddress: GUID: 095744d2710d19e4ab3dd9f6852cbd15 - Path: Packages/com.unity.2d.animation/Editor/Assets/EditorIcons/Edit_Pose@4x.png - Importer: PreviewImporter
Importing 'GUID: 095744d2710d19e4ab3dd9f6852cbd15 - Path: Packages/com.unity.2d.animation/Editor/Assets/EditorIcons/Edit_Pose@4x.png - Importer: PreviewImporter' with importer (PreviewImporter)
Imported 'GUID: 095744d2710d19e4ab3dd9f6852cbd15' -> (Import Result ID: '4b320e4c38cc03021d25d341b16d74df') in 0.012 seconds [static and dynamic dependencies]. Details - ImportResultOutputID=1bf90be8020d82fa93755c7fb62c9125 DependenciesID=3c7340c35fcbfe5d540b8e2f688f636d StaticDependenciesID=697b24ed791361767291a5bd8eff6814 
Number of updated asset objects reloaded before import = 0
Number of asset objects unloaded after import = 3
========================================================================
Received Import Request.
  Time of request: 2026-09-30T10:21:00.8113991Z
  Time since last request: 0.1745961 seconds.
  importAddress: GUID: eb81c5f176e01b746be35f0aa3603593 - Path: Packages/com.unity.2d.animation/Editor/Assets/EditorIcons/Selected/Edit_Pose@4x.png - Importer: PreviewImporter
Importing 'GUID: eb81c5f176e01b746be35f0aa3603593 - Path: Packages/com.unity.2d.animation/Editor/Assets/EditorIcons/Selected/Edit_Pose@4x.png - Importer: PreviewImporter' with importer (PreviewImporter)
Imported 'GUID: eb81c5f176e01b746be35f0aa3603593' -> (Import Result ID: '45887a7757930a7748d80f8e7097a11f') in 0.011 seconds [static and dynamic dependencies]. Details - ImportResultOutputID=26ebdf38aa9766f2cc410edcd8552a1b DependenciesID=2f23cbef4fc8f51951224c7f173956c2 StaticDependenciesID=d29113302c61abec0755bd2a162d4c52 
Number of updated asset objects reloaded before import = 0
Number of asset objects unloaded after import = 3
========================================================================
Received Import Request.
  Time of request: 2026-09-30T10:21:01.0146192Z
  Time since last request: 0.1713595 seconds.
  importAddress: GUID: 1da4b8d35afa8314198e7b69dc383431 - Path: Packages/com.unity.2d.animation/Editor/Assets/EditorIcons/Selected/Edit_Pose@2x.png - Importer: PreviewImporter
Importing 'GUID: 1da4b8d35afa8314198e7b69dc383431 - Path: Packages/com.unity.2d.animation/Editor/Assets/EditorIcons/Selected/Edit_Pose@2x.png - Importer: PreviewImporter' with importer (PreviewImporter)
Imported 'GUID: 1da4b8d35afa8314198e7b69dc383431' -> (Import Result ID: '1a257a14e8fdfefa715fde25b4883b04') in 0.012 seconds [static and dynamic dependencies]. Details - ImportResultOutputID=892f3a3be4e088dff42e2b91bedb1e18 DependenciesID=fa378adfa91ef151626ca0d36da30bf0 StaticDependenciesID=696389572aa169a582ef90a3c203d4e1 
Number of updated asset objects reloaded before import = 0
Number of asset objects unloaded after import = 3
========================================================================
Received Import Request.
  Time of request: 2026-09-30T10:21:01.0506405Z
  Time since last request: 0.0004734 seconds.
  importAddress: GUID: 11030f66cab4dcd4c989fe1de7a7c79c - Path: Packages/com.unity.2d.animation/Editor/Assets/EditorIcons/Edit_Joints@4x.png - Importer: PreviewImporter
Importing 'GUID: 11030f66cab4dcd4c989fe1de7a7c79c - Path: Packages/com.unity.2d.animation/Editor/Assets/EditorIcons/Edit_Joints@4x.png - Importer: PreviewImporter' with importer (PreviewImporter)
Imported 'GUID: 11030f66cab4dcd4c989fe1de7a7c79c' -> (Import Result ID: '657ed8bfb7eb337236d279b5d71a9ed3') in 0.016 seconds [static and dynamic dependencies]. Details - ImportResultOutputID=5206d6c60a182f068dfba27c74d8ef68 DependenciesID=1c9508d51cc89b572fa38eb6dd91a997 StaticDependenciesID=ffb3883828a982d849876ed8c246179f 
Number of updated asset objects reloaded before import = 0
Number of asset objects unloaded after import = 3
========================================================================
Received Import Request.
  Time of request: 2026-09-30T10:21:01.0880271Z
  Time since last request: 0.0004787 seconds.
  importAddress: GUID: 401d7863028c84a4988285a5389f1d79 - Path: Packages/com.unity.2d.animation/Editor/Assets/EditorIcons/Selected/Edit_Joints@2x.png - Importer: PreviewImporter
Importing 'GUID: 401d7863028c84a4988285a5389f1d79 - Path: Packages/com.unity.2d.animation/Editor/Assets/EditorIcons/Selected/Edit_Joints@2x.png - Importer: PreviewImporter' with importer (PreviewImporter)
Imported 'GUID: 401d7863028c84a4988285a5389f1d79' -> (Import Result ID: 'd7f51867a947c2a664705862e986d2da') in 0.010 seconds [static and dynamic dependencies]. Details - ImportResultOutputID=c07a2e0fc92031a6ff865c390a5d52cb DependenciesID=b10fb99914ab7362ea1d52d38b441de2 StaticDependenciesID=378d32ba1974e172e5e0561e2eb2ec3d 
Number of updated asset objects reloaded before import = 0
Number of asset objects unloaded after import = 3
========================================================================
Received Import Request.
  Time of request: 2026-09-30T10:21:01.1182062Z
  Time since last request: 0.0007341 seconds.
  importAddress: GUID: 32854586e42553846b24646ce18cf625 - Path: Packages/com.unity.2d.animation/Editor/Assets/EditorIcons/Edit_Pose@3x.png - Importer: PreviewImporter
Importing 'GUID: 32854586e42553846b24646ce18cf625 - Path: Packages/com.unity.2d.animation/Editor/Assets/EditorIcons/Edit_Pose@3x.png - Importer: PreviewImporter' with importer (PreviewImporter)
Imported 'GUID: 32854586e42553846b24646ce18cf625' -> (Import Result ID: 'ad9af5996de26515b2d0b3766d41ce78') in 0.015 seconds [static and dynamic dependencies]. Details - ImportResultOutputID=c7e58eb317a143a83e6b4f94e39ae50a DependenciesID=99b5bc6754cab64cac2e36e4eaf27ef1 StaticDependenciesID=94272133825cb4d3623027f9ae66f705 
Number of updated asset objects reloaded before import = 0
Number of asset objects unloaded after import = 3
========================================================================
Received Import Request.
  Time of request: 2026-09-30T10:21:01.1550742Z
  Time since last request: 0.0005101 seconds.
  importAddress: GUID: 9844a6aa871b23547892e819f4dd55c3 - Path: Packages/com.unity.2d.animation/Editor/Assets/EditorIcons/Selected/Edit_Pose.png - Importer: PreviewImporter
Importing 'GUID: 9844a6aa871b23547892e819f4dd55c3 - Path: Packages/com.unity.2d.animation/Editor/Assets/EditorIcons/Selected/Edit_Pose.png - Importer: PreviewImporter' with importer (PreviewImporter)
Imported 'GUID: 9844a6aa871b23547892e819f4dd55c3' -> (Import Result ID: 'fdb12d65ee2136bb6449f2f1743ccc5c') in 0.008 seconds [static and dynamic dependencies]. Details - ImportResultOutputID=b6a48b4dd008c649c668f7b94ef46d25 DependenciesID=abaca1b6efda2a4061a8e218366bb9f0 StaticDependenciesID=71b5678acd7487dbed459fccb71e077b 
Number of updated asset objects reloaded before import = 0
Number of asset objects unloaded after import = 3
========================================================================
Received Import Request.
  Time of request: 2026-09-30T10:21:01.1856389Z
  Time since last request: 0.0003767 seconds.
  importAddress: GUID: 2fc7298673dedaa4a9f850a8ca46e299 - Path: Packages/com.unity.2d.animation/Editor/Assets/EditorIcons/Edit_Joints@2x.png - Importer: PreviewImporter
Importing 'GUID: 2fc7298673dedaa4a9f850a8ca46e299 - Path: Packages/com.unity.2d.animation/Editor/Assets/EditorIcons/Edit_Joints@2x.png - Importer: PreviewImporter' with importer (PreviewImporter)
Imported 'GUID: 2fc7298673dedaa4a9f850a8ca46e299' -> (Import Result ID: '79b70a5faf848f4a78591d1f78f9d4a9') in 0.008 seconds [static and dynamic dependencies]. Details - ImportResultOutputID=b6699896a38589a0e8a0616aa6cf6899 DependenciesID=eef27d003d8911fd60363fd05735732d StaticDependenciesID=6029fd9de48d9c5c1d8d27526324c670 
Number of updated asset objects reloaded before import = 0
Number of asset objects unloaded after import = 3
========================================================================
Received Import Request.
  Time of request: 2026-09-30T10:21:01.2313679Z
  Time since last request: 0.0194278 seconds.
  importAddress: GUID: 0b0f60aa75b9d024480f9aaad450723b - Path: Packages/com.unity.2d.animation/Editor/Assets/EditorIcons/Selected/Edit_Joints@3x.png - Importer: PreviewImporter
Importing 'GUID: 0b0f60aa75b9d024480f9aaad450723b - Path: Packages/com.unity.2d.animation/Editor/Assets/EditorIcons/Selected/Edit_Joints@3x.png - Importer: PreviewImporter' with importer (PreviewImporter)
Imported 'GUID: 0b0f60aa75b9d024480f9aaad450723b' -> (Import Result ID: 'e3e68e98ef0eb5efafc5f1e9b9fe1e54') in 0.020 seconds [static and dynamic dependencies]. Details - ImportResultOutputID=f162a2fe6a9412b03b4c5ef966e9f92c DependenciesID=2da57fbe72967dd29a3af73369d272a8 StaticDependenciesID=bc601dd052ef72a04fed8753d16320b9 
Number of updated asset objects reloaded before import = 0
Number of asset objects unloaded after import = 3
========================================================================
Received Import Request.
  Time of request: 2026-09-30T10:21:01.2731813Z
  Time since last request: 0.0005568 seconds.
  importAddress: GUID: 5242f1eff2245a741a7cec5ada97f9f2 - Path: Packages/com.unity.2d.animation/Editor/Assets/EditorIcons/Edit_Geometry.png - Importer: PreviewImporter
Importing 'GUID: 5242f1eff2245a741a7cec5ada97f9f2 - Path: Packages/com.unity.2d.animation/Editor/Assets/EditorIcons/Edit_Geometry.png - Importer: PreviewImporter' with importer (PreviewImporter)
Imported 'GUID: 5242f1eff2245a741a7cec5ada97f9f2' -> (Import Result ID: '60bb439312435006a10794ab8d3807fc') in 0.014 seconds [static and dynamic dependencies]. Details - ImportResultOutputID=e2be977ef630998a8e880cdddf53f186 DependenciesID=31a8d94a19c0c168bd00a38f8316dbbe StaticDependenciesID=2b35a0974c5a87a53c0afbfb2476a3a1 
Number of updated asset objects reloaded before import = 0
Number of asset objects unloaded after import = 3
========================================================================
Received Import Request.
  Time of request: 2026-09-30T10:21:01.3089853Z
  Time since last request: 0.0002486 seconds.
  importAddress: GUID: 3120ec2beffde56499fe86f755fc25b9 - Path: Packages/com.unity.2d.animation/Editor/Assets/EditorIcons/d_Weight_Slider@3x.png - Importer: PreviewImporter
Importing 'GUID: 3120ec2beffde56499fe86f755fc25b9 - Path: Packages/com.unity.2d.animation/Editor/Assets/EditorIcons/d_Weight_Slider@3x.png - Importer: PreviewImporter' with importer (PreviewImporter)
Imported 'GUID: 3120ec2beffde56499fe86f755fc25b9' -> (Import Result ID: 'cb136013ba13b109b317b5fb62f23c81') in 0.015 seconds [static and dynamic dependencies]. Details - ImportResultOutputID=6f534fd6d06732146bac8002326ad491 DependenciesID=f4cc01622cfaaf0aeaf72b75079875da StaticDependenciesID=af354ba46b65e52a3fdbc4f3108c840e 
Number of updated asset objects reloaded before import = 0
Number of asset objects unloaded after import = 3
========================================================================
Received Import Request.
  Time of request: 2026-09-30T10:21:01.3447511Z
  Time since last request: 0.0008389 seconds.
  importAddress: GUID: 6816bbef55b2e9847b5e4f06c5475d8b - Path: Packages/com.unity.2d.animation/Editor/Assets/EditorIcons/d_Weight_Slider@4x.png - Importer: PreviewImporter
Importing 'GUID: 6816bbef55b2e9847b5e4f06c5475d8b - Path: Packages/com.unity.2d.animation/Editor/Assets/EditorIcons/d_Weight_Slider@4x.png - Importer: PreviewImporter' with importer (PreviewImporter)
Imported 'GUID: 6816bbef55b2e9847b5e4f06c5475d8b' -> (Import Result ID: '3f682526bfc17a1fb1a1e81e434173f4') in 0.016 seconds [static and dynamic dependencies]. Details - ImportResultOutputID=cf0d01d80909455334cf9e5b1552cd71 DependenciesID=786a734417fb8c823d327eb6d696180d StaticDependenciesID=b382080d1cfb21a655c64d9fc2fad3c9 
Number of updated asset objects reloaded before import = 0
Number of asset objects unloaded after import = 3
========================================================================
Received Import Request.
  Time of request: 2026-09-30T10:21:01.3845864Z
  Time since last request: 0.0004717 seconds.
  importAddress: GUID: b2aca1e4f59dad54785b6ffded66224a - Path: Packages/com.unity.2d.animation/Editor/Assets/EditorIcons/d_Weight_Slider@2x.png - Importer: PreviewImporter
Importing 'GUID: b2aca1e4f59dad54785b6ffded66224a - Path: Packages/com.unity.2d.animation/Editor/Assets/EditorIcons/d_Weight_Slider@2x.png - Importer: PreviewImporter' with importer (PreviewImporter)
Imported 'GUID: b2aca1e4f59dad54785b6ffded66224a' -> (Import Result ID: '57bd6f71a347ac510c7bc28f54ce9202') in 0.009 seconds [static and dynamic dependencies]. Details - ImportResultOutputID=ece34999c8a4addb368be2b8e2fee213 DependenciesID=378b9991e933d842929678c7c7914bf6 StaticDependenciesID=2488acad8c17629a8e941147a29e4fb1 
Number of updated asset objects reloaded before import = 0
Number of asset objects unloaded after import = 3
========================================================================
Received Import Request.
  Time of request: 2026-09-30T10:21:01.4134431Z
  Time since last request: 0.0004088 seconds.
  importAddress: GUID: c706f86f6fd02084f9a14727d08b844d - Path: Packages/com.unity.2d.animation/Editor/Assets/EditorIcons/Selected/Edit_Geometry@2x.png - Importer: PreviewImporter
Importing 'GUID: c706f86f6fd02084f9a14727d08b844d - Path: Packages/com.unity.2d.animation/Editor/Assets/EditorIcons/Selected/Edit_Geometry@2x.png - Importer: PreviewImporter' with importer (PreviewImporter)
Imported 'GUID: c706f86f6fd02084f9a14727d08b844d' -> (Import Result ID: 'f47d201d9a103ae27a651d36bcbd5fee') in 0.052 seconds [static and dynamic dependencies]. Details - ImportResultOutputID=d189c33a5339dcb0a131121e35f1d449 DependenciesID=d7c90b7fb843bda7d1ae926cad149ec0 StaticDependenciesID=71c8f7c8f425e530945a09c986973ab8 
Number of updated asset objects reloaded before import = 0
Number of asset objects unloaded after import = 3
========================================================================
Received Import Request.
  Time of request: 2026-09-30T10:21:01.5097954Z
  Time since last request: 0.0269781 seconds.
  importAddress: GUID: 4576408ff459c3a48a69ad3c7d941581 - Path: Packages/com.unity.2d.tilemap/Editor/Icons/d_Tilemap.ShowGrid@2x.png - Importer: PreviewImporter
Importing 'GUID: 4576408ff459c3a48a69ad3c7d941581 - Path: Packages/com.unity.2d.tilemap/Editor/Icons/d_Tilemap.ShowGrid@2x.png - Importer: PreviewImporter' with importer (PreviewImporter)
Imported 'GUID: 4576408ff459c3a48a69ad3c7d941581' -> (Import Result ID: '3236fc0f5b9646a0db5970515a2faa85') in 0.010 seconds [static and dynamic dependencies]. Details - ImportResultOutputID=7f25bf2b1dcb4150a6967fdb14f5d98d DependenciesID=ec2198f1d7d04e9eeb1c7ff45b434103 StaticDependenciesID=6f4892795d155d156eccf411cc352d22 
Number of updated asset objects reloaded before import = 0
Number of asset objects unloaded after import = 3
========================================================================
Received Import Request.
  Time of request: 2026-09-30T10:21:01.5389834Z
  Time since last request: 0.0006278 seconds.
  importAddress: GUID: f8e23945cefaa614da36fe203225170a - Path: Packages/com.unity.2d.tilemap/Editor/Icons/d_Tilemap.TilePalette@2x.png - Importer: PreviewImporter
Importing 'GUID: f8e23945cefaa614da36fe203225170a - Path: Packages/com.unity.2d.tilemap/Editor/Icons/d_Tilemap.TilePalette@2x.png - Importer: PreviewImporter' with importer (PreviewImporter)
Imported 'GUID: f8e23945cefaa614da36fe203225170a' -> (Import Result ID: '8185443565ff7ad02b30f106a3166901') in 0.019 seconds [static and dynamic dependencies]. Details - ImportResultOutputID=dd176091d4f4c863049fcd9b7ea198e0 DependenciesID=d86e2dd484eda05ebf3a13472f385e53 StaticDependenciesID=616965c9072ba76aaca1e7001866f27c 
Number of updated asset objects reloaded before import = 0
Number of asset objects unloaded after import = 3
========================================================================
Received Import Request.
  Time of request: 2026-09-30T10:21:01.5759781Z
  Time since last request: 0.0006881 seconds.
  importAddress: GUID: 95b2d1ff151dd2f479bf1f6321b44179 - Path: Packages/com.unity.2d.tilemap/Editor/Icons/d_Tilemap.ShowTilePalette.png - Importer: PreviewImporter
Importing 'GUID: 95b2d1ff151dd2f479bf1f6321b44179 - Path: Packages/com.unity.2d.tilemap/Editor/Icons/d_Tilemap.ShowTilePalette.png - Importer: PreviewImporter' with importer (PreviewImporter)
Imported 'GUID: 95b2d1ff151dd2f479bf1f6321b44179' -> (Import Result ID: '5f18d43aa3bb1f751c226c371e29782b') in 0.015 seconds [static and dynamic dependencies]. Details - ImportResultOutputID=585e17a51e3e32517280de0823546a0a DependenciesID=84756ee551b01ad2f9b94805bea115c7 StaticDependenciesID=2aa109bd900251ce7cee4ee003d1e208 
Number of updated asset objects reloaded before import = 0
Number of asset objects unloaded after import = 3
========================================================================
Received Import Request.
  Time of request: 2026-09-30T10:21:01.6093511Z
  Time since last request: 0.0004809 seconds.
  importAddress: GUID: dd62c99bd1ab0984da092d3ea327b733 - Path: Packages/com.unity.2d.tilemap/Editor/Icons/d_Tilemap.FocusTilemap@4x.png - Importer: PreviewImporter
Importing 'GUID: dd62c99bd1ab0984da092d3ea327b733 - Path: Packages/com.unity.2d.tilemap/Editor/Icons/d_Tilemap.FocusTilemap@4x.png - Importer: PreviewImporter' with importer (PreviewImporter)
Imported 'GUID: dd62c99bd1ab0984da092d3ea327b733' -> (Import Result ID: 'ad122dd50c65e1b14715ee1d48064ffd') in 0.013 seconds [static and dynamic dependencies]. Details - ImportResultOutputID=c76a374f61a2d6181e5f2bbe5c576028 DependenciesID=2da6673c3d4f4c4ae1b0e8c61da38a8e StaticDependenciesID=74200680b5f61ab1c3132c39836008b7 
Number of updated asset objects reloaded before import = 0
Number of asset objects unloaded after import = 3
========================================================================
Received Import Request.
  Time of request: 2026-09-30T10:21:01.6408559Z
  Time since last request: 0.0006708 seconds.
  importAddress: GUID: f1d766c90aeb37d4fb8c7d1ed3ba1378 - Path: Packages/com.unity.2d.tilemap/Editor/Icons/d_Tilemap.FocusNone@4x.png - Importer: PreviewImporter
Importing 'GUID: f1d766c90aeb37d4fb8c7d1ed3ba1378 - Path: Packages/com.unity.2d.tilemap/Editor/Icons/d_Tilemap.FocusNone@4x.png - Importer: PreviewImporter' with importer (PreviewImporter)
Imported 'GUID: f1d766c90aeb37d4fb8c7d1ed3ba1378' -> (Import Result ID: 'fad2fbfa5ec91f31f29882d3c2b2f9d8') in 0.050 seconds [static and dynamic dependencies]. Details - ImportResultOutputID=97efbd07f16d0897ffb34aee6cd95b1b DependenciesID=28a548a7be9299c13e635e4b8db2e9cd StaticDependenciesID=4bdb3b3ce1532d41443c66c8b94d242c 
Number of updated asset objects reloaded before import = 0
Number of asset objects unloaded after import = 3
========================================================================
Received Import Request.
  Time of request: 2026-09-30T10:21:01.7091234Z
  Time since last request: 0.0004854 seconds.
  importAddress: GUID: a9a5b304877d58a47859e53d2b2d9fe3 - Path: Packages/com.unity.2d.tilemap/Editor/Icons/d_Tilemap.FocusTilemap.png - Importer: PreviewImporter
Importing 'GUID: a9a5b304877d58a47859e53d2b2d9fe3 - Path: Packages/com.unity.2d.tilemap/Editor/Icons/d_Tilemap.FocusTilemap.png - Importer: PreviewImporter' with importer (PreviewImporter)
Imported 'GUID: a9a5b304877d58a47859e53d2b2d9fe3' -> (Import Result ID: 'b817c82b180b30e2471e427ffc75ff53') in 0.008 seconds [static and dynamic dependencies]. Details - ImportResultOutputID=32305e0579ad1a9fb4974624cb5bcf8c DependenciesID=a6f1c41cce472477744c016d4632b4e0 StaticDependenciesID=fe343b9d3518eec0b0163150f84cef1a 
Number of updated asset objects reloaded before import = 0
Number of asset objects unloaded after import = 3
========================================================================
Received Import Request.
  Time of request: 2026-09-30T10:21:01.7379673Z
  Time since last request: 0.0003404 seconds.
  importAddress: GUID: b3f6a0922e3511840813c51882c0907b - Path: Packages/com.unity.2d.tilemap/Editor/Icons/d_Tilemap.ShowTilePalette@2x.png - Importer: PreviewImporter
Importing 'GUID: b3f6a0922e3511840813c51882c0907b - Path: Packages/com.unity.2d.tilemap/Editor/Icons/d_Tilemap.ShowTilePalette@2x.png - Importer: PreviewImporter' with importer (PreviewImporter)
Imported 'GUID: b3f6a0922e3511840813c51882c0907b' -> (Import Result ID: 'e53ff6e13c27c1e160200a87ab2b57e8') in 0.050 seconds [static and dynamic dependencies]. Details - ImportResultOutputID=09e2baf4ac24c5731830f6e3ddbae4d3 DependenciesID=a59a365877413d0e49092c1d2427f6af StaticDependenciesID=1a3a315fba5e4ba73813a9ce9ee0d9cb 
Number of updated asset objects reloaded before import = 0
Number of asset objects unloaded after import = 3
========================================================================
Received Import Request.
  Time of request: 2026-09-30T10:21:01.8085268Z
  Time since last request: 0.0012792 seconds.
  importAddress: GUID: 2d35623559ffd044682af7e09affdcc8 - Path: Packages/com.unity.2d.tilemap/Editor/Icons/d_Tilemap.ShowGrid@4x.png - Importer: PreviewImporter
Importing 'GUID: 2d35623559ffd044682af7e09affdcc8 - Path: Packages/com.unity.2d.tilemap/Editor/Icons/d_Tilemap.ShowGrid@4x.png - Importer: PreviewImporter' with importer (PreviewImporter)
Imported 'GUID: 2d35623559ffd044682af7e09affdcc8' -> (Import Result ID: '84fa2d50ff180215c567b2f0e58e783f') in 0.011 seconds [static and dynamic dependencies]. Details - ImportResultOutputID=ee611ee982b43267327b5a12e2fd5317 DependenciesID=89673cf966e68966dfcb3ead8f1db5ff StaticDependenciesID=3bd327c458fe00261f307c422cf8516b 
Number of updated asset objects reloaded before import = 0
Number of asset objects unloaded after import = 3
========================================================================
Received Import Request.
  Time of request: 2026-09-30T10:21:01.839394Z
  Time since last request: 0.0005122 seconds.
  importAddress: GUID: 1d8efe8a75b351d4d9aa8b28ddf93196 - Path: Packages/com.unity.2d.tilemap/Editor/Icons/d_Tilemap.FocusTilemap@2x.png - Importer: PreviewImporter
Importing 'GUID: 1d8efe8a75b351d4d9aa8b28ddf93196 - Path: Packages/com.unity.2d.tilemap/Editor/Icons/d_Tilemap.FocusTilemap@2x.png - Importer: PreviewImporter' with importer (PreviewImporter)
Imported 'GUID: 1d8efe8a75b351d4d9aa8b28ddf93196' -> (Import Result ID: '886b172fbf148c4d4fdd5102eee028a8') in 0.008 seconds [static and dynamic dependencies]. Details - ImportResultOutputID=1ee2c61ff6c4eeddf86ea1f98306803f DependenciesID=f88d073f253ec98135200588446019ca StaticDependenciesID=f517a2d63b925937debe62ab2f528c18 
Number of updated asset objects reloaded before import = 0
Number of asset objects unloaded after import = 3
========================================================================
Received Import Request.
  Time of request: 2026-09-30T10:21:01.8677987Z
  Time since last request: 0.0004433 seconds.
  importAddress: GUID: 5dfb96fd1c7a1bf4f9f606597de935cf - Path: Packages/com.unity.2d.tilemap/Editor/Icons/d_Tilemap.FocusNone.png - Importer: PreviewImporter
Importing 'GUID: 5dfb96fd1c7a1bf4f9f606597de935cf - Path: Packages/com.unity.2d.tilemap/Editor/Icons/d_Tilemap.FocusNone.png - Importer: PreviewImporter' with importer (PreviewImporter)
Imported 'GUID: 5dfb96fd1c7a1bf4f9f606597de935cf' -> (Import Result ID: 'f33b9a76da009bd7704118f4fedfec5e') in 0.012 seconds [static and dynamic dependencies]. Details - ImportResultOutputID=6de07166a1da63e57414955e65f22c8d DependenciesID=1b828153314354c722177e3c27946e76 StaticDependenciesID=1caac9f1c6e57920128298eddafa2a4b 
Number of updated asset objects reloaded before import = 0
Number of asset objects unloaded after import = 3
========================================================================
Received Import Request.
  Time of request: 2026-09-30T10:21:01.8983173Z
  Time since last request: 0.0004088 seconds.
  importAddress: GUID: ffc58b5d1d8a6ed489be30f7a1291b1e - Path: Packages/com.unity.2d.tilemap/Editor/Icons/d_Tilemap.FocusGrid@4x.png - Importer: PreviewImporter
Importing 'GUID: ffc58b5d1d8a6ed489be30f7a1291b1e - Path: Packages/com.unity.2d.tilemap/Editor/Icons/d_Tilemap.FocusGrid@4x.png - Importer: PreviewImporter' with importer (PreviewImporter)
Imported 'GUID: ffc58b5d1d8a6ed489be30f7a1291b1e' -> (Import Result ID: '31ae7d0d1d1ef8b00811dded97fadfcd') in 0.007 seconds [static and dynamic dependencies]. Details - ImportResultOutputID=0796698b661cfa9fe52983c381b46632 DependenciesID=99b2f51baee931fdc23c0c66c175b48e StaticDependenciesID=10351703b7936ca9a506f10ca1b5c80c 
Number of updated asset objects reloaded before import = 0
Number of asset objects unloaded after import = 3
========================================================================
Received Import Request.
  Time of request: 2026-09-30T10:21:01.9460558Z
  Time since last request: 0.0206283 seconds.
  importAddress: GUID: c06100d8ae6a60d44ab25f318a154ce3 - Path: Packages/com.unity.2d.tilemap/Editor/Icons/d_Tilemap.DefaultBrush@2x.png - Importer: PreviewImporter
Importing 'GUID: c06100d8ae6a60d44ab25f318a154ce3 - Path: Packages/com.unity.2d.tilemap/Editor/Icons/d_Tilemap.DefaultBrush@2x.png - Importer: PreviewImporter' with importer (PreviewImporter)
Imported 'GUID: c06100d8ae6a60d44ab25f318a154ce3' -> (Import Result ID: '303672ea58e2fbc79c18bb6f2c91e0f8') in 0.013 seconds [static and dynamic dependencies]. Details - ImportResultOutputID=b9270a9774398dab2b7af9fbbaa9ca13 DependenciesID=446a8d5d711cbcb104cf8a1a893b4cb5 StaticDependenciesID=8e991abbc01038f0c2ee143574b67eb5 
Number of updated asset objects reloaded before import = 0
Number of asset objects unloaded after import = 3
========================================================================
Received Import Request.
  Time of request: 2026-09-30T10:21:01.9814893Z
  Time since last request: 0.0010167 seconds.
  importAddress: GUID: 77be2b195bdd3a849b554d6dd09badb0 - Path: Packages/com.unity.2d.tilemap/Editor/Icons/d_Tilemap.DefaultBrush@4x.png - Importer: PreviewImporter
Importing 'GUID: 77be2b195bdd3a849b554d6dd09badb0 - Path: Packages/com.unity.2d.tilemap/Editor/Icons/d_Tilemap.DefaultBrush@4x.png - Importer: PreviewImporter' with importer (PreviewImporter)
Imported 'GUID: 77be2b195bdd3a849b554d6dd09badb0' -> (Import Result ID: '00ecf1c0f600a18db756e59f4e124a9b') in 0.009 seconds [static and dynamic dependencies]. Details - ImportResultOutputID=c597a09978f7ebacb552143751a6e20d DependenciesID=de65503959aac3e66e975cfd647c3129 StaticDependenciesID=3841670417f6da610c75545fb4b27d44 
Number of updated asset objects reloaded before import = 0
Number of asset objects unloaded after import = 3
========================================================================
Received Import Request.
  Time of request: 2026-09-30T10:21:02.0110578Z
  Time since last request: 0.0004754 seconds.
  importAddress: GUID: 8cbab190b527bd44e8bf5afbc79095e8 - Path: Packages/com.unity.2d.tilemap/Editor/Icons/d_Tilemap.EditPalette@2x.png - Importer: PreviewImporter
Importing 'GUID: 8cbab190b527bd44e8bf5afbc79095e8 - Path: Packages/com.unity.2d.tilemap/Editor/Icons/d_Tilemap.EditPalette@2x.png - Importer: PreviewImporter' with importer (PreviewImporter)
Imported 'GUID: 8cbab190b527bd44e8bf5afbc79095e8' -> (Import Result ID: 'e4978c05838780d423b90b74060c16a2') in 0.008 seconds [static and dynamic dependencies]. Details - ImportResultOutputID=38cd0b990de8085b6102660f383896d6 DependenciesID=531c1492c9326f96a1fa9ab4be41c7c3 StaticDependenciesID=b7124b8e8b158ded0c19f22d637f8f73 
Number of updated asset objects reloaded before import = 0
Number of asset objects unloaded after import = 3
========================================================================
Received Import Request.
  Time of request: 2026-09-30T10:21:02.1939613Z
  Time since last request: 0.1527245 seconds.
  importAddress: GUID: b2a7503b9cc7144c1bfe6d3693632d47 - Path: Packages/com.unity.2d.tilemap/Editor/Icons/d_Tilemap.CustomBrush.png - Importer: PreviewImporter
Importing 'GUID: b2a7503b9cc7144c1bfe6d3693632d47 - Path: Packages/com.unity.2d.tilemap/Editor/Icons/d_Tilemap.CustomBrush.png - Importer: PreviewImporter' with importer (PreviewImporter)
Imported 'GUID: b2a7503b9cc7144c1bfe6d3693632d47' -> (Import Result ID: '56fb6ecbe01e6822f1c57a284b16bc63') in 0.052 seconds [static and dynamic dependencies]. Details - ImportResultOutputID=8315fb1abb3bd5ee90d048ec3ca0e5c1 DependenciesID=af2435c617a410ac5f5c49dc9556ad83 StaticDependenciesID=44733db24e557ac8eab205e753295904 
Number of updated asset objects reloaded before import = 0
Number of asset objects unloaded after import = 3
========================================================================
Received Import Request.
  Time of request: 2026-09-30T10:21:03.7223755Z
  Time since last request: 1.4523184 seconds.
  importAddress: GUID: 259317a3fa77b4619b4356af5648368f - Path: Packages/com.unity.2d.animation/Editor/Assets/EditorIcons/d_True@2x.png - Importer: PreviewImporter
Importing 'GUID: 259317a3fa77b4619b4356af5648368f - Path: Packages/com.unity.2d.animation/Editor/Assets/EditorIcons/d_True@2x.png - Importer: PreviewImporter' with importer (PreviewImporter)
Imported 'GUID: 259317a3fa77b4619b4356af5648368f' -> (Import Result ID: 'dccb71891d757e71cd9e3838cc4a5943') in 0.016 seconds [static and dynamic dependencies]. Details - ImportResultOutputID=22ce64fea529cc5ab3049f9c20526641 DependenciesID=42b0e9f3f354af80e8da72f505e4ab2e StaticDependenciesID=f91e2a4d403a0d3be29998eff4f83d9c 
Number of updated asset objects reloaded before import = 0
Number of asset objects unloaded after import = 3
========================================================================
Received Import Request.
  Time of request: 2026-09-30T10:21:03.7623507Z
  Time since last request: 0.0010335 seconds.
  importAddress: GUID: 331d72d503bf74243aa04430504cee09 - Path: Packages/com.unity.2d.animation/Editor/Assets/EditorIcons/d_Visibility_Hidded.png - Importer: PreviewImporter
Importing 'GUID: 331d72d503bf74243aa04430504cee09 - Path: Packages/com.unity.2d.animation/Editor/Assets/EditorIcons/d_Visibility_Hidded.png - Importer: PreviewImporter' with importer (PreviewImporter)
Imported 'GUID: 331d72d503bf74243aa04430504cee09' -> (Import Result ID: '01655ec8023be6b60157d28fd891cfc1') in 0.012 seconds [static and dynamic dependencies]. Details - ImportResultOutputID=9dcc692aaf08505b46c590c75cd131a0 DependenciesID=783652fac7eb89874d72c6caf1b502d7 StaticDependenciesID=62b820161e3d5ea33f9c9c61d6cf8dea 
Number of updated asset objects reloaded before import = 0
Number of asset objects unloaded after import = 3
========================================================================
Received Import Request.
  Time of request: 2026-09-30T10:21:03.7987737Z
  Time since last request: 0.0011679 seconds.
  importAddress: GUID: 1a2673cb12e2ed1459bc6ab5dad05aae - Path: Packages/com.unity.2d.animation/Editor/Assets/EditorIcons/Selected/d_Visibility_Hidded@2x.png - Importer: PreviewImporter
Importing 'GUID: 1a2673cb12e2ed1459bc6ab5dad05aae - Path: Packages/com.unity.2d.animation/Editor/Assets/EditorIcons/Selected/d_Visibility_Hidded@2x.png - Importer: PreviewImporter' with importer (PreviewImporter)
Imported 'GUID: 1a2673cb12e2ed1459bc6ab5dad05aae' -> (Import Result ID: '2128127a27b4359dbc83f350c068607d') in 0.018 seconds [static and dynamic dependencies]. Details - ImportResultOutputID=cb8a02c344e3522c4c0242f618b41153 DependenciesID=86867fd41906313295f0fa8b073eb97e StaticDependenciesID=0c71a4a362f70ae7ac5a3fdab7e4ae7b 
Number of updated asset objects reloaded before import = 0
Number of asset objects unloaded after import = 3
========================================================================
Received Import Request.
  Time of request: 2026-09-30T10:21:03.8413415Z
  Time since last request: 0.0006969 seconds.
  importAddress: GUID: 03d0123afb5451345b88c605c86db28b - Path: Packages/com.unity.2d.animation/Editor/Assets/EditorIcons/d_Visibility_Hidded@2x.png - Importer: PreviewImporter
Importing 'GUID: 03d0123afb5451345b88c605c86db28b - Path: Packages/com.unity.2d.animation/Editor/Assets/EditorIcons/d_Visibility_Hidded@2x.png - Importer: PreviewImporter' with importer (PreviewImporter)
Imported 'GUID: 03d0123afb5451345b88c605c86db28b' -> (Import Result ID: '1a1faf454aef4308e84c4b25cf613d9c') in 0.015 seconds [static and dynamic dependencies]. Details - ImportResultOutputID=a1fc09813136feb733ed247a0130671d DependenciesID=59ee42cb1ae106624eb5dead98a65fb9 StaticDependenciesID=c52f0542924282018c43aeb06cdaae5e 
Number of updated asset objects reloaded before import = 0
Number of asset objects unloaded after import = 3
========================================================================
Received Import Request.
  Time of request: 2026-09-30T10:21:03.8807702Z
  Time since last request: 0.0004479 seconds.
  importAddress: GUID: c3672d163ecce403e98f81d012f95e33 - Path: Packages/com.unity.2d.animation/Editor/Assets/EditorIcons/d_ViewToolZoom@2x.png - Importer: PreviewImporter
Importing 'GUID: c3672d163ecce403e98f81d012f95e33 - Path: Packages/com.unity.2d.animation/Editor/Assets/EditorIcons/d_ViewToolZoom@2x.png - Importer: PreviewImporter' with importer (PreviewImporter)
Imported 'GUID: c3672d163ecce403e98f81d012f95e33' -> (Import Result ID: '5240fa51afc4a5daf82e490c1c5cf5e0') in 0.011 seconds [static and dynamic dependencies]. Details - ImportResultOutputID=baa538ddffc0e30842590cfb057b0064 DependenciesID=5f2344cfa339d2d6040409e84d9daa46 StaticDependenciesID=e37be42b7f5e14d858ef989da2f0e18f 
Number of updated asset objects reloaded before import = 0
Number of asset objects unloaded after import = 3
========================================================================
Received Import Request.
  Time of request: 2026-09-30T10:21:03.9941176Z
  Time since last request: 0.0800658 seconds.
  importAddress: GUID: 36502ae6ddbac9e4dbf8fcd5889d661d - Path: Packages/com.unity.2d.animation/Editor/Assets/EditorIcons/d_Visibility_Hidded@4x.png - Importer: PreviewImporter
Importing 'GUID: 36502ae6ddbac9e4dbf8fcd5889d661d - Path: Packages/com.unity.2d.animation/Editor/Assets/EditorIcons/d_Visibility_Hidded@4x.png - Importer: PreviewImporter' with importer (PreviewImporter)
Imported 'GUID: 36502ae6ddbac9e4dbf8fcd5889d661d' -> (Import Result ID: 'c55211e844ea252548389b049bedb0c3') in 0.013 seconds [static and dynamic dependencies]. Details - ImportResultOutputID=38ce93a002b4635babc295898733986b DependenciesID=37c4f14457cd5b4550f442799cbc821a StaticDependenciesID=52a81faeb9092de77aa96ded3bbe7fc7 
Number of updated asset objects reloaded before import = 0
Number of asset objects unloaded after import = 3
========================================================================
Received Import Request.
  Time of request: 2026-09-30T10:21:04.0296635Z
  Time since last request: 0.000359 seconds.
  importAddress: GUID: ac4a94776fb2dd74a910bef3649b5c84 - Path: Packages/com.unity.2d.animation/Editor/Assets/EditorIcons/d_Visibility_Tool.png - Importer: PreviewImporter
Importing 'GUID: ac4a94776fb2dd74a910bef3649b5c84 - Path: Packages/com.unity.2d.animation/Editor/Assets/EditorIcons/d_Visibility_Tool.png - Importer: PreviewImporter' with importer (PreviewImporter)
Imported 'GUID: ac4a94776fb2dd74a910bef3649b5c84' -> (Import Result ID: '9ce92e58ce09cfbbb9eb56045fa031d2') in 0.009 seconds [static and dynamic dependencies]. Details - ImportResultOutputID=4f46d9a9be9e0e704633096b00513cc5 DependenciesID=1aa816c762fb3a9d1fa316de38168785 StaticDependenciesID=ada24802a2d0560410ea20d8d47973d6 
Number of updated asset objects reloaded before import = 0
Number of asset objects unloaded after import = 3
========================================================================
Received Import Request.
  Time of request: 2026-09-30T10:21:04.3632704Z
  Time since last request: 0.3029914 seconds.
  importAddress: GUID: bdab342e8f290224dbdbc33dd03605c4 - Path: Packages/com.unity.2d.tilemap/Editor/Icons/d_Tilemap.BrushPicks.png - Importer: PreviewImporter
Importing 'GUID: bdab342e8f290224dbdbc33dd03605c4 - Path: Packages/com.unity.2d.tilemap/Editor/Icons/d_Tilemap.BrushPicks.png - Importer: PreviewImporter' with importer (PreviewImporter)
Imported 'GUID: bdab342e8f290224dbdbc33dd03605c4' -> (Import Result ID: 'd8f75f604bf12b633226550a4177b22c') in 0.020 seconds [static and dynamic dependencies]. Details - ImportResultOutputID=beda97a2b0d9842247c4b94b122ec530 DependenciesID=ac1b48d5e969a3fa3ca6f9a933e0c821 StaticDependenciesID=8f75463d6d459e8f68986ac150458bcf 
Number of updated asset objects reloaded before import = 0
Number of asset objects unloaded after import = 3
========================================================================
Received Import Request.
  Time of request: 2026-09-30T10:21:04.4132753Z
  Time since last request: 0.0004417 seconds.
  importAddress: GUID: afe7d261eb308984e95ffa8d883fc998 - Path: Packages/com.unity.2d.animation/Editor/Assets/EditorIcons/d_Split Bones@2x.png - Importer: PreviewImporter
Importing 'GUID: afe7d261eb308984e95ffa8d883fc998 - Path: Packages/com.unity.2d.animation/Editor/Assets/EditorIcons/d_Split Bones@2x.png - Importer: PreviewImporter' with importer (PreviewImporter)
Imported 'GUID: afe7d261eb308984e95ffa8d883fc998' -> (Import Result ID: '53ab0d423197a1576dbc3fb2e48aff0e') in 0.013 seconds [static and dynamic dependencies]. Details - ImportResultOutputID=278e05ed1be7cb4fccbf56f20aacef05 DependenciesID=ec8d16d857fd851e81336f7c4522c8b7 StaticDependenciesID=2ac6e56161ceab6e74749ffd91fdfc13 
Number of updated asset objects reloaded before import = 0
Number of asset objects unloaded after import = 3
========================================================================
Received Import Request.
  Time of request: 2026-09-30T10:21:04.4481166Z
  Time since last request: 0.0008246 seconds.
  importAddress: GUID: 074c5a73ef68b42feb9b39c318715bc8 - Path: Packages/com.unity.collab-proxy/Editor/Assets/Images/d_RGBAAll.png - Importer: PreviewImporter
Importing 'GUID: 074c5a73ef68b42feb9b39c318715bc8 - Path: Packages/com.unity.collab-proxy/Editor/Assets/Images/d_RGBAAll.png - Importer: PreviewImporter' with importer (PreviewImporter)
Imported 'GUID: 074c5a73ef68b42feb9b39c318715bc8' -> (Import Result ID: '1705a9d92b516b65d1229d55e6504c87') in 0.019 seconds [static and dynamic dependencies]. Details - ImportResultOutputID=0c936f3b6798706adfbaf14c416f6bcc DependenciesID=b2e40c4196163181011bfa7ec16535c2 StaticDependenciesID=c993501f2d4131c4fa75842e436620ee 
Number of updated asset objects reloaded before import = 0
Number of asset objects unloaded after import = 3
========================================================================
Received Import Request.
  Time of request: 2026-09-30T10:21:04.4872106Z
  Time since last request: 0.0003235 seconds.
  importAddress: GUID: 441bdab385c714051a00808c9bfc1766 - Path: Packages/com.unity.2d.tilemap.extras/Editor/Brushes/RandomBrush/d_RandomBrush.png - Importer: PreviewImporter
Importing 'GUID: 441bdab385c714051a00808c9bfc1766 - Path: Packages/com.unity.2d.tilemap.extras/Editor/Brushes/RandomBrush/d_RandomBrush.png - Importer: PreviewImporter' with importer (PreviewImporter)
Imported 'GUID: 441bdab385c714051a00808c9bfc1766' -> (Import Result ID: '304e3f25401267972b23b952e3203e58') in 0.012 seconds [static and dynamic dependencies]. Details - ImportResultOutputID=fe0c3387426c31401b2d27015c0e8d5e DependenciesID=78e444dfbc18139c5ff685f235b9b6cf StaticDependenciesID=650cd3c2b6f34deb93baac7a69ca25d2 
Number of updated asset objects reloaded before import = 0
Number of asset objects unloaded after import = 3
========================================================================
Received Import Request.
  Time of request: 2026-09-30T10:21:04.5209851Z
  Time since last request: 0.0005011 seconds.
  importAddress: GUID: d452c24a7410847ddac09d8ef2fbad23 - Path: Packages/com.unity.collab-proxy/Editor/Assets/Images/d_RGBABlue@2x.png - Importer: PreviewImporter
Importing 'GUID: d452c24a7410847ddac09d8ef2fbad23 - Path: Packages/com.unity.collab-proxy/Editor/Assets/Images/d_RGBABlue@2x.png - Importer: PreviewImporter' with importer (PreviewImporter)
Imported 'GUID: d452c24a7410847ddac09d8ef2fbad23' -> (Import Result ID: '6d6b4c8376ba3ef0bd7e8f1c9bd052aa') in 0.011 seconds [static and dynamic dependencies]. Details - ImportResultOutputID=c63e9bfcdc03516f114d9f5ece1f5673 DependenciesID=cee1e6dc3a16b107863188ff06596dba StaticDependenciesID=8062bb875023c69b041e832d203e46a1 
Number of updated asset objects reloaded before import = 0
Number of asset objects unloaded after import = 3
========================================================================
Received Import Request.
  Time of request: 2026-09-30T10:21:04.5524488Z
  Time since last request: 0.0003437 seconds.
  importAddress: GUID: 0312d2324a65a45a0838afee6f9e782b - Path: Packages/com.unity.2d.animation/Editor/Assets/EditorIcons/d_SetPivot@3x.png - Importer: PreviewImporter
Importing 'GUID: 0312d2324a65a45a0838afee6f9e782b - Path: Packages/com.unity.2d.animation/Editor/Assets/EditorIcons/d_SetPivot@3x.png - Importer: PreviewImporter' with importer (PreviewImporter)
Imported 'GUID: 0312d2324a65a45a0838afee6f9e782b' -> (Import Result ID: 'c4458a3b20a52ab4dc603f6767d9e797') in 0.011 seconds [static and dynamic dependencies]. Details - ImportResultOutputID=2d2dd5681059756295e74455ffa1c799 DependenciesID=df8e874f0da4a37a1db9dbb50695588b StaticDependenciesID=9ee280686d01df3b8fca6defee65250e 
Number of updated asset objects reloaded before import = 0
Number of asset objects unloaded after import = 3
========================================================================
Received Import Request.
  Time of request: 2026-09-30T10:21:04.5853834Z
  Time since last request: 0.0004469 seconds.
  importAddress: GUID: bcc1ec3ffeb1c46f7abd19daa3e05f49 - Path: Packages/com.unity.collab-proxy/Editor/Assets/Images/d_inclusionrule@2x.png - Importer: PreviewImporter
Importing 'GUID: bcc1ec3ffeb1c46f7abd19daa3e05f49 - Path: Packages/com.unity.collab-proxy/Editor/Assets/Images/d_inclusionrule@2x.png - Importer: PreviewImporter' with importer (PreviewImporter)
Imported 'GUID: bcc1ec3ffeb1c46f7abd19daa3e05f49' -> (Import Result ID: '9045f95434d626477c50b459da13e880') in 0.010 seconds [static and dynamic dependencies]. Details - ImportResultOutputID=5b294c71bac2c8a7979ba214e394f6b7 DependenciesID=d7a84884173fb742ebb6b7b5420d4960 StaticDependenciesID=0de4615361d648b2421d33f0ac5ca86f 
Number of updated asset objects reloaded before import = 0
Number of asset objects unloaded after import = 3
========================================================================
Received Import Request.
  Time of request: 2026-09-30T10:21:04.6158382Z
  Time since last request: 0.0004413 seconds.
  importAddress: GUID: 54a610f7c311dfd44ab29f9eaec16137 - Path: Packages/com.unity.2d.animation/Editor/Assets/EditorIcons/d_Locked.png - Importer: PreviewImporter
Importing 'GUID: 54a610f7c311dfd44ab29f9eaec16137 - Path: Packages/com.unity.2d.animation/Editor/Assets/EditorIcons/d_Locked.png - Importer: PreviewImporter' with importer (PreviewImporter)
Imported 'GUID: 54a610f7c311dfd44ab29f9eaec16137' -> (Import Result ID: '5f51e918bfb0ef63467ffe27a6e852b9') in 0.010 seconds [static and dynamic dependencies]. Details - ImportResultOutputID=c1517782e94fc6ecb381aa260d9505a4 DependenciesID=ac15e8f473285a3dc4bcf21c2a34cfb0 StaticDependenciesID=46f2a46998b1283f154e1846b3ef2498 
Number of updated asset objects reloaded before import = 0
Number of asset objects unloaded after import = 3
========================================================================
Received Import Request.
  Time of request: 2026-09-30T10:21:04.6468606Z
  Time since last request: 0.0009184 seconds.
  importAddress: GUID: c34cd61ed96ff9a40a54e159467c5155 - Path: Packages/com.unity.collab-proxy/Editor/Assets/Images/d_iconretainedoverlay@2x.png - Importer: PreviewImporter
Importing 'GUID: c34cd61ed96ff9a40a54e159467c5155 - Path: Packages/com.unity.collab-proxy/Editor/Assets/Images/d_iconretainedoverlay@2x.png - Importer: PreviewImporter' with importer (PreviewImporter)
Imported 'GUID: c34cd61ed96ff9a40a54e159467c5155' -> (Import Result ID: 'e00aa739961e9b3e2e870f785df1749b') in 0.012 seconds [static and dynamic dependencies]. Details - ImportResultOutputID=5cba9517c326ad1fdf1334fd1fa11bd0 DependenciesID=065f3525be64ceda0dd39cdc9a577542 StaticDependenciesID=f15ae54ff948dd7b4fb2cf9b5589fca2 
Number of updated asset objects reloaded before import = 0
Number of asset objects unloaded after import = 3
========================================================================
Received Import Request.
  Time of request: 2026-09-30T10:21:04.6792509Z
  Time since last request: 0.000531 seconds.
  importAddress: GUID: df8c4eeadc2f24a3c8d1c1bad53d1cae - Path: Packages/com.unity.collab-proxy/Editor/Assets/Images/d_RGBARed@2x.png - Importer: PreviewImporter
Importing 'GUID: df8c4eeadc2f24a3c8d1c1bad53d1cae - Path: Packages/com.unity.collab-proxy/Editor/Assets/Images/d_RGBARed@2x.png - Importer: PreviewImporter' with importer (PreviewImporter)
Imported 'GUID: df8c4eeadc2f24a3c8d1c1bad53d1cae' -> (Import Result ID: '6ecaa1cbe926224a648514a9da028123') in 0.010 seconds [static and dynamic dependencies]. Details - ImportResultOutputID=25e8bba7039e656527b1f07444966acc DependenciesID=2ab9cfdc54bd9b097cbac601ce213f3a StaticDependenciesID=f34c8b5cdb0bc5e75ed339114adaffef 
Number of updated asset objects reloaded before import = 0
Number of asset objects unloaded after import = 3
========================================================================
Received Import Request.
  Time of request: 2026-09-30T10:21:04.7096604Z
  Time since last request: 0.0004222 seconds.
  importAddress: GUID: 7e00d2a7fc6d13b49bacb9663abfa3ae - Path: Packages/com.unity.2d.animation/Editor/Assets/EditorIcons/d_Paste.png - Importer: PreviewImporter
Importing 'GUID: 7e00d2a7fc6d13b49bacb9663abfa3ae - Path: Packages/com.unity.2d.animation/Editor/Assets/EditorIcons/d_Paste.png - Importer: PreviewImporter' with importer (PreviewImporter)
Imported 'GUID: 7e00d2a7fc6d13b49bacb9663abfa3ae' -> (Import Result ID: 'd0bd23e4b43e8fd08a29829ab55e4caa') in 0.010 seconds [static and dynamic dependencies]. Details - ImportResultOutputID=e4a41d721d781b6dd3c6e11d39b2128c DependenciesID=914e3379299467f48b218e8c1d0b5a74 StaticDependenciesID=0f108c14a9c66a14775057bbccf86dd8 
Number of updated asset objects reloaded before import = 0
Number of asset objects unloaded after import = 3
========================================================================
Received Import Request.
  Time of request: 2026-09-30T10:21:04.7396107Z
  Time since last request: 0.000542 seconds.
  importAddress: GUID: 43fe0cd0da17e47fc9e56f08a2415f65 - Path: Packages/com.unity.collab-proxy/Editor/Assets/Images/d_iconincomingchangesview@2x.png - Importer: PreviewImporter
Importing 'GUID: 43fe0cd0da17e47fc9e56f08a2415f65 - Path: Packages/com.unity.collab-proxy/Editor/Assets/Images/d_iconincomingchangesview@2x.png - Importer: PreviewImporter' with importer (PreviewImporter)
Imported 'GUID: 43fe0cd0da17e47fc9e56f08a2415f65' -> (Import Result ID: '4d7db9ff19429745770e3250f4428e71') in 0.010 seconds [static and dynamic dependencies]. Details - ImportResultOutputID=ce5d13684712a2ca38d97f7b565217a9 DependenciesID=dd24674b10874ea166dba10ea6272c4f StaticDependenciesID=b5cfa6962a5ef307463fa666a2361747 
Number of updated asset objects reloaded before import = 0
Number of asset objects unloaded after import = 3
========================================================================
Received Import Request.
  Time of request: 2026-09-30T10:21:04.7693116Z
  Time since last request: 0.0004969 seconds.
  importAddress: GUID: 7843fb01e5ee34be0a20027af3edab78 - Path: Packages/com.unity.collab-proxy/Editor/Assets/Images/d_iconheckmark.png - Importer: PreviewImporter
Importing 'GUID: 7843fb01e5ee34be0a20027af3edab78 - Path: Packages/com.unity.collab-proxy/Editor/Assets/Images/d_iconheckmark.png - Importer: PreviewImporter' with importer (PreviewImporter)
Imported 'GUID: 7843fb01e5ee34be0a20027af3edab78' -> (Import Result ID: '31d0f0611553117b799fc62d260f3960') in 0.008 seconds [static and dynamic dependencies]. Details - ImportResultOutputID=59f444f6ce340729cdfa097cc5c6e665 DependenciesID=681ef2461280cdb1fe94a802317c7ff4 StaticDependenciesID=244f38435aa0f9fe42a7a6318e473830 
Number of updated asset objects reloaded before import = 0
Number of asset objects unloaded after import = 3
========================================================================
Received Import Request.
  Time of request: 2026-09-30T10:21:04.7975409Z
  Time since last request: 0.0004795 seconds.
  importAddress: GUID: 6768dd39d3740af429fb2d88f53390c2 - Path: Packages/com.unity.collab-proxy/Editor/Assets/Images/d_iconignoredoverlay.png - Importer: PreviewImporter
Importing 'GUID: 6768dd39d3740af429fb2d88f53390c2 - Path: Packages/com.unity.collab-proxy/Editor/Assets/Images/d_iconignoredoverlay.png - Importer: PreviewImporter' with importer (PreviewImporter)
Imported 'GUID: 6768dd39d3740af429fb2d88f53390c2' -> (Import Result ID: '018df1bd36feb8d00f575413263ab3e5') in 0.012 seconds [static and dynamic dependencies]. Details - ImportResultOutputID=e47b26d6530f867919fccb08848b9409 DependenciesID=9c31bfdc61d06f3d625d996598dd2bca StaticDependenciesID=02a75d007aba13fc6a65949841a20dd3 
Number of updated asset objects reloaded before import = 0
Number of asset objects unloaded after import = 3
========================================================================
Received Import Request.
  Time of request: 2026-09-30T10:21:04.8316809Z
  Time since last request: 0.000428 seconds.
  importAddress: GUID: 64d1c4e3e3931d64880fdffaf2f4b938 - Path: Packages/com.unity.2d.animation/Editor/Assets/EditorIcons/d_Split Bones@3x.png - Importer: PreviewImporter
Importing 'GUID: 64d1c4e3e3931d64880fdffaf2f4b938 - Path: Packages/com.unity.2d.animation/Editor/Assets/EditorIcons/d_Split Bones@3x.png - Importer: PreviewImporter' with importer (PreviewImporter)
Imported 'GUID: 64d1c4e3e3931d64880fdffaf2f4b938' -> (Import Result ID: 'c72bb64519ce5dbadd54d7100188294d') in 0.009 seconds [static and dynamic dependencies]. Details - ImportResultOutputID=7857a0b27af7bda8c6ec56b7f0a7c063 DependenciesID=e62c51cddb37162d0644370ef8d5eee3 StaticDependenciesID=bd23c7c78aa3eb9f644fe505dbf48b41 
Number of updated asset objects reloaded before import = 0
Number of asset objects unloaded after import = 3
========================================================================
Received Import Request.
  Time of request: 2026-09-30T10:21:04.8604328Z
  Time since last request: 0.0005221 seconds.
  importAddress: GUID: eb56188e070e442c4b93b8856b5c1ab0 - Path: Packages/com.unity.collab-proxy/Editor/Assets/Images/d_iconprivateoverlay@2x.png - Importer: PreviewImporter
Importing 'GUID: eb56188e070e442c4b93b8856b5c1ab0 - Path: Packages/com.unity.collab-proxy/Editor/Assets/Images/d_iconprivateoverlay@2x.png - Importer: PreviewImporter' with importer (PreviewImporter)
Imported 'GUID: eb56188e070e442c4b93b8856b5c1ab0' -> (Import Result ID: 'e677afd1a0d1967f6381c74c9b0ca7f0') in 0.010 seconds [static and dynamic dependencies]. Details - ImportResultOutputID=424542ed96b11480ddbecade6d1614e0 DependenciesID=584f7cfbfdae21659ef27b13f607dc8e StaticDependenciesID=eba4f7079439504d83346a84018e9699 
Number of updated asset objects reloaded before import = 0
Number of asset objects unloaded after import = 3
========================================================================
Received Import Request.
  Time of request: 2026-09-30T10:21:04.8904592Z
  Time since last request: 0.0004155 seconds.
  importAddress: GUID: 7413e47d65010fa4386b2cb8e5c3c0c1 - Path: Packages/com.unity.2d.animation/Editor/Assets/EditorIcons/d_Locked@2x.png - Importer: PreviewImporter
Importing 'GUID: 7413e47d65010fa4386b2cb8e5c3c0c1 - Path: Packages/com.unity.2d.animation/Editor/Assets/EditorIcons/d_Locked@2x.png - Importer: PreviewImporter' with importer (PreviewImporter)
Imported 'GUID: 7413e47d65010fa4386b2cb8e5c3c0c1' -> (Import Result ID: '81f12c386cbe30e418a02d5f061dd6be') in 0.008 seconds [static and dynamic dependencies]. Details - ImportResultOutputID=9a3a7bcbf36a6f1942ebd2d88e32665f DependenciesID=42e3c9f791cc8eb534efd837818519fc StaticDependenciesID=813aea0ec054d39581ea7ba037b8e231 
Number of updated asset objects reloaded before import = 0
Number of asset objects unloaded after import = 3
========================================================================
Received Import Request.
  Time of request: 2026-09-30T10:21:04.9175617Z
  Time since last request: 0.0006504 seconds.
  importAddress: GUID: 4a4dfcc81b0e1214fbbd0003c8ab4070 - Path: Packages/com.unity.collab-proxy/Editor/Assets/Images/d_iconrepository.png - Importer: PreviewImporter
Importing 'GUID: 4a4dfcc81b0e1214fbbd0003c8ab4070 - Path: Packages/com.unity.collab-proxy/Editor/Assets/Images/d_iconrepository.png - Importer: PreviewImporter' with importer (PreviewImporter)
Imported 'GUID: 4a4dfcc81b0e1214fbbd0003c8ab4070' -> (Import Result ID: 'bb2c396718c8455fa0aab680d754969f') in 0.010 seconds [static and dynamic dependencies]. Details - ImportResultOutputID=aac243ff5a8d42267587bd6623bc935b DependenciesID=2daec098fc57d77c4e15da9376714cb8 StaticDependenciesID=177b9813ecb4648995c637eaab7f4d93 
Number of updated asset objects reloaded before import = 0
Number of asset objects unloaded after import = 3
========================================================================
Received Import Request.
  Time of request: 2026-09-30T10:21:04.9474345Z
  Time since last request: 0.0005313 seconds.
  importAddress: GUID: b0e7ed213bccf484e89c4261a7e16f66 - Path: Packages/com.unity.collab-proxy/Editor/Assets/Images/d_iconedit.png - Importer: PreviewImporter
Importing 'GUID: b0e7ed213bccf484e89c4261a7e16f66 - Path: Packages/com.unity.collab-proxy/Editor/Assets/Images/d_iconedit.png - Importer: PreviewImporter' with importer (PreviewImporter)
Imported 'GUID: b0e7ed213bccf484e89c4261a7e16f66' -> (Import Result ID: '640371c6a0ba26fdc86bcc6893a92d6d') in 0.012 seconds [static and dynamic dependencies]. Details - ImportResultOutputID=a53e025b46c8dcc0c5e20193cbbb4ed1 DependenciesID=ab34b4267686dd372697dee9bacaa5b3 StaticDependenciesID=3823d6032f1caf43057205e7954a4ff1 
Number of updated asset objects reloaded before import = 0
Number of asset objects unloaded after import = 3
========================================================================
Received Import Request.
  Time of request: 2026-09-30T10:21:04.9791159Z
  Time since last request: 0.0005912 seconds.
  importAddress: GUID: 49deb65084c2f495d8ee4d010ad486c2 - Path: Packages/com.unity.collab-proxy/Editor/Assets/Images/d_icondiff.png - Importer: PreviewImporter
Importing 'GUID: 49deb65084c2f495d8ee4d010ad486c2 - Path: Packages/com.unity.collab-proxy/Editor/Assets/Images/d_icondiff.png - Importer: PreviewImporter' with importer (PreviewImporter)
Imported 'GUID: 49deb65084c2f495d8ee4d010ad486c2' -> (Import Result ID: 'b00058c5cad75aacc7b0a34fdac691c0') in 0.008 seconds [static and dynamic dependencies]. Details - ImportResultOutputID=bf1e504a3e152986b1dc81787d6499ea DependenciesID=18a371879773ee35757e90d81e85a253 StaticDependenciesID=11722decec12a21296fbfa8f43a527a1 
Number of updated asset objects reloaded before import = 0
Number of asset objects unloaded after import = 3
========================================================================
Received Import Request.
  Time of request: 2026-09-30T10:21:05.0057022Z
  Time since last request: 0.0004348 seconds.
  importAddress: GUID: 8b32b34c806b4de4cb7f04b3344b6966 - Path: Packages/com.unity.collab-proxy/Editor/Assets/Images/d_iconclouddriveview.png - Importer: PreviewImporter
Importing 'GUID: 8b32b34c806b4de4cb7f04b3344b6966 - Path: Packages/com.unity.collab-proxy/Editor/Assets/Images/d_iconclouddriveview.png - Importer: PreviewImporter' with importer (PreviewImporter)
Imported 'GUID: 8b32b34c806b4de4cb7f04b3344b6966' -> (Import Result ID: '29f8551a78cf4e1612e0528d4a597bd2') in 0.011 seconds [static and dynamic dependencies]. Details - ImportResultOutputID=709e4b6465ebaf4d4a681fbf6619a78d DependenciesID=af48a77af9aa47b7cf1c160fa492ee52 StaticDependenciesID=c9e11fa400df189794d9e7f2499f3f99 
Number of updated asset objects reloaded before import = 0
Number of asset objects unloaded after import = 3
========================================================================
Received Import Request.
  Time of request: 2026-09-30T10:21:05.0365804Z
  Time since last request: 0.0006966 seconds.
  importAddress: GUID: 501233c9f1da3ef44b4ff7115f564d9b - Path: Packages/com.unity.2d.animation/Editor/Assets/EditorIcons/d_Create_Vertex@3x.png - Importer: PreviewImporter
Importing 'GUID: 501233c9f1da3ef44b4ff7115f564d9b - Path: Packages/com.unity.2d.animation/Editor/Assets/EditorIcons/d_Create_Vertex@3x.png - Importer: PreviewImporter' with importer (PreviewImporter)
Imported 'GUID: 501233c9f1da3ef44b4ff7115f564d9b' -> (Import Result ID: 'a8c314dfde3b72d7c4ba83581fa0d950') in 0.011 seconds [static and dynamic dependencies]. Details - ImportResultOutputID=8e1c297fc797915a4afdce007b361c56 DependenciesID=0a15d4c26e6d7e281556c7614e1bf066 StaticDependenciesID=f27379246d0afb1d91b677cb68f66afb 
Number of updated asset objects reloaded before import = 0
Number of asset objects unloaded after import = 3
========================================================================
Received Import Request.
  Time of request: 2026-09-30T10:21:05.0662703Z
  Time since last request: 0.0005061 seconds.
  importAddress: GUID: 2d2e8c77fdf4f364c83224444f65fb4d - Path: Packages/com.unity.2d.animation/Editor/Assets/EditorIcons/d_Edit_Geometry@2x.png - Importer: PreviewImporter
Importing 'GUID: 2d2e8c77fdf4f364c83224444f65fb4d - Path: Packages/com.unity.2d.animation/Editor/Assets/EditorIcons/d_Edit_Geometry@2x.png - Importer: PreviewImporter' with importer (PreviewImporter)
Imported 'GUID: 2d2e8c77fdf4f364c83224444f65fb4d' -> (Import Result ID: 'e80c6fae662585dd2d8ea73d5c98d296') in 0.008 seconds [static and dynamic dependencies]. Details - ImportResultOutputID=463b5eaef7c6f12e7aa8c7bd983bfc10 DependenciesID=e155d9d369768526290d404ad94bf2e6 StaticDependenciesID=34aa023046bb5b38d3ad0a2506aace56 
Number of updated asset objects reloaded before import = 0
Number of asset objects unloaded after import = 3
========================================================================
Received Import Request.
  Time of request: 2026-09-30T10:21:05.093491Z
  Time since last request: 0.0004662 seconds.
  importAddress: GUID: f6ea7eb320af940f6ade67ef3befef89 - Path: Packages/com.unity.collab-proxy/Editor/Assets/Images/d_iconincomingchangesview.png - Importer: PreviewImporter
Importing 'GUID: f6ea7eb320af940f6ade67ef3befef89 - Path: Packages/com.unity.collab-proxy/Editor/Assets/Images/d_iconincomingchangesview.png - Importer: PreviewImporter' with importer (PreviewImporter)
Imported 'GUID: f6ea7eb320af940f6ade67ef3befef89' -> (Import Result ID: '114bbf5b3c30eca32eb357ab1520b890') in 0.008 seconds [static and dynamic dependencies]. Details - ImportResultOutputID=c293bbe039cbb1e01df0313bc6d8a439 DependenciesID=65d1d122361fe90b79f8ce110d68942b StaticDependenciesID=7042421ffd584782c135d80f7da472a9 
Number of updated asset objects reloaded before import = 0
Number of asset objects unloaded after import = 3
========================================================================
Received Import Request.
  Time of request: 2026-09-30T10:21:05.1227042Z
  Time since last request: 0.0004532 seconds.
  importAddress: GUID: 2ced226d9df062547882002f633ab6ee - Path: Packages/com.unity.2d.animation/Editor/Assets/EditorIcons/d_Create_Vertex@4x.png - Importer: PreviewImporter
Importing 'GUID: 2ced226d9df062547882002f633ab6ee - Path: Packages/com.unity.2d.animation/Editor/Assets/EditorIcons/d_Create_Vertex@4x.png - Importer: PreviewImporter' with importer (PreviewImporter)
Imported 'GUID: 2ced226d9df062547882002f633ab6ee' -> (Import Result ID: 'd17aae650abf8565c6da85cbdf572a3a') in 0.008 seconds [static and dynamic dependencies]. Details - ImportResultOutputID=42c25be20196d12260de0148f64eb2b1 DependenciesID=b998c077ee30545aeed028a38772dce3 StaticDependenciesID=7cb8e8bc72390b9b754b3c43001260da 
Number of updated asset objects reloaded before import = 0
Number of asset objects unloaded after import = 3
========================================================================
Received Import Request.
  Time of request: 2026-09-30T10:21:05.1499278Z
  Time since last request: 0.0008762 seconds.
  importAddress: GUID: 428f6dbb540e04806b5f7de85468b51a - Path: Packages/com.unity.collab-proxy/Editor/Assets/Images/d_icondiff@2x.png - Importer: PreviewImporter
Importing 'GUID: 428f6dbb540e04806b5f7de85468b51a - Path: Packages/com.unity.collab-proxy/Editor/Assets/Images/d_icondiff@2x.png - Importer: PreviewImporter' with importer (PreviewImporter)
Imported 'GUID: 428f6dbb540e04806b5f7de85468b51a' -> (Import Result ID: '21a65dff78a20cce12a25fc78b0ebb6d') in 0.008 seconds [static and dynamic dependencies]. Details - ImportResultOutputID=cca99d2876c413825de25704b63f7aa5 DependenciesID=a970bfbb4077524d4b5b34126fa120dc StaticDependenciesID=b0aa021efe6df6e097b0e2196cf8bb16 
Number of updated asset objects reloaded before import = 0
Number of asset objects unloaded after import = 3
========================================================================
Received Import Request.
  Time of request: 2026-09-30T10:21:05.1784096Z
  Time since last request: 0.0004121 seconds.
  importAddress: GUID: 3b5ad4dfc78124a489bb5c48a4b57195 - Path: Packages/com.unity.2d.animation/Editor/Assets/EditorIcons/d_Copy@3x.png - Importer: PreviewImporter
Importing 'GUID: 3b5ad4dfc78124a489bb5c48a4b57195 - Path: Packages/com.unity.2d.animation/Editor/Assets/EditorIcons/d_Copy@3x.png - Importer: PreviewImporter' with importer (PreviewImporter)
Imported 'GUID: 3b5ad4dfc78124a489bb5c48a4b57195' -> (Import Result ID: '793d75c653dd3d0715912a6761ec295f') in 0.011 seconds [static and dynamic dependencies]. Details - ImportResultOutputID=74c68d8d635a999766218223f95bba73 DependenciesID=53352466e0bf5be4b72e1d84625bf274 StaticDependenciesID=14a967f630c44c412d2998a6067867cd 
Number of updated asset objects reloaded before import = 0
Number of asset objects unloaded after import = 3
========================================================================
Received Import Request.
  Time of request: 2026-09-30T10:21:05.2124293Z
  Time since last request: 0.0004884 seconds.
  importAddress: GUID: ebaf5b914f751a142b6851d985adf69d - Path: Packages/com.unity.2d.animation/Editor/Assets/EditorIcons/d_Create_Edge@2x.png - Importer: PreviewImporter
Importing 'GUID: ebaf5b914f751a142b6851d985adf69d - Path: Packages/com.unity.2d.animation/Editor/Assets/EditorIcons/d_Create_Edge@2x.png - Importer: PreviewImporter' with importer (PreviewImporter)
Imported 'GUID: ebaf5b914f751a142b6851d985adf69d' -> (Import Result ID: 'bfb6939ca5d1a2c2d07ae8c6ef7faae6') in 0.010 seconds [static and dynamic dependencies]. Details - ImportResultOutputID=d745341177727753af2bc1b69353e703 DependenciesID=b8fd2800114fde38a874b47849b48425 StaticDependenciesID=99c2067448fdc4f9a44d95921c033b6e 
Number of updated asset objects reloaded before import = 0
Number of asset objects unloaded after import = 3
========================================================================
Received Import Request.
  Time of request: 2026-09-30T10:21:05.2443992Z
  Time since last request: 0.0004613 seconds.
  importAddress: GUID: fea84712d555ee04a8147088aad76931 - Path: Packages/com.unity.2d.animation/Editor/Assets/EditorIcons/d_Create Bones@2x.png - Importer: PreviewImporter
Importing 'GUID: fea84712d555ee04a8147088aad76931 - Path: Packages/com.unity.2d.animation/Editor/Assets/EditorIcons/d_Create Bones@2x.png - Importer: PreviewImporter' with importer (PreviewImporter)
Imported 'GUID: fea84712d555ee04a8147088aad76931' -> (Import Result ID: '60c7416ac0e34c3aa205ce4ae7835041') in 0.008 seconds [static and dynamic dependencies]. Details - ImportResultOutputID=52ec5293cd959df7d60673898133aed9 DependenciesID=a819596e4a455542d66de0452a39bf65 StaticDependenciesID=b836053bb31866b30ce7c9c2b2b655a7 
Number of updated asset objects reloaded before import = 0
Number of asset objects unloaded after import = 3
========================================================================
Received Import Request.
  Time of request: 2026-09-30T10:21:05.274164Z
  Time since last request: 0.0006039 seconds.
  importAddress: GUID: b4b58192a0265df4980d56bf9054df08 - Path: Packages/com.unity.2d.animation/Editor/Assets/EditorIcons/d_Create Bones.png - Importer: PreviewImporter
Importing 'GUID: b4b58192a0265df4980d56bf9054df08 - Path: Packages/com.unity.2d.animation/Editor/Assets/EditorIcons/d_Create Bones.png - Importer: PreviewImporter' with importer (PreviewImporter)
Imported 'GUID: b4b58192a0265df4980d56bf9054df08' -> (Import Result ID: 'ee19ba6f570ca20c0842b6acc30d41e4') in 0.009 seconds [static and dynamic dependencies]. Details - ImportResultOutputID=9ee8931c42a730f80cbd0cd7ef0881bd DependenciesID=b4bf784dafd1599481742d74aeb5aaa3 StaticDependenciesID=95b5190ac7f4e6033aaf167b18037ca0 
Number of updated asset objects reloaded before import = 0
Number of asset objects unloaded after import = 3
========================================================================
Received Import Request.
  Time of request: 2026-09-30T10:21:05.3047495Z
  Time since last request: 0.0005185 seconds.
  importAddress: GUID: 0ff8fd73a1ad1284eb30ab319560b4c7 - Path: Packages/com.unity.2d.animation/Editor/Assets/EditorIcons/d_Edit_Geometry@3x.png - Importer: PreviewImporter
Importing 'GUID: 0ff8fd73a1ad1284eb30ab319560b4c7 - Path: Packages/com.unity.2d.animation/Editor/Assets/EditorIcons/d_Edit_Geometry@3x.png - Importer: PreviewImporter' with importer (PreviewImporter)
Imported 'GUID: 0ff8fd73a1ad1284eb30ab319560b4c7' -> (Import Result ID: 'bd07bc8c43e9396e29a281cd8f04e758') in 0.011 seconds [static and dynamic dependencies]. Details - ImportResultOutputID=e990794a86292dd336138db5c58a5c37 DependenciesID=31469115aa9e775c70ed6285734a0315 StaticDependenciesID=4986d45105c2eed90cabc05e4071a3a0 
Number of updated asset objects reloaded before import = 0
Number of asset objects unloaded after import = 3
========================================================================
Received Import Request.
  Time of request: 2026-09-30T10:21:05.3365284Z
  Time since last request: 0.0004457 seconds.
  importAddress: GUID: 56f61a79c270140abaf437ddccf9e4ca - Path: Packages/com.unity.2d.tilemap.extras/Editor/Brushes/RandomBrush/d_RandomBrush@4x.png - Importer: PreviewImporter
Importing 'GUID: 56f61a79c270140abaf437ddccf9e4ca - Path: Packages/com.unity.2d.tilemap.extras/Editor/Brushes/RandomBrush/d_RandomBrush@4x.png - Importer: PreviewImporter' with importer (PreviewImporter)
Imported 'GUID: 56f61a79c270140abaf437ddccf9e4ca' -> (Import Result ID: 'ed540fd6b2ee6c264aa535b3195c1a90') in 0.012 seconds [static and dynamic dependencies]. Details - ImportResultOutputID=066a9e20b6944fcf8f073078a59b16c3 DependenciesID=1bb186ad294bd480c68c194a3f0da71a StaticDependenciesID=850068e87902f81f4041588d9be95655 
Number of updated asset objects reloaded before import = 0
Number of asset objects unloaded after import = 3
========================================================================
Received Import Request.
  Time of request: 2026-09-30T10:21:05.3685744Z
  Time since last request: 0.0005013 seconds.
  importAddress: GUID: 3533393d67b7f45f8a9ca927bdd0d47f - Path: Packages/com.unity.2d.tilemap.extras/Editor/Brushes/LineBrush/d_LineBrush.png - Importer: PreviewImporter
Importing 'GUID: 3533393d67b7f45f8a9ca927bdd0d47f - Path: Packages/com.unity.2d.tilemap.extras/Editor/Brushes/LineBrush/d_LineBrush.png - Importer: PreviewImporter' with importer (PreviewImporter)
Imported 'GUID: 3533393d67b7f45f8a9ca927bdd0d47f' -> (Import Result ID: '5b20438b58b6329b97ed5333cd6bcbc3') in 0.051 seconds [static and dynamic dependencies]. Details - ImportResultOutputID=add9e62298680d8b8d127116420ab427 DependenciesID=0c18cbd7f8c51362d79a109302664f16 StaticDependenciesID=5ac3d8e7d858a55383d55f22c603f2e7 
Number of updated asset objects reloaded before import = 0
Number of asset objects unloaded after import = 3
========================================================================
Received Import Request.
  Time of request: 2026-09-30T10:21:05.4391573Z
  Time since last request: 0.0003623 seconds.
  importAddress: GUID: fb519413feea947a6a64d10369922196 - Path: Packages/com.unity.collab-proxy/Editor/Assets/Images/d_iconzoomtofit@2x.png - Importer: PreviewImporter
Importing 'GUID: fb519413feea947a6a64d10369922196 - Path: Packages/com.unity.collab-proxy/Editor/Assets/Images/d_iconzoomtofit@2x.png - Importer: PreviewImporter' with importer (PreviewImporter)
Imported 'GUID: fb519413feea947a6a64d10369922196' -> (Import Result ID: '14f9bfa76ad8c7379738b97848e6ed90') in 0.011 seconds [static and dynamic dependencies]. Details - ImportResultOutputID=0846cd0100f6f1a2f36015638ae58e87 DependenciesID=19b60b8d5fb6014a6437f3d201d83367 StaticDependenciesID=b6c444bd10096af39b06474fd56e35c3 
Number of updated asset objects reloaded before import = 0
Number of asset objects unloaded after import = 3
========================================================================
Received Import Request.
  Time of request: 2026-09-30T10:21:05.4709652Z
  Time since last request: 0.0011105 seconds.
  importAddress: GUID: 0292e97c3662741749dc97edf5bbaa66 - Path: Packages/com.unity.2d.animation/Editor/Assets/EditorIcons/d_SetPivot@4x.png - Importer: PreviewImporter
Importing 'GUID: 0292e97c3662741749dc97edf5bbaa66 - Path: Packages/com.unity.2d.animation/Editor/Assets/EditorIcons/d_SetPivot@4x.png - Importer: PreviewImporter' with importer (PreviewImporter)
Imported 'GUID: 0292e97c3662741749dc97edf5bbaa66' -> (Import Result ID: '9ad2001652b6476af5936a8275c45361') in 0.010 seconds [static and dynamic dependencies]. Details - ImportResultOutputID=59a00437c80facc82b1890e1d9abb811 DependenciesID=128f9a1e81fc4fe274466c39cdd94813 StaticDependenciesID=1e2a759a35f332a884567a5cbd119a83 
Number of updated asset objects reloaded before import = 0
Number of asset objects unloaded after import = 3
========================================================================
Received Import Request.
  Time of request: 2026-09-30T10:21:05.5008005Z
  Time since last request: 0.0003591 seconds.
  importAddress: GUID: 0bf67b4360dc1cd4caa0338c55219e9e - Path: Packages/com.unity.2d.animation/Editor/Assets/EditorIcons/d_Split Bones@4x.png - Importer: PreviewImporter
Importing 'GUID: 0bf67b4360dc1cd4caa0338c55219e9e - Path: Packages/com.unity.2d.animation/Editor/Assets/EditorIcons/d_Split Bones@4x.png - Importer: PreviewImporter' with importer (PreviewImporter)
Imported 'GUID: 0bf67b4360dc1cd4caa0338c55219e9e' -> (Import Result ID: 'e2eeed66ac9868f6f9bf34672ead21cb') in 0.011 seconds [static and dynamic dependencies]. Details - ImportResultOutputID=0a9eb0b336174ca7eb97f8c2782fa0e7 DependenciesID=02890c8aeaff26747f94e68df99fd2ee StaticDependenciesID=be2f6c6875bbc96f867132976d575c40 
Number of updated asset objects reloaded before import = 0
Number of asset objects unloaded after import = 3
========================================================================
Received Import Request.
  Time of request: 2026-09-30T10:21:05.5351114Z
  Time since last request: 0.0004624 seconds.
  importAddress: GUID: 80a2a0d76c01997428d4213411145e8c - Path: Packages/com.unity.2d.animation/Editor/Assets/EditorIcons/d_Create_Vertex@2x.png - Importer: PreviewImporter
Importing 'GUID: 80a2a0d76c01997428d4213411145e8c - Path: Packages/com.unity.2d.animation/Editor/Assets/EditorIcons/d_Create_Vertex@2x.png - Importer: PreviewImporter' with importer (PreviewImporter)
Imported 'GUID: 80a2a0d76c01997428d4213411145e8c' -> (Import Result ID: '2ffaee88d587c1d897b2eb7ed2c46631') in 0.010 seconds [static and dynamic dependencies]. Details - ImportResultOutputID=9967223e3b1e0a9d9d9527bac7ee9626 DependenciesID=0256d6d9af9165bd3f2f3ad4c76f6a67 StaticDependenciesID=2a04e29191694401df16da870a7983ed 
Number of updated asset objects reloaded before import = 0
Number of asset objects unloaded after import = 3
========================================================================
Received Import Request.
  Time of request: 2026-09-30T10:21:05.5681451Z
  Time since last request: 0.0008207 seconds.
  importAddress: GUID: a855026b258150c418b14e56540f642a - Path: Packages/com.unity.2d.animation/Editor/Assets/EditorIcons/d_Edit_Geometry.png - Importer: PreviewImporter
Importing 'GUID: a855026b258150c418b14e56540f642a - Path: Packages/com.unity.2d.animation/Editor/Assets/EditorIcons/d_Edit_Geometry.png - Importer: PreviewImporter' with importer (PreviewImporter)
Imported 'GUID: a855026b258150c418b14e56540f642a' -> (Import Result ID: 'da2ea4afe42300d2a18752ddd72e79d5') in 0.013 seconds [static and dynamic dependencies]. Details - ImportResultOutputID=a7842bac74cf679eeb2547e197ce6e5e DependenciesID=c7aa003dbb82d3000ac6490fc245a976 StaticDependenciesID=d9cb3279906c474af502112faeb1fe60 
Number of updated asset objects reloaded before import = 0
Number of asset objects unloaded after import = 3
========================================================================
Received Import Request.
  Time of request: 2026-09-30T10:21:05.6036513Z
  Time since last request: 0.0006121 seconds.
  importAddress: GUID: 9b17bb516dcde4f24a6183d3f09501e4 - Path: Packages/com.unity.collab-proxy/Editor/Assets/Images/d_iconzoomtofit.png - Importer: PreviewImporter
Importing 'GUID: 9b17bb516dcde4f24a6183d3f09501e4 - Path: Packages/com.unity.collab-proxy/Editor/Assets/Images/d_iconzoomtofit.png - Importer: PreviewImporter' with importer (PreviewImporter)
Imported 'GUID: 9b17bb516dcde4f24a6183d3f09501e4' -> (Import Result ID: '94a3e467000fb77b4540c9ca60a3d45a') in 0.021 seconds [static and dynamic dependencies]. Details - ImportResultOutputID=40e29538ca4c942e6387c1f1c7fe3ddd DependenciesID=52fe887bf59cb6f13be6c1011a2d9806 StaticDependenciesID=2c187ada3074dbabf4999e64e60a061c 
Number of updated asset objects reloaded before import = 0
Number of asset objects unloaded after import = 3
========================================================================
Received Import Request.
  Time of request: 2026-09-30T10:21:05.6450041Z
  Time since last request: 0.0006908 seconds.
  importAddress: GUID: 59eedc7f076ac5749993ec0e94b87af3 - Path: Packages/com.unity.collab-proxy/Editor/Assets/Images/d_iconclouddriveview@2x.png - Importer: PreviewImporter
Importing 'GUID: 59eedc7f076ac5749993ec0e94b87af3 - Path: Packages/com.unity.collab-proxy/Editor/Assets/Images/d_iconclouddriveview@2x.png - Importer: PreviewImporter' with importer (PreviewImporter)
Imported 'GUID: 59eedc7f076ac5749993ec0e94b87af3' -> (Import Result ID: 'f6c65ca0e29ede9cb31e485be7296ff0') in 0.012 seconds [static and dynamic dependencies]. Details - ImportResultOutputID=4b4f0098784105c36216d93a33fe4528 DependenciesID=a5babe9c42c00df6f7dc9462894d9351 StaticDependenciesID=4e8aa66379aa71d8059bf87171cebd21 
Number of updated asset objects reloaded before import = 0
Number of asset objects unloaded after import = 3
========================================================================
Received Import Request.
  Time of request: 2026-09-30T10:21:05.6765652Z
  Time since last request: 0.0005674 seconds.
  importAddress: GUID: a36e66e044a5fd94ca570351917c6bda - Path: Packages/com.unity.collab-proxy/Editor/Assets/Images/d_iconedit@2x.png - Importer: PreviewImporter
Importing 'GUID: a36e66e044a5fd94ca570351917c6bda - Path: Packages/com.unity.collab-proxy/Editor/Assets/Images/d_iconedit@2x.png - Importer: PreviewImporter' with importer (PreviewImporter)
Imported 'GUID: a36e66e044a5fd94ca570351917c6bda' -> (Import Result ID: '5bfc9cdb03233952693fb2667488ae86') in 0.011 seconds [static and dynamic dependencies]. Details - ImportResultOutputID=5f33c391f7fb720ef00bbff6813fa078 DependenciesID=ae2ecdc0098b888524c37f44b198a5ee StaticDependenciesID=24e9165ea3c655e17f6f216e785cf4f6 
Number of updated asset objects reloaded before import = 0
Number of asset objects unloaded after import = 3
========================================================================
Received Import Request.
  Time of request: 2026-09-30T10:21:06.9054623Z
  Time since last request: 1.1947083 seconds.
  importAddress: GUID: 6f11428fb25804d439c7d1c42803828a - Path: Packages/com.unity.collab-proxy/Editor/Assets/Images/iconarrowdown.png - Importer: PreviewImporter
Importing 'GUID: 6f11428fb25804d439c7d1c42803828a - Path: Packages/com.unity.collab-proxy/Editor/Assets/Images/iconarrowdown.png - Importer: PreviewImporter' with importer (PreviewImporter)
Imported 'GUID: 6f11428fb25804d439c7d1c42803828a' -> (Import Result ID: '045a2e230345be412b93829eebbc0c64') in 0.015 seconds [static and dynamic dependencies]. Details - ImportResultOutputID=3ef5a18aad904388a8f49be689bb38d5 DependenciesID=5ec2e73c25c65fd846d003d940668613 StaticDependenciesID=1ad59f5d60a5332fe75202f38e9d1efb 
Number of updated asset objects reloaded before import = 0
Number of asset objects unloaded after import = 3
========================================================================
Received Import Request.
  Time of request: 2026-09-30T10:21:06.9443844Z
  Time since last request: 0.000908 seconds.
  importAddress: GUID: 87480bc179519ff4da25283c61c2573b - Path: Packages/com.unity.collab-proxy/Editor/Assets/Images/iconbrex.png - Importer: PreviewImporter
Importing 'GUID: 87480bc179519ff4da25283c61c2573b - Path: Packages/com.unity.collab-proxy/Editor/Assets/Images/iconbrex.png - Importer: PreviewImporter' with importer (PreviewImporter)
Imported 'GUID: 87480bc179519ff4da25283c61c2573b' -> (Import Result ID: '6b459b93162e4f91cae23256befb4e20') in 0.057 seconds [static and dynamic dependencies]. Details - ImportResultOutputID=5df031cc14650be86183e8ccc005a74f DependenciesID=04fcc217f1d882bc4bb3bcdd9a305c10 StaticDependenciesID=b344a21d59a3db20629b8ef5015d4e21 
Number of updated asset objects reloaded before import = 0
Number of asset objects unloaded after import = 3
========================================================================
Received Import Request.
  Time of request: 2026-09-30T10:21:07.0280222Z
  Time since last request: 0.0003018 seconds.
  importAddress: GUID: 752ba7759bdbd45c59b7e7df302ea223 - Path: Packages/com.unity.collab-proxy/Editor/Assets/Images/iconarrowdown@2x.png - Importer: PreviewImporter
Importing 'GUID: 752ba7759bdbd45c59b7e7df302ea223 - Path: Packages/com.unity.collab-proxy/Editor/Assets/Images/iconarrowdown@2x.png - Importer: PreviewImporter' with importer (PreviewImporter)
Imported 'GUID: 752ba7759bdbd45c59b7e7df302ea223' -> (Import Result ID: 'eb3359427b1e5fd66388c699e9b86d8b') in 0.016 seconds [static and dynamic dependencies]. Details - ImportResultOutputID=93e2a475403642d7b0d8b05d8f2dadeb DependenciesID=c1788cbbc4e1c56e4605f652705cbaf9 StaticDependenciesID=638ec3513ae525b5412ef7c6b3681b40 
Number of updated asset objects reloaded before import = 0
Number of asset objects unloaded after import = 3
========================================================================
Received Prepare
AcceleratorClientConnectionCallback - disconnected - :0
[Licensing::Client] Successfully resolved entitlement details
Begin MonoManager ReloadAssembly
'Packages/com.unity.render-pipelines.core/Editor/Deprecated.cs' contains partial class of Unity.Object, exactly 1 of the partial classes needs to be in a file with the same filename. This is to know the one that can be referenced from ie. GameObjects
'Packages/com.unity.render-pipelines.core/Editor/Deprecated.cs' contains partial class of Unity.Object, exactly 1 of the partial classes needs to be in a file with the same filename. This is to know the one that can be referenced from ie. GameObjects
Refreshing native plugins compatible for Editor in 2.94 ms, found 5 plugins.
Native extension for WindowsStandalone target not found
Native extension for WebGL target not found
[Package Manager] Failed to launch server process. Reason: Unity was launched with the -noUpm command-line argument
[Package Manager] Unable to send message (not connected to server process).
[Package Manager] Cannot connect to Unity Package Manager local server
[Package Manager] Failed to launch server process. Reason: Unity was launched with the -noUpm command-line argument
[Package Manager] Unable to send message (not connected to server process).
[Package Manager] Cannot connect to Unity Package Manager local server
ScheduleIndexationOnStartup MainProcess:False IndexOnStartup:True
Scripting: successfully reloaded assembly
- Finished resetting the current domain, in  1.346 seconds
Domain Reload Profiling: 2942ms
	BeginReloadAssembly (559ms)
		DisableScriptedObjects (56ms)
		CreateAndSetChildDomain (157ms)
	RebuildCommonClasses (20ms)
	RebuildNativeTypeToScriptingClass (29ms)
	initialDomainReloadingComplete (125ms)
	LoadAllAssembliesAndSetupDomain (861ms)
		LoadAssemblies (731ms)
		TypeCache.Refresh (11ms)
		AnalyzeDomain (15ms)
			ResolveRequiredComponents (9ms)
	FinalizeReload (1348ms)
		SetupLoadedEditorAssemblies (0ms)
			LogAssemblyErrors (4ms)
			InitializePlatformSupportModulesInManaged (4ms)
			BeforeProcessingInitializeOnLoad (222ms)
			ProcessInitializeOnLoadAttributes (482ms)
			ProcessInitializeOnLoadMethodAttributes (166ms)
			AfterProcessingInitializeOnLoad (12ms)
			EditorAssembliesLoaded (3ms)
		AwakeInstancesAfterBackupRestoration (40ms)
Refreshing native plugins compatible for Editor in 4.42 ms, found 5 plugins.
Unloading 24 Unused Serialized files (Serialized files now loaded: 0)
Unloading 6986 unused Assets / (6.1 MB). Loaded Objects now: 8047.
Memory consumption went from 402.1 MB to 396.0 MB.
Total: 25.545600 ms (FindLiveObjects: 2.274100 ms CreateObjectMapping: 1.255200 ms MarkObjects: 17.035900 ms  DeleteObjects: 4.654400 ms)

Prepare: number of updated asset objects reloaded= 0
========================================================================
Received Prepare
AcceleratorClientConnectionCallback - disconnected - :0
Begin MonoManager ReloadAssembly
'Packages/com.unity.render-pipelines.core/Editor/Deprecated.cs' contains partial class of Unity.Object, exactly 1 of the partial classes needs to be in a file with the same filename. This is to know the one that can be referenced from ie. GameObjects
'Packages/com.unity.render-pipelines.core/Editor/Deprecated.cs' contains partial class of Unity.Object, exactly 1 of the partial classes needs to be in a file with the same filename. This is to know the one that can be referenced from ie. GameObjects
Refreshing native plugins compatible for Editor in 3.33 ms, found 5 plugins.
Native extension for WindowsStandalone target not found
Native extension for WebGL target not found
[Package Manager] Failed to launch server process. Reason: Unity was launched with the -noUpm command-line argument
[Package Manager] Unable to send message (not connected to server process).
[Package Manager] Cannot connect to Unity Package Manager local server
[Package Manager] Failed to launch server process. Reason: Unity was launched with the -noUpm command-line argument
[Package Manager] Unable to send message (not connected to server process).
[Package Manager] Cannot connect to Unity Package Manager local server
ScheduleIndexationOnStartup MainProcess:False IndexOnStartup:True
Scripting: successfully reloaded assembly
- Finished resetting the current domain, in  1.342 seconds
Domain Reload Profiling: 2669ms
	BeginReloadAssembly (449ms)
		DisableScriptedObjects (32ms)
		CreateAndSetChildDomain (106ms)
	RebuildCommonClasses (21ms)
	RebuildNativeTypeToScriptingClass (38ms)
	initialDomainReloadingComplete (98ms)
	LoadAllAssembliesAndSetupDomain (719ms)
		LoadAssemblies (589ms)
		TypeCache.Refresh (10ms)
		AnalyzeDomain (14ms)
			ResolveRequiredComponents (9ms)
	FinalizeReload (1344ms)
		SetupLoadedEditorAssemblies (0ms)
			LogAssemblyErrors (3ms)
			InitializePlatformSupportModulesInManaged (3ms)
			BeforeProcessingInitializeOnLoad (203ms)
			ProcessInitializeOnLoadAttributes (450ms)
			ProcessInitializeOnLoadMethodAttributes (186ms)
			AfterProcessingInitializeOnLoad (11ms)
			EditorAssembliesLoaded (3ms)
		AwakeInstancesAfterBackupRestoration (43ms)
Refreshing native plugins compatible for Editor in 2.81 ms, found 5 plugins.
Unloading 24 Unused Serialized files (Serialized files now loaded: 0)
Unloading 6986 unused Assets / (5.9 MB). Loaded Objects now: 8050.
Memory consumption went from 407.6 MB to 401.8 MB.
Total: 13.955300 ms (FindLiveObjects: 2.051900 ms CreateObjectMapping: 0.784400 ms MarkObjects: 8.086500 ms  DeleteObjects: 2.717100 ms)

Prepare: number of updated asset objects reloaded= 0
========================================================================
Received Prepare
AcceleratorClientConnectionCallback - disconnected - :0
[Licensing::Client] Successfully resolved entitlement details
Begin MonoManager ReloadAssembly
'Packages/com.unity.render-pipelines.core/Editor/Deprecated.cs' contains partial class of Unity.Object, exactly 1 of the partial classes needs to be in a file with the same filename. This is to know the one that can be referenced from ie. GameObjects
'Packages/com.unity.render-pipelines.core/Editor/Deprecated.cs' contains partial class of Unity.Object, exactly 1 of the partial classes needs to be in a file with the same filename. This is to know the one that can be referenced from ie. GameObjects
Refreshing native plugins compatible for Editor in 2.63 ms, found 5 plugins.
Native extension for WindowsStandalone target not found
Native extension for WebGL target not found
[Package Manager] Failed to launch server process. Reason: Unity was launched with the -noUpm command-line argument
[Package Manager] Unable to send message (not connected to server process).
[Package Manager] Cannot connect to Unity Package Manager local server
[Package Manager] Failed to launch server process. Reason: Unity was launched with the -noUpm command-line argument
[Package Manager] Unable to send message (not connected to server process).
[Package Manager] Cannot connect to Unity Package Manager local server
ScheduleIndexationOnStartup MainProcess:False IndexOnStartup:True
Scripting: successfully reloaded assembly
- Finished resetting the current domain, in  1.284 seconds
Domain Reload Profiling: 2594ms
	BeginReloadAssembly (454ms)
		DisableScriptedObjects (32ms)
		CreateAndSetChildDomain (104ms)
	RebuildCommonClasses (22ms)
	RebuildNativeTypeToScriptingClass (38ms)
	initialDomainReloadingComplete (103ms)
	LoadAllAssembliesAndSetupDomain (692ms)
		LoadAssemblies (549ms)
		TypeCache.Refresh (12ms)
		AnalyzeDomain (15ms)
			ResolveRequiredComponents (10ms)
	FinalizeReload (1285ms)
		SetupLoadedEditorAssemblies (0ms)
			LogAssemblyErrors (4ms)
			InitializePlatformSupportModulesInManaged (5ms)
			BeforeProcessingInitializeOnLoad (200ms)
			ProcessInitializeOnLoadAttributes (448ms)
			ProcessInitializeOnLoadMethodAttributes (174ms)
			AfterProcessingInitializeOnLoad (10ms)
			EditorAssembliesLoaded (3ms)
		AwakeInstancesAfterBackupRestoration (41ms)
Refreshing native plugins compatible for Editor in 3.36 ms, found 5 plugins.
Unloading 24 Unused Serialized files (Serialized files now loaded: 0)
Unloading 6986 unused Assets / (6.8 MB). Loaded Objects now: 8053.
Memory consumption went from 413.2 MB to 406.4 MB.
Total: 14.521900 ms (FindLiveObjects: 1.515500 ms CreateObjectMapping: 0.632500 ms MarkObjects: 9.699700 ms  DeleteObjects: 2.359200 ms)

Prepare: number of updated asset objects reloaded= 0
========================================================================
Received Prepare
AcceleratorClientConnectionCallback - disconnected - :0
Begin MonoManager ReloadAssembly
'Packages/com.unity.render-pipelines.core/Editor/Deprecated.cs' contains partial class of Unity.Object, exactly 1 of the partial classes needs to be in a file with the same filename. This is to know the one that can be referenced from ie. GameObjects
'Packages/com.unity.render-pipelines.core/Editor/Deprecated.cs' contains partial class of Unity.Object, exactly 1 of the partial classes needs to be in a file with the same filename. This is to know the one that can be referenced from ie. GameObjects
Refreshing native plugins compatible for Editor in 2.46 ms, found 5 plugins.
Native extension for WindowsStandalone target not found
Native extension for WebGL target not found
[Package Manager] Failed to launch server process. Reason: Unity was launched with the -noUpm command-line argument
[Package Manager] Unable to send message (not connected to server process).
[Package Manager] Cannot connect to Unity Package Manager local server
[Package Manager] Failed to launch server process. Reason: Unity was launched with the -noUpm command-line argument
[Package Manager] Unable to send message (not connected to server process).
[Package Manager] Cannot connect to Unity Package Manager local server
ScheduleIndexationOnStartup MainProcess:False IndexOnStartup:True
Scripting: successfully reloaded assembly
- Finished resetting the current domain, in  1.286 seconds
Domain Reload Profiling: 2623ms
	BeginReloadAssembly (484ms)
		DisableScriptedObjects (72ms)
		CreateAndSetChildDomain (101ms)
	RebuildCommonClasses (25ms)
	RebuildNativeTypeToScriptingClass (31ms)
	initialDomainReloadingComplete (100ms)
	LoadAllAssembliesAndSetupDomain (695ms)
		LoadAssemblies (587ms)
		TypeCache.Refresh (11ms)
		AnalyzeDomain (13ms)
			ResolveRequiredComponents (8ms)
	FinalizeReload (1289ms)
		SetupLoadedEditorAssemblies (0ms)
			LogAssemblyErrors (3ms)
			InitializePlatformSupportModulesInManaged (3ms)
			BeforeProcessingInitializeOnLoad (194ms)
			ProcessInitializeOnLoadAttributes (448ms)
			ProcessInitializeOnLoadMethodAttributes (156ms)
			AfterProcessingInitializeOnLoad (8ms)
		AwakeInstancesAfterBackupRestoration (40ms)
Refreshing native plugins compatible for Editor in 3.96 ms, found 5 plugins.
Unloading 24 Unused Serialized files (Serialized files now loaded: 0)
Unloading 6986 unused Assets / (7.0 MB). Loaded Objects now: 8056.
Memory consumption went from 418.7 MB to 411.8 MB.
Total: 14.407700 ms (FindLiveObjects: 1.412300 ms CreateObjectMapping: 0.593500 ms MarkObjects: 9.141500 ms  DeleteObjects: 2.931000 ms)

Prepare: number of updated asset objects reloaded= 0
========================================================================
Received Prepare
AcceleratorClientConnectionCallback - disconnected - :0
[Licensing::Client] Successfully resolved entitlement details
Begin MonoManager ReloadAssembly
'Packages/com.unity.render-pipelines.core/Editor/Deprecated.cs' contains partial class of Unity.Object, exactly 1 of the partial classes needs to be in a file with the same filename. This is to know the one that can be referenced from ie. GameObjects
'Packages/com.unity.render-pipelines.core/Editor/Deprecated.cs' contains partial class of Unity.Object, exactly 1 of the partial classes needs to be in a file with the same filename. This is to know the one that can be referenced from ie. GameObjects
Refreshing native plugins compatible for Editor in 3.25 ms, found 5 plugins.
Native extension for WindowsStandalone target not found
Native extension for WebGL target not found
[Package Manager] Failed to launch server process. Reason: Unity was launched with the -noUpm command-line argument
[Package Manager] Unable to send message (not connected to server process).
[Package Manager] Cannot connect to Unity Package Manager local server
[Package Manager] Failed to launch server process. Reason: Unity was launched with the -noUpm command-line argument
[Package Manager] Unable to send message (not connected to server process).
[Package Manager] Cannot connect to Unity Package Manager local server
ScheduleIndexationOnStartup MainProcess:False IndexOnStartup:True
Scripting: successfully reloaded assembly
- Finished resetting the current domain, in  1.259 seconds
Domain Reload Profiling: 2572ms
	BeginReloadAssembly (432ms)
		DisableScriptedObjects (31ms)
		CreateAndSetChildDomain (91ms)
	RebuildCommonClasses (20ms)
	RebuildNativeTypeToScriptingClass (33ms)
	initialDomainReloadingComplete (112ms)
	LoadAllAssembliesAndSetupDomain (714ms)
		LoadAssemblies (582ms)
		TypeCache.Refresh (11ms)
		AnalyzeDomain (14ms)
			ResolveRequiredComponents (9ms)
	FinalizeReload (1262ms)
		SetupLoadedEditorAssemblies (0ms)
			LogAssemblyErrors (3ms)
			InitializePlatformSupportModulesInManaged (3ms)
			BeforeProcessingInitializeOnLoad (199ms)
			ProcessInitializeOnLoadAttributes (407ms)
			ProcessInitializeOnLoadMethodAttributes (163ms)
			AfterProcessingInitializeOnLoad (10ms)
		AwakeInstancesAfterBackupRestoration (42ms)
Refreshing native plugins compatible for Editor in 3.45 ms, found 5 plugins.
Unloading 24 Unused Serialized files (Serialized files now loaded: 0)
Unloading 6986 unused Assets / (6.2 MB). Loaded Objects now: 8059.
Memory consumption went from 423.9 MB to 417.7 MB.
Total: 16.250500 ms (FindLiveObjects: 1.365900 ms CreateObjectMapping: 0.525800 ms MarkObjects: 10.665700 ms  DeleteObjects: 3.195700 ms)

Prepare: number of updated asset objects reloaded= 0
========================================================================
Received Prepare
AcceleratorClientConnectionCallback - disconnected - :0
[Licensing::Client] Successfully resolved entitlement details
Begin MonoManager ReloadAssembly
'Packages/com.unity.render-pipelines.core/Editor/Deprecated.cs' contains partial class of Unity.Object, exactly 1 of the partial classes needs to be in a file with the same filename. This is to know the one that can be referenced from ie. GameObjects
'Packages/com.unity.render-pipelines.core/Editor/Deprecated.cs' contains partial class of Unity.Object, exactly 1 of the partial classes needs to be in a file with the same filename. This is to know the one that can be referenced from ie. GameObjects
Refreshing native plugins compatible for Editor in 3.32 ms, found 5 plugins.
Native extension for WindowsStandalone target not found
Native extension for WebGL target not found
[Package Manager] Failed to launch server process. Reason: Unity was launched with the -noUpm command-line argument
[Package Manager] Unable to send message (not connected to server process).
[Package Manager] Cannot connect to Unity Package Manager local server
[Package Manager] Failed to launch server process. Reason: Unity was launched with the -noUpm command-line argument
[Package Manager] Unable to send message (not connected to server process).
[Package Manager] Cannot connect to Unity Package Manager local server
ScheduleIndexationOnStartup MainProcess:False IndexOnStartup:True
Scripting: successfully reloaded assembly
- Finished resetting the current domain, in  1.323 seconds
Domain Reload Profiling: 2603ms
	BeginReloadAssembly (414ms)
		DisableScriptedObjects (29ms)
		CreateAndSetChildDomain (99ms)
	RebuildCommonClasses (16ms)
	RebuildNativeTypeToScriptingClass (34ms)
	initialDomainReloadingComplete (98ms)
	LoadAllAssembliesAndSetupDomain (716ms)
		LoadAssemblies (557ms)
		TypeCache.Refresh (10ms)
		AnalyzeDomain (17ms)
			ResolveRequiredComponents (10ms)
	FinalizeReload (1325ms)
		SetupLoadedEditorAssemblies (0ms)
			LogAssemblyErrors (4ms)
			InitializePlatformSupportModulesInManaged (4ms)
			BeforeProcessingInitializeOnLoad (222ms)
			ProcessInitializeOnLoadAttributes (457ms)
			ProcessInitializeOnLoadMethodAttributes (167ms)
			AfterProcessingInitializeOnLoad (10ms)
		AwakeInstancesAfterBackupRestoration (39ms)
Refreshing native plugins compatible for Editor in 3.32 ms, found 5 plugins.
Unloading 24 Unused Serialized files (Serialized files now loaded: 0)
Unloading 6986 unused Assets / (6.0 MB). Loaded Objects now: 8062.
Memory consumption went from 429.6 MB to 423.5 MB.
Total: 13.874900 ms (FindLiveObjects: 1.495000 ms CreateObjectMapping: 0.519500 ms MarkObjects: 8.810700 ms  DeleteObjects: 2.611500 ms)

Prepare: number of updated asset objects reloaded= 0
========================================================================
Received Prepare
AcceleratorClientConnectionCallback - disconnected - :0
[Licensing::Client] Successfully resolved entitlement details
Begin MonoManager ReloadAssembly
'Packages/com.unity.render-pipelines.core/Editor/Deprecated.cs' contains partial class of Unity.Object, exactly 1 of the partial classes needs to be in a file with the same filename. This is to know the one that can be referenced from ie. GameObjects
'Packages/com.unity.render-pipelines.core/Editor/Deprecated.cs' contains partial class of Unity.Object, exactly 1 of the partial classes needs to be in a file with the same filename. This is to know the one that can be referenced from ie. GameObjects
Refreshing native plugins compatible for Editor in 2.54 ms, found 5 plugins.
Native extension for WindowsStandalone target not found
Native extension for WebGL target not found
[Package Manager] Failed to launch server process. Reason: Unity was launched with the -noUpm command-line argument
[Package Manager] Unable to send message (not connected to server process).
[Package Manager] Cannot connect to Unity Package Manager local server
[Package Manager] Failed to launch server process. Reason: Unity was launched with the -noUpm command-line argument
[Package Manager] Unable to send message (not connected to server process).
[Package Manager] Cannot connect to Unity Package Manager local server
ScheduleIndexationOnStartup MainProcess:False IndexOnStartup:True
Scripting: successfully reloaded assembly
- Finished resetting the current domain, in  1.375 seconds
Domain Reload Profiling: 2708ms
	BeginReloadAssembly (472ms)
		DisableScriptedObjects (29ms)
		CreateAndSetChildDomain (107ms)
	RebuildCommonClasses (18ms)
	RebuildNativeTypeToScriptingClass (35ms)
	initialDomainReloadingComplete (104ms)
	LoadAllAssembliesAndSetupDomain (702ms)
		LoadAssemblies (603ms)
		TypeCache.Refresh (12ms)
		AnalyzeDomain (14ms)
			ResolveRequiredComponents (10ms)
	FinalizeReload (1377ms)
		SetupLoadedEditorAssemblies (0ms)
			LogAssemblyErrors (3ms)
			InitializePlatformSupportModulesInManaged (5ms)
			BeforeProcessingInitializeOnLoad (226ms)
			ProcessInitializeOnLoadAttributes (469ms)
			ProcessInitializeOnLoadMethodAttributes (165ms)
			AfterProcessingInitializeOnLoad (11ms)
			EditorAssembliesLoaded (3ms)
		AwakeInstancesAfterBackupRestoration (48ms)
Refreshing native plugins compatible for Editor in 3.42 ms, found 5 plugins.
Unloading 24 Unused Serialized files (Serialized files now loaded: 0)
Unloading 6986 unused Assets / (7.2 MB). Loaded Objects now: 8065.
Memory consumption went from 434.9 MB to 427.7 MB.
Total: 15.331000 ms (FindLiveObjects: 1.529200 ms CreateObjectMapping: 0.999000 ms MarkObjects: 9.721000 ms  DeleteObjects: 2.761400 ms)

Prepare: number of updated asset objects reloaded= 0
========================================================================
Received Prepare
AcceleratorClientConnectionCallback - disconnected - :0
[Licensing::Client] Successfully resolved entitlement details
Begin MonoManager ReloadAssembly
'Packages/com.unity.render-pipelines.core/Editor/Deprecated.cs' contains partial class of Unity.Object, exactly 1 of the partial classes needs to be in a file with the same filename. This is to know the one that can be referenced from ie. GameObjects
'Packages/com.unity.render-pipelines.core/Editor/Deprecated.cs' contains partial class of Unity.Object, exactly 1 of the partial classes needs to be in a file with the same filename. This is to know the one that can be referenced from ie. GameObjects
Refreshing native plugins compatible for Editor in 2.91 ms, found 5 plugins.
Native extension for WindowsStandalone target not found
Native extension for WebGL target not found
[Package Manager] Failed to launch server process. Reason: Unity was launched with the -noUpm command-line argument
[Package Manager] Unable to send message (not connected to server process).
[Package Manager] Cannot connect to Unity Package Manager local server
[Package Manager] Failed to launch server process. Reason: Unity was launched with the -noUpm command-line argument
[Package Manager] Unable to send message (not connected to server process).
[Package Manager] Cannot connect to Unity Package Manager local server
ScheduleIndexationOnStartup MainProcess:False IndexOnStartup:True
Scripting: successfully reloaded assembly
- Finished resetting the current domain, in  1.260 seconds
Domain Reload Profiling: 2593ms
	BeginReloadAssembly (468ms)
		DisableScriptedObjects (34ms)
		CreateAndSetChildDomain (135ms)
	RebuildCommonClasses (16ms)
	RebuildNativeTypeToScriptingClass (29ms)
	initialDomainReloadingComplete (87ms)
	LoadAllAssembliesAndSetupDomain (731ms)
		LoadAssemblies (584ms)
		TypeCache.Refresh (10ms)
		AnalyzeDomain (13ms)
			ResolveRequiredComponents (8ms)
	FinalizeReload (1262ms)
		SetupLoadedEditorAssemblies (0ms)
			LogAssemblyErrors (3ms)
			InitializePlatformSupportModulesInManaged (3ms)
			BeforeProcessingInitializeOnLoad (207ms)
			ProcessInitializeOnLoadAttributes (427ms)
			ProcessInitializeOnLoadMethodAttributes (161ms)
			AfterProcessingInitializeOnLoad (9ms)
		AwakeInstancesAfterBackupRestoration (40ms)
Refreshing native plugins compatible for Editor in 3.22 ms, found 5 plugins.
Unloading 24 Unused Serialized files (Serialized files now loaded: 0)
Unloading 6986 unused Assets / (6.6 MB). Loaded Objects now: 8068.
Memory consumption went from 440.2 MB to 433.6 MB.
Total: 13.850800 ms (FindLiveObjects: 1.896700 ms CreateObjectMapping: 0.493100 ms MarkObjects: 7.840600 ms  DeleteObjects: 3.288900 ms)

Prepare: number of updated asset objects reloaded= 0
========================================================================
Received Prepare
AcceleratorClientConnectionCallback - disconnected - :0
Begin MonoManager ReloadAssembly
'Packages/com.unity.render-pipelines.core/Editor/Deprecated.cs' contains partial class of Unity.Object, exactly 1 of the partial classes needs to be in a file with the same filename. This is to know the one that can be referenced from ie. GameObjects
'Packages/com.unity.render-pipelines.core/Editor/Deprecated.cs' contains partial class of Unity.Object, exactly 1 of the partial classes needs to be in a file with the same filename. This is to know the one that can be referenced from ie. GameObjects
Refreshing native plugins compatible for Editor in 2.61 ms, found 5 plugins.
Native extension for WindowsStandalone target not found
Native extension for WebGL target not found
[Package Manager] Failed to launch server process. Reason: Unity was launched with the -noUpm command-line argument
[Package Manager] Unable to send message (not connected to server process).
[Package Manager] Cannot connect to Unity Package Manager local server
[Package Manager] Failed to launch server process. Reason: Unity was launched with the -noUpm command-line argument
[Package Manager] Unable to send message (not connected to server process).
[Package Manager] Cannot connect to Unity Package Manager local server
ScheduleIndexationOnStartup MainProcess:False IndexOnStartup:True
Scripting: successfully reloaded assembly
- Finished resetting the current domain, in  1.305 seconds
Domain Reload Profiling: 2625ms
	BeginReloadAssembly (433ms)
		DisableScriptedObjects (29ms)
		CreateAndSetChildDomain (98ms)
	RebuildCommonClasses (16ms)
	RebuildNativeTypeToScriptingClass (35ms)
	initialDomainReloadingComplete (103ms)
	LoadAllAssembliesAndSetupDomain (731ms)
		LoadAssemblies (576ms)
		TypeCache.Refresh (9ms)
		AnalyzeDomain (15ms)
			ResolveRequiredComponents (9ms)
	FinalizeReload (1307ms)
		SetupLoadedEditorAssemblies (0ms)
			LogAssemblyErrors (4ms)
			InitializePlatformSupportModulesInManaged (4ms)
			BeforeProcessingInitializeOnLoad (221ms)
			ProcessInitializeOnLoadAttributes (435ms)
			ProcessInitializeOnLoadMethodAttributes (158ms)
			AfterProcessingInitializeOnLoad (11ms)
			EditorAssembliesLoaded (5ms)
		AwakeInstancesAfterBackupRestoration (47ms)
Refreshing native plugins compatible for Editor in 3.97 ms, found 5 plugins.
Unloading 24 Unused Serialized files (Serialized files now loaded: 0)
Unloading 6986 unused Assets / (5.9 MB). Loaded Objects now: 8071.
Memory consumption went from 445.7 MB to 439.8 MB.
Total: 15.499500 ms (FindLiveObjects: 1.516200 ms CreateObjectMapping: 0.841300 ms MarkObjects: 9.900000 ms  DeleteObjects: 2.910200 ms)

Prepare: number of updated asset objects reloaded= 0
========================================================================
Received Prepare
AcceleratorClientConnectionCallback - disconnected - :0
[Licensing::Client] Successfully resolved entitlement details
Begin MonoManager ReloadAssembly
'Packages/com.unity.render-pipelines.core/Editor/Deprecated.cs' contains partial class of Unity.Object, exactly 1 of the partial classes needs to be in a file with the same filename. This is to know the one that can be referenced from ie. GameObjects
'Packages/com.unity.render-pipelines.core/Editor/Deprecated.cs' contains partial class of Unity.Object, exactly 1 of the partial classes needs to be in a file with the same filename. This is to know the one that can be referenced from ie. GameObjects
Refreshing native plugins compatible for Editor in 3.71 ms, found 5 plugins.
Native extension for WindowsStandalone target not found
Native extension for WebGL target not found
[Package Manager] Failed to launch server process. Reason: Unity was launched with the -noUpm command-line argument
[Package Manager] Unable to send message (not connected to server process).
[Package Manager] Cannot connect to Unity Package Manager local server
[Package Manager] Failed to launch server process. Reason: Unity was launched with the -noUpm command-line argument
[Package Manager] Unable to send message (not connected to server process).
[Package Manager] Cannot connect to Unity Package Manager local server
ScheduleIndexationOnStartup MainProcess:False IndexOnStartup:True
Scripting: successfully reloaded assembly
- Finished resetting the current domain, in  1.333 seconds
Domain Reload Profiling: 2656ms
	BeginReloadAssembly (493ms)
		DisableScriptedObjects (33ms)
		CreateAndSetChildDomain (121ms)
	RebuildCommonClasses (18ms)
	RebuildNativeTypeToScriptingClass (37ms)
	initialDomainReloadingComplete (104ms)
	LoadAllAssembliesAndSetupDomain (668ms)
		LoadAssemblies (555ms)
		TypeCache.Refresh (11ms)
		AnalyzeDomain (13ms)
			ResolveRequiredComponents (9ms)
	FinalizeReload (1335ms)
		SetupLoadedEditorAssemblies (0ms)
			LogAssemblyErrors (4ms)
			InitializePlatformSupportModulesInManaged (3ms)
			BeforeProcessingInitializeOnLoad (211ms)
			ProcessInitializeOnLoadAttributes (460ms)
			ProcessInitializeOnLoadMethodAttributes (168ms)
			AfterProcessingInitializeOnLoad (10ms)
		AwakeInstancesAfterBackupRestoration (42ms)
Refreshing native plugins compatible for Editor in 3.49 ms, found 5 plugins.
Unloading 24 Unused Serialized files (Serialized files now loaded: 0)
Unloading 6986 unused Assets / (6.7 MB). Loaded Objects now: 8074.
Memory consumption went from 451.0 MB to 444.2 MB.
Total: 13.562300 ms (FindLiveObjects: 1.656200 ms CreateObjectMapping: 0.791700 ms MarkObjects: 8.510100 ms  DeleteObjects: 2.286600 ms)

Prepare: number of updated asset objects reloaded= 0
========================================================================
Received Prepare
AcceleratorClientConnectionCallback - disconnected - :0
Begin MonoManager ReloadAssembly
'Packages/com.unity.render-pipelines.core/Editor/Deprecated.cs' contains partial class of Unity.Object, exactly 1 of the partial classes needs to be in a file with the same filename. This is to know the one that can be referenced from ie. GameObjects
'Packages/com.unity.render-pipelines.core/Editor/Deprecated.cs' contains partial class of Unity.Object, exactly 1 of the partial classes needs to be in a file with the same filename. This is to know the one that can be referenced from ie. GameObjects
Refreshing native plugins compatible for Editor in 3.28 ms, found 5 plugins.
Native extension for WindowsStandalone target not found
Native extension for WebGL target not found
[Package Manager] Failed to launch server process. Reason: Unity was launched with the -noUpm command-line argument
[Package Manager] Unable to send message (not connected to server process).
[Package Manager] Cannot connect to Unity Package Manager local server
[Package Manager] Failed to launch server process. Reason: Unity was launched with the -noUpm command-line argument
[Package Manager] Unable to send message (not connected to server process).
[Package Manager] Cannot connect to Unity Package Manager local server
ScheduleIndexationOnStartup MainProcess:False IndexOnStartup:True
Scripting: successfully reloaded assembly
- Finished resetting the current domain, in  1.285 seconds
Domain Reload Profiling: 2562ms
	BeginReloadAssembly (446ms)
		DisableScriptedObjects (29ms)
		CreateAndSetChildDomain (107ms)
	RebuildCommonClasses (24ms)
	RebuildNativeTypeToScriptingClass (32ms)
	initialDomainReloadingComplete (100ms)
	LoadAllAssembliesAndSetupDomain (674ms)
		LoadAssemblies (551ms)
		TypeCache.Refresh (10ms)
		AnalyzeDomain (14ms)
			ResolveRequiredComponents (10ms)
	FinalizeReload (1287ms)
		SetupLoadedEditorAssemblies (0ms)
			LogAssemblyErrors (4ms)
			InitializePlatformSupportModulesInManaged (4ms)
			BeforeProcessingInitializeOnLoad (199ms)
			ProcessInitializeOnLoadAttributes (465ms)
			ProcessInitializeOnLoadMethodAttributes (166ms)
			AfterProcessingInitializeOnLoad (11ms)
		AwakeInstancesAfterBackupRestoration (39ms)
Refreshing native plugins compatible for Editor in 3.46 ms, found 5 plugins.
Unloading 24 Unused Serialized files (Serialized files now loaded: 0)
Unloading 6986 unused Assets / (6.1 MB). Loaded Objects now: 8077.
Memory consumption went from 456.6 MB to 450.4 MB.
Total: 12.856500 ms (FindLiveObjects: 1.427500 ms CreateObjectMapping: 0.413600 ms MarkObjects: 8.341300 ms  DeleteObjects: 2.327700 ms)

Prepare: number of updated asset objects reloaded= 0
========================================================================
Received Prepare
AcceleratorClientConnectionCallback - disconnected - :0
[Licensing::Client] Successfully resolved entitlement details
Begin MonoManager ReloadAssembly
'Packages/com.unity.render-pipelines.core/Editor/Deprecated.cs' contains partial class of Unity.Object, exactly 1 of the partial classes needs to be in a file with the same filename. This is to know the one that can be referenced from ie. GameObjects
'Packages/com.unity.render-pipelines.core/Editor/Deprecated.cs' contains partial class of Unity.Object, exactly 1 of the partial classes needs to be in a file with the same filename. This is to know the one that can be referenced from ie. GameObjects
Refreshing native plugins compatible for Editor in 3.16 ms, found 5 plugins.
Native extension for WindowsStandalone target not found
Native extension for WebGL target not found
[Package Manager] Failed to launch server process. Reason: Unity was launched with the -noUpm command-line argument
[Package Manager] Unable to send message (not connected to server process).
[Package Manager] Cannot connect to Unity Package Manager local server
[Package Manager] Failed to launch server process. Reason: Unity was launched with the -noUpm command-line argument
[Package Manager] Unable to send message (not connected to server process).
[Package Manager] Cannot connect to Unity Package Manager local server
ScheduleIndexationOnStartup MainProcess:False IndexOnStartup:True
Scripting: successfully reloaded assembly
- Finished resetting the current domain, in  1.316 seconds
Domain Reload Profiling: 2638ms
	BeginReloadAssembly (452ms)
		DisableScriptedObjects (33ms)
		CreateAndSetChildDomain (101ms)
	RebuildCommonClasses (20ms)
	RebuildNativeTypeToScriptingClass (35ms)
	initialDomainReloadingComplete (106ms)
	LoadAllAssembliesAndSetupDomain (708ms)
		LoadAssemblies (574ms)
		TypeCache.Refresh (11ms)
		AnalyzeDomain (15ms)
			ResolveRequiredComponents (10ms)
	FinalizeReload (1318ms)
		SetupLoadedEditorAssemblies (0ms)
			LogAssemblyErrors (4ms)
			InitializePlatformSupportModulesInManaged (4ms)
			BeforeProcessingInitializeOnLoad (232ms)
			ProcessInitializeOnLoadAttributes (454ms)
			ProcessInitializeOnLoadMethodAttributes (162ms)
			AfterProcessingInitializeOnLoad (11ms)
			EditorAssembliesLoaded (3ms)
		AwakeInstancesAfterBackupRestoration (38ms)
Refreshing native plugins compatible for Editor in 4.08 ms, found 5 plugins.
Unloading 24 Unused Serialized files (Serialized files now loaded: 0)
Unloading 6986 unused Assets / (5.3 MB). Loaded Objects now: 8080.
Memory consumption went from 461.8 MB to 456.5 MB.
Total: 15.832900 ms (FindLiveObjects: 2.548600 ms CreateObjectMapping: 0.478600 ms MarkObjects: 9.929300 ms  DeleteObjects: 2.253800 ms)

Prepare: number of updated asset objects reloaded= 0
========================================================================
Received Prepare
AcceleratorClientConnectionCallback - disconnected - :0
[Licensing::Client] Successfully resolved entitlement details
Begin MonoManager ReloadAssembly
'Packages/com.unity.render-pipelines.core/Editor/Deprecated.cs' contains partial class of Unity.Object, exactly 1 of the partial classes needs to be in a file with the same filename. This is to know the one that can be referenced from ie. GameObjects
'Packages/com.unity.render-pipelines.core/Editor/Deprecated.cs' contains partial class of Unity.Object, exactly 1 of the partial classes needs to be in a file with the same filename. This is to know the one that can be referenced from ie. GameObjects
Refreshing native plugins compatible for Editor in 3.68 ms, found 5 plugins.
Native extension for WindowsStandalone target not found
Native extension for WebGL target not found
[Package Manager] Failed to launch server process. Reason: Unity was launched with the -noUpm command-line argument
[Package Manager] Unable to send message (not connected to server process).
[Package Manager] Cannot connect to Unity Package Manager local server
[Package Manager] Failed to launch server process. Reason: Unity was launched with the -noUpm command-line argument
[Package Manager] Unable to send message (not connected to server process).
[Package Manager] Cannot connect to Unity Package Manager local server
ScheduleIndexationOnStartup MainProcess:False IndexOnStartup:True
Scripting: successfully reloaded assembly
- Finished resetting the current domain, in  1.331 seconds
Domain Reload Profiling: 2643ms
	BeginReloadAssembly (459ms)
		DisableScriptedObjects (36ms)
		CreateAndSetChildDomain (99ms)
	RebuildCommonClasses (17ms)
	RebuildNativeTypeToScriptingClass (35ms)
	initialDomainReloadingComplete (118ms)
	LoadAllAssembliesAndSetupDomain (681ms)
		LoadAssemblies (575ms)
		TypeCache.Refresh (11ms)
		AnalyzeDomain (14ms)
			ResolveRequiredComponents (9ms)
	FinalizeReload (1333ms)
		SetupLoadedEditorAssemblies (0ms)
			LogAssemblyErrors (3ms)
			InitializePlatformSupportModulesInManaged (5ms)
			BeforeProcessingInitializeOnLoad (238ms)
			ProcessInitializeOnLoadAttributes (435ms)
			ProcessInitializeOnLoadMethodAttributes (162ms)
			AfterProcessingInitializeOnLoad (10ms)
		AwakeInstancesAfterBackupRestoration (48ms)
Refreshing native plugins compatible for Editor in 6.01 ms, found 5 plugins.
Unloading 24 Unused Serialized files (Serialized files now loaded: 0)
Unloading 6986 unused Assets / (6.2 MB). Loaded Objects now: 8083.
Memory consumption went from 467.8 MB to 461.5 MB.
Total: 16.945700 ms (FindLiveObjects: 1.481300 ms CreateObjectMapping: 0.818800 ms MarkObjects: 11.133800 ms  DeleteObjects: 3.095300 ms)

Prepare: number of updated asset objects reloaded= 0
========================================================================
Received Prepare
AcceleratorClientConnectionCallback - disconnected - :0
Refreshing native plugins compatible for Editor in 3.46 ms, found 5 plugins.
Unloading 24 Unused Serialized files (Serialized files now loaded: 0)
Unloading 24 unused Assets / (3.1 MB). Loaded Objects now: 8083.
Memory consumption went from 465.9 MB to 462.8 MB.
Total: 12.053900 ms (FindLiveObjects: 1.184300 ms CreateObjectMapping: 0.175800 ms MarkObjects: 8.691000 ms  DeleteObjects: 0.916000 ms)

Prepare: number of updated asset objects reloaded= 0
Editor requested this worker to shutdown with reason: Editor is closing down
AcceleratorClientConnectionCallback - disconnected - :0
AssetImportWorker is now disconnected from the server
Process exiting
[ExitDontLaunchBugReporter] Exiting without the bug reporter. Application will exit with return code 0
