[Licensing::Module] Trying to connect to existing licensing client channel...
Built from '6000.6/staging' branch; Version is '6000.6.2f1 (770e33f6875c) revision 7802419'; Using compiler version '194234433'; Build Type 'Release'
[Licensing::IpcConnector] Successfully connected to: "LicenseClient-Admin" at "2026-09-29T16:13:32.8761668Z"
OS: 'Windows 11  (10.0.26200) Professional' Language: 'pt' Physical Memory: 15599 MB
BatchMode: 1, IsHumanControllingUs: 0, StartBugReporterOnCrash: 0, Is64bit: 1
System  architecture: x64
Process architecture: x64
Date: 2026-09-29T16:13:32Z
[Licensing::Client] Code 10 while verifying Licensing Client signature (process Id: 3212, path: "C:/Program Files/Unity Hub/UnityLicensingClient_V1/Unity.Licensing.Client.exe")
[Licensing::Module] LicensingClient has failed validation; ignoring
[Licensing::Client] Handshaking with LicensingClient:
  Version:                 1.18.3+d7ffd15
  Session Id:              ec0fbdcc9819466cb77a5d093bdffe56
  Correlation Id:          abb33a515e47cf5b0019d38f05d717c2
  External correlation Id: 2126287020156087700
  Machine Id:              DRE5l/6IiHEkVscQ3l3l7xFSnv4=
[Licensing::Module] Successfully connected to LicensingClient on channel: "LicenseClient-Admin" (connect: 0.00s, validation: 0.00s, handshake: 0.13s)
[Licensing::IpcConnector] Successfully connected to: "LicenseClient-Admin-notifications" at "2026-09-29T16:13:33.0152947Z"
[Licensing::Module] Licensing Background thread has ended after 0.14s

COMMAND LINE ARGUMENTS:
C:\Program Files\Unity\Hub\Editor\6000.6.2f1\Editor\Unity.exe
-adb2
-batchMode
-noUpm
-name
AssetImportWorkerHW0
-projectPath
C:/Users/Admin/Documents/Trabalho IPS/Desin de programacao de jogo/DPJ_Lab01/DPJ_Lab01_Base
-logFile
Logs/AssetImportWorkerHW0.log
-srvPort
60056
-parentPid
21412
-analyticsCloudUserId
anonymous
-analyticsLocalProjectId
353fabe8efb1cf640adebc7d6fda20aa
-editorAnalyticsEnabled
1
-cbmEditorLicense
1849a7f8590b341becd91dde2a48983332c6a18a
-cbmMachineId
DRE5l/6IiHEkVscQ3l3l7xFSnv4=
-licensingIpc
LicenseClient-Admin
-noDiagnosticSwitchPersistentStore
-job-worker-count
5
-background-job-worker-count
8
-asset-garbage-collectors
1
-force-d3d12
-name
AssetImport
Successfully changed project path to: C:/Users/Admin/Documents/Trabalho IPS/Desin de programacao de jogo/DPJ_Lab01/DPJ_Lab01_Base
C:/Users/Admin/Documents/Trabalho IPS/Desin de programacao de jogo/DPJ_Lab01/DPJ_Lab01_Base
[UnityMemory] Configuration Parameters - Can be set up in boot.config
    "memorysetup-temp-allocator-size-gi-baking-worker=262144"
    "memorysetup-temp-allocator-size-gi-baking-worker=262144"
    "memorysetup-temp-allocator-size-gi-baking-worker=262144"
    "memorysetup-temp-allocator-size-gi-baking-worker=262144"
    "memorysetup-temp-allocator-size-gi-baking-worker=262144"
    "memorysetup-temp-allocator-size-nav-mesh-worker=65536"
    "memorysetup-temp-allocator-size-audio-worker=65536"
    "memorysetup-temp-allocator-size-cloud-worker=32768"
    "memorysetup-temp-allocator-size-gfx=262144"
    "memorysetup-remapper-allocator-initial-capacity=32768"
    "memorysetup-temp-allocator-size-preload-manager=33554432"
    "memorysetup-allocator-temp-initial-block-size-main=262144"
    "memorysetup-allocator-temp-initial-block-size-worker=262144"
    "memorysetup-temp-allocator-size-job-worker=262144"
    "memorysetup-temp-allocator-size-background-worker=32768"
    "memorysetup-bucket-allocator-granularity=16"
    "memorysetup-bucket-allocator-bucket-count=8"
    "memorysetup-bucket-allocator-block-size=33554432"
    "memorysetup-bucket-allocator-block-count=8"
    "memorysetup-main-allocator-block-size=16777216"
    "memorysetup-thread-allocator-block-size=16777216"
    "memorysetup-main-allocator-mimalloc-enabled=1"
    "memorysetup-gfx-main-allocator-block-size=16777216"
    "memorysetup-gfx-thread-allocator-block-size=16777216"
    "memorysetup-cache-allocator-block-size=4194304"
    "memorysetup-typetree-allocator-block-size=2097152"
    "memorysetup-profiler-bucket-allocator-granularity=16"
    "memorysetup-profiler-bucket-allocator-bucket-count=8"
    "memorysetup-profiler-bucket-allocator-block-size=33554432"
    "memorysetup-profiler-bucket-allocator-block-count=8"
    "memorysetup-profiler-allocator-block-size=16777216"
    "memorysetup-profiler-editor-allocator-block-size=1048576"
    "memorysetup-temp-allocator-size-main=16777216"
    "memorysetup-job-temp-allocator-block-size=2097152"
    "memorysetup-job-temp-allocator-block-size-background=1048576"
    "memorysetup-job-temp-allocator-reduction-small-platforms=262144"
Player connection [24116]  Target information:

Player connection [24116]  * "[IP] 192.168.1.88 [Port] 0 [Flags] 2 [Guid] 1446748313 [EditorId] 1446748313 [Version] 1048832 [Id] WindowsEditor(7,Brawl) [Debug] 1 [PackageName] WindowsEditor [ProjectName] Editor" 

Player connection [24116] Host joined multi-casting on [225.0.0.222:54997]...
Player connection [24116] Host joined alternative multi-casting on [225.0.0.222:34997]...
JobSystem: Creating JobQueue using job-worker-count value 5
Input System module state changed to: Initialized.
[Physics::Module] Initialized fallback backend.
[Physics::Module] Id: 0xdecafbad
Library Redirect Path: Library/
Initialising UDS system complete:
  - System type: Client
  - Resource namespace: 0ca478043790c031216a82234c11c58f
  - Shared memory size: 1073741824
  - Command buffer id: 1052576
  - Command buffer size: 8192
  - Hashmap size: 4194304
  - Service connected: true
  - Service working directory: Library/DataStore/
[Physics::Module] Selected backend.
[Physics::Module] Name: PhysX
[Physics::Module] Id: 0xf2b8ea05
[Physics::Module] SDK Version: 4.1.2
[Physics::Module] Integration Version: 1.0.0
[Physics::Module] Threading Mode: Multi-Threaded
Refreshing native plugins compatible for Editor in 8.63 ms, found 5 plugins.
Initialize engine version: 6000.6.2f1 (770e33f6875c)
[EntityIdStore] init: VM path (explicit commit), pageSize=4096, blockCount=1048576, entitiesPerBlock=256, slots reserved=4294967296 bytes
[Subsystems] Discovering subsystems at path C:/Program Files/Unity/Hub/Editor/6000.6.2f1/Editor/Data/Resources/UnitySubsystems
[Subsystems] Discovering subsystems at path C:/Users/Admin/Documents/Trabalho IPS/Desin de programacao de jogo/DPJ_Lab01/DPJ_Lab01_Base/Assets
Forcing GfxDevice: Direct3D 12
GfxDevice: creating device client; kGfxThreadingModeNonThreaded
d3d12: failed to query info queue interface (0x80004002).
Direct3D:
    Version:         Direct3D 12 [level 12.2]
    Renderer:        NVIDIA GeForce RTX 3050 6GB Laptop GPU (ID=0x25ac)
    Vendor:          NVIDIA
    VRAM:            6001 MB
    App VRAM Budget: 5233 MB
    Driver:          32.0.16.1664
Initialize mono
Mono path[0] = 'C:/Program Files/Unity/Hub/Editor/6000.6.2f1/Editor/Data/Managed'
Mono path[1] = 'C:/Program Files/Unity/Hub/Editor/6000.6.2f1/Editor/Data/BCLExtensions/runtime/netstandard2.1'
Mono path[2] = 'C:/Program Files/Unity/Hub/Editor/6000.6.2f1/Editor/Data/MonoBleedingEdge/lib/mono/unityjit-win32'
Mono config path = 'C:/Program Files/Unity/Hub/Editor/6000.6.2f1/Editor/Data/MonoBleedingEdge/etc'
Using monoOptions --debugger-agent=transport=dt_socket,embedding=1,server=y,suspend=n,address=127.0.0.1:56236
CodeReloadManager initialized
Begin MonoManager ReloadAssembly
Registering precompiled unity dll's ...
Register platform support module: C:/Program Files/Unity/Hub/Editor/6000.6.2f1/Editor/Data/PlaybackEngines/WebGLSupport/UnityEditor.WebGL.Extensions.dll
Register platform support module: C:/Program Files/Unity/Hub/Editor/6000.6.2f1/Editor/Data/PlaybackEngines/WindowsStandaloneSupport/UnityEditor.WindowsStandalone.Extensions.dll
Registered in 0.002493 seconds.
Native extension for WindowsStandalone target not found
Native extension for WebGL target not found
Package Manager log level set to [2]
[Package Manager] Failed to launch server process. Reason: Unity was launched with the -noUpm command-line argument
[Package Manager] Unable to send message (not connected to server process).
[Package Manager] Cannot connect to Unity Package Manager local server
ScheduleIndexationOnStartup MainProcess:False IndexOnStartup:True
Scripting: successfully reloaded assembly
- Finished resetting the current domain, in  1.265 seconds
Domain Reload Profiling: 2377ms
	BeginReloadAssembly (240ms)
	RebuildCommonClasses (8ms)
	RebuildNativeTypeToScriptingClass (29ms)
	initialDomainReloadingComplete (114ms)
	LoadAllAssembliesAndSetupDomain (720ms)
		LoadAssemblies (233ms)
		TypeCache.Refresh (493ms)
			TypeCache.ScanAssembly (465ms)
		AnalyzeDomain (3ms)
	FinalizeReload (1266ms)
		SetupLoadedEditorAssemblies (0ms)
			LogAssemblyErrors (3ms)
			InitializePlatformSupportModulesInManaged (5ms)
			BeforeProcessingInitializeOnLoad (193ms)
			ProcessInitializeOnLoadAttributes (170ms)
			ProcessInitializeOnLoadMethodAttributes (747ms)
Initializing Unity extensions:
[Licensing::Client] Successfully resolved entitlement details
[Licensing::Module] License group:
  Id: 6872893522235-UnityPersXXXX
  Product: Unity Personal
  Type: Assigned
  Expiration: Unlimited
========================================================================
Worker process is ready to serve import requests
Import Worker Mode flag is 0x00
Begin MonoManager ReloadAssembly
'Packages/com.unity.render-pipelines.core/Editor/Deprecated.cs' contains partial class of Unity.Object, exactly 1 of the partial classes needs to be in a file with the same filename. This is to know the one that can be referenced from ie. GameObjects
'Packages/com.unity.render-pipelines.core/Editor/Deprecated.cs' contains partial class of Unity.Object, exactly 1 of the partial classes needs to be in a file with the same filename. This is to know the one that can be referenced from ie. GameObjects
Refreshing native plugins compatible for Editor in 8.01 ms, found 5 plugins.
Native extension for WindowsStandalone target not found
Native extension for WebGL target not found
[Package Manager] Failed to launch server process. Reason: Unity was launched with the -noUpm command-line argument
[Package Manager] Unable to send message (not connected to server process).
[Package Manager] Cannot connect to Unity Package Manager local server
[Package Manager] Failed to launch server process. Reason: Unity was launched with the -noUpm command-line argument
[Package Manager] Unable to send message (not connected to server process).
[Package Manager] Cannot connect to Unity Package Manager local server
ScheduleIndexationOnStartup MainProcess:False IndexOnStartup:True
Scripting: successfully reloaded assembly
- Finished resetting the current domain, in  1.494 seconds
Domain Reload Profiling: 3218ms
	BeginReloadAssembly (370ms)
		DisableScriptedObjects (14ms)
		CreateAndSetChildDomain (65ms)
	RebuildCommonClasses (14ms)
	RebuildNativeTypeToScriptingClass (28ms)
	initialDomainReloadingComplete (94ms)
	LoadAllAssembliesAndSetupDomain (1217ms)
		LoadAssemblies (645ms)
		TypeCache.Refresh (319ms)
			TypeCache.ScanAssembly (295ms)
		AnalyzeDomain (153ms)
			BuildScriptInfoCaches (144ms)
			ResolveRequiredComponents (7ms)
	FinalizeReload (1496ms)
		SetupLoadedEditorAssemblies (0ms)
			LogAssemblyErrors (3ms)
			InitializePlatformSupportModulesInManaged (4ms)
			BeforeProcessingInitializeOnLoad (203ms)
			ProcessInitializeOnLoadAttributes (524ms)
			ProcessInitializeOnLoadMethodAttributes (392ms)
			AfterProcessingInitializeOnLoad (10ms)
		AwakeInstancesAfterBackupRestoration (14ms)
AcceleratorClientConnectionCallback - disconnected - :0
Launched and connected shader compiler UnityShaderCompiler.exe after 0.03 seconds
Refreshing native plugins compatible for Editor in 4.89 ms, found 5 plugins.
Unloading 24 Unused Serialized files (Serialized files now loaded: 0)
Unloading 6988 unused Assets / (8.1 MB). Loaded Objects now: 7953.
Memory consumption went from 359.8 MB to 351.7 MB.
Total: 16.319300 ms (FindLiveObjects: 0.827000 ms CreateObjectMapping: 0.892500 ms MarkObjects: 10.918200 ms  DeleteObjects: 3.334500 ms)

========================================================================
Received Prepare
AcceleratorClientConnectionCallback - disconnected - :0
Refreshing native plugins compatible for Editor in 4.13 ms, found 5 plugins.
Unloading 24 Unused Serialized files (Serialized files now loaded: 0)
Unloading 24 unused Assets / (3.1 MB). Loaded Objects now: 7953.
Memory consumption went from 352.5 MB to 349.4 MB.
Total: 11.482200 ms (FindLiveObjects: 0.505100 ms CreateObjectMapping: 0.146800 ms MarkObjects: 8.787700 ms  DeleteObjects: 1.732600 ms)

Prepare: number of updated asset objects reloaded= 0
========================================================================
Received Import Request.
  Time of request: 2026-09-29T16:13:43.8750021Z
  Time since last request: 2397.69370320000007 seconds.
  importAddress: GUID: e318819094e537844a397e8d35f22cb0 - Path: Assets/Scenes/Level1.unity - Importer: ScriptedImporter/UnityEditor.QuickSearchModule:UnityEditor.Search:ASIAI03
Importing 'GUID: e318819094e537844a397e8d35f22cb0 - Path: Assets/Scenes/Level1.unity - Importer: ScriptedImporter/UnityEditor.QuickSearchModule:UnityEditor.Search:ASIAI03' with importer (ScriptedImporter : UnityEditor.QuickSearchModule:UnityEditor.Search:ASIAI03)
Imported 'GUID: e318819094e537844a397e8d35f22cb0' -> (Import Result ID: 'c83e112556f7da61879952d6463a661f') in 0.128 seconds [static and dynamic dependencies]. Details - ImportResultOutputID=fb47daf2bcf29aa94c0432a94b7cf98a DependenciesID=65d84e1e806b9d621fa9e3dd186d0bde StaticDependenciesID=b479d52fb1059bf607664e324eeb882f 
Number of updated asset objects reloaded before import = 0
Number of asset objects unloaded after import = 1
========================================================================
Received Import Request.
  Time of request: 2026-09-29T16:13:44.0300951Z
  Time since last request: 0.0013054 seconds.
  importAddress: GUID: 6cb91715606ef1d42ac82775e75fd7d1 - Path: Assets/Scripts/Collectible.cs - Importer: ScriptedImporter/UnityEditor.QuickSearchModule:UnityEditor.Search:ASIAI03
Importing 'GUID: 6cb91715606ef1d42ac82775e75fd7d1 - Path: Assets/Scripts/Collectible.cs - Importer: ScriptedImporter/UnityEditor.QuickSearchModule:UnityEditor.Search:ASIAI03' with importer (ScriptedImporter : UnityEditor.QuickSearchModule:UnityEditor.Search:ASIAI03)
Imported 'GUID: 6cb91715606ef1d42ac82775e75fd7d1' -> (Import Result ID: '6dcf6923806578cef30eddfa3dadad39') in 0.034 seconds [static and dynamic dependencies]. Details - ImportResultOutputID=c92a932e4d2a2516e6248995c9723a7e DependenciesID=3c337ec0fa76770f13c948ef840811c0 StaticDependenciesID=ff215dbfc3b87f66eccc4ca7a869eafc 
Number of updated asset objects reloaded before import = 0
Number of asset objects unloaded after import = 0
========================================================================
Received Prepare
AcceleratorClientConnectionCallback - disconnected - :0
[Licensing::Client] Successfully resolved entitlement details
Begin MonoManager ReloadAssembly
'Packages/com.unity.render-pipelines.core/Editor/Deprecated.cs' contains partial class of Unity.Object, exactly 1 of the partial classes needs to be in a file with the same filename. This is to know the one that can be referenced from ie. GameObjects
'Packages/com.unity.render-pipelines.core/Editor/Deprecated.cs' contains partial class of Unity.Object, exactly 1 of the partial classes needs to be in a file with the same filename. This is to know the one that can be referenced from ie. GameObjects
Refreshing native plugins compatible for Editor in 4.41 ms, found 5 plugins.
Native extension for WindowsStandalone target not found
Native extension for WebGL target not found
[Package Manager] Failed to launch server process. Reason: Unity was launched with the -noUpm command-line argument
[Package Manager] Unable to send message (not connected to server process).
[Package Manager] Cannot connect to Unity Package Manager local server
[Package Manager] Failed to launch server process. Reason: Unity was launched with the -noUpm command-line argument
[Package Manager] Unable to send message (not connected to server process).
[Package Manager] Cannot connect to Unity Package Manager local server
ScheduleIndexationOnStartup MainProcess:False IndexOnStartup:True
Scripting: successfully reloaded assembly
- Finished resetting the current domain, in  1.383 seconds
Domain Reload Profiling: 5848ms
	BeginReloadAssembly (681ms)
		DisableScriptedObjects (66ms)
		CreateAndSetChildDomain (169ms)
	RebuildCommonClasses (22ms)
	RebuildNativeTypeToScriptingClass (176ms)
	initialDomainReloadingComplete (143ms)
	LoadAllAssembliesAndSetupDomain (3440ms)
		LoadAssemblies (3343ms)
		TypeCache.Refresh (13ms)
		AnalyzeDomain (17ms)
			ResolveRequiredComponents (9ms)
	FinalizeReload (1385ms)
		SetupLoadedEditorAssemblies (0ms)
			LogAssemblyErrors (6ms)
			InitializePlatformSupportModulesInManaged (6ms)
			BeforeProcessingInitializeOnLoad (232ms)
			ProcessInitializeOnLoadAttributes (484ms)
			ProcessInitializeOnLoadMethodAttributes (161ms)
			AfterProcessingInitializeOnLoad (7ms)
			EditorAssembliesLoaded (4ms)
		AwakeInstancesAfterBackupRestoration (44ms)
Refreshing native plugins compatible for Editor in 3.75 ms, found 5 plugins.
Unloading 24 Unused Serialized files (Serialized files now loaded: 0)
Unloading 6986 unused Assets / (7.6 MB). Loaded Objects now: 7959.
Memory consumption went from 352.7 MB to 345.1 MB.
Total: 15.386300 ms (FindLiveObjects: 0.870200 ms CreateObjectMapping: 0.361100 ms MarkObjects: 10.787200 ms  DeleteObjects: 3.058600 ms)

Prepare: number of updated asset objects reloaded= 0
========================================================================
Received Prepare
AcceleratorClientConnectionCallback - disconnected - :0
[Licensing::Client] Successfully resolved entitlement details
Begin MonoManager ReloadAssembly
'Packages/com.unity.render-pipelines.core/Editor/Deprecated.cs' contains partial class of Unity.Object, exactly 1 of the partial classes needs to be in a file with the same filename. This is to know the one that can be referenced from ie. GameObjects
'Packages/com.unity.render-pipelines.core/Editor/Deprecated.cs' contains partial class of Unity.Object, exactly 1 of the partial classes needs to be in a file with the same filename. This is to know the one that can be referenced from ie. GameObjects
Refreshing native plugins compatible for Editor in 2.62 ms, found 5 plugins.
Native extension for WindowsStandalone target not found
Native extension for WebGL target not found
[Package Manager] Failed to launch server process. Reason: Unity was launched with the -noUpm command-line argument
[Package Manager] Unable to send message (not connected to server process).
[Package Manager] Cannot connect to Unity Package Manager local server
[Package Manager] Failed to launch server process. Reason: Unity was launched with the -noUpm command-line argument
[Package Manager] Unable to send message (not connected to server process).
[Package Manager] Cannot connect to Unity Package Manager local server
ScheduleIndexationOnStartup MainProcess:False IndexOnStartup:True
Scripting: successfully reloaded assembly
- Finished resetting the current domain, in  1.366 seconds
Domain Reload Profiling: 2669ms
	BeginReloadAssembly (435ms)
		DisableScriptedObjects (28ms)
		CreateAndSetChildDomain (83ms)
	RebuildCommonClasses (17ms)
	RebuildNativeTypeToScriptingClass (36ms)
	initialDomainReloadingComplete (111ms)
	LoadAllAssembliesAndSetupDomain (701ms)
		LoadAssemblies (574ms)
		TypeCache.Refresh (9ms)
		AnalyzeDomain (17ms)
			ResolveRequiredComponents (11ms)
	FinalizeReload (1368ms)
		SetupLoadedEditorAssemblies (0ms)
			LogAssemblyErrors (6ms)
			InitializePlatformSupportModulesInManaged (6ms)
			BeforeProcessingInitializeOnLoad (209ms)
			ProcessInitializeOnLoadAttributes (482ms)
			ProcessInitializeOnLoadMethodAttributes (171ms)
			AfterProcessingInitializeOnLoad (9ms)
			EditorAssembliesLoaded (3ms)
		AwakeInstancesAfterBackupRestoration (41ms)
Refreshing native plugins compatible for Editor in 3.92 ms, found 5 plugins.
Unloading 24 Unused Serialized files (Serialized files now loaded: 0)
Unloading 6986 unused Assets / (6.7 MB). Loaded Objects now: 7962.
Memory consumption went from 355.7 MB to 349.0 MB.
Total: 13.697900 ms (FindLiveObjects: 0.927600 ms CreateObjectMapping: 0.418800 ms MarkObjects: 9.206500 ms  DeleteObjects: 2.830100 ms)

Prepare: number of updated asset objects reloaded= 0
========================================================================
Received Prepare
AcceleratorClientConnectionCallback - disconnected - :0
Begin MonoManager ReloadAssembly
'Packages/com.unity.render-pipelines.core/Editor/Deprecated.cs' contains partial class of Unity.Object, exactly 1 of the partial classes needs to be in a file with the same filename. This is to know the one that can be referenced from ie. GameObjects
'Packages/com.unity.render-pipelines.core/Editor/Deprecated.cs' contains partial class of Unity.Object, exactly 1 of the partial classes needs to be in a file with the same filename. This is to know the one that can be referenced from ie. GameObjects
Refreshing native plugins compatible for Editor in 3.63 ms, found 5 plugins.
Native extension for WindowsStandalone target not found
Native extension for WebGL target not found
[Package Manager] Failed to launch server process. Reason: Unity was launched with the -noUpm command-line argument
[Package Manager] Unable to send message (not connected to server process).
[Package Manager] Cannot connect to Unity Package Manager local server
[Package Manager] Failed to launch server process. Reason: Unity was launched with the -noUpm command-line argument
[Package Manager] Unable to send message (not connected to server process).
[Package Manager] Cannot connect to Unity Package Manager local server
ScheduleIndexationOnStartup MainProcess:False IndexOnStartup:True
Scripting: successfully reloaded assembly
- Finished resetting the current domain, in  1.294 seconds
Domain Reload Profiling: 2621ms
	BeginReloadAssembly (453ms)
		DisableScriptedObjects (34ms)
		CreateAndSetChildDomain (99ms)
	RebuildCommonClasses (22ms)
	RebuildNativeTypeToScriptingClass (35ms)
	initialDomainReloadingComplete (93ms)
	LoadAllAssembliesAndSetupDomain (723ms)
		LoadAssemblies (605ms)
		TypeCache.Refresh (11ms)
		AnalyzeDomain (14ms)
			ResolveRequiredComponents (9ms)
	FinalizeReload (1296ms)
		SetupLoadedEditorAssemblies (0ms)
			LogAssemblyErrors (6ms)
			InitializePlatformSupportModulesInManaged (3ms)
			BeforeProcessingInitializeOnLoad (200ms)
			ProcessInitializeOnLoadAttributes (441ms)
			ProcessInitializeOnLoadMethodAttributes (156ms)
			AfterProcessingInitializeOnLoad (8ms)
		AwakeInstancesAfterBackupRestoration (39ms)
Refreshing native plugins compatible for Editor in 3.87 ms, found 5 plugins.
Unloading 24 Unused Serialized files (Serialized files now loaded: 0)
Unloading 6986 unused Assets / (6.8 MB). Loaded Objects now: 7965.
Memory consumption went from 358.7 MB to 351.9 MB.
Total: 15.714000 ms (FindLiveObjects: 1.297500 ms CreateObjectMapping: 0.727900 ms MarkObjects: 10.128200 ms  DeleteObjects: 3.228900 ms)

Prepare: number of updated asset objects reloaded= 0
========================================================================
Received Prepare
AcceleratorClientConnectionCallback - disconnected - :0
[Licensing::Client] Successfully resolved entitlement details
Begin MonoManager ReloadAssembly
'Packages/com.unity.render-pipelines.core/Editor/Deprecated.cs' contains partial class of Unity.Object, exactly 1 of the partial classes needs to be in a file with the same filename. This is to know the one that can be referenced from ie. GameObjects
'Packages/com.unity.render-pipelines.core/Editor/Deprecated.cs' contains partial class of Unity.Object, exactly 1 of the partial classes needs to be in a file with the same filename. This is to know the one that can be referenced from ie. GameObjects
Refreshing native plugins compatible for Editor in 4.25 ms, found 5 plugins.
Native extension for WindowsStandalone target not found
Native extension for WebGL target not found
[Package Manager] Failed to launch server process. Reason: Unity was launched with the -noUpm command-line argument
[Package Manager] Unable to send message (not connected to server process).
[Package Manager] Cannot connect to Unity Package Manager local server
[Package Manager] Failed to launch server process. Reason: Unity was launched with the -noUpm command-line argument
[Package Manager] Unable to send message (not connected to server process).
[Package Manager] Cannot connect to Unity Package Manager local server
ScheduleIndexationOnStartup MainProcess:False IndexOnStartup:True
Scripting: successfully reloaded assembly
- Finished resetting the current domain, in  1.402 seconds
Domain Reload Profiling: 2722ms
	BeginReloadAssembly (444ms)
		DisableScriptedObjects (32ms)
		CreateAndSetChildDomain (91ms)
	RebuildCommonClasses (16ms)
	RebuildNativeTypeToScriptingClass (29ms)
	initialDomainReloadingComplete (113ms)
	LoadAllAssembliesAndSetupDomain (717ms)
		LoadAssemblies (584ms)
		TypeCache.Refresh (11ms)
		AnalyzeDomain (14ms)
			ResolveRequiredComponents (9ms)
	FinalizeReload (1404ms)
		SetupLoadedEditorAssemblies (0ms)
			LogAssemblyErrors (6ms)
			InitializePlatformSupportModulesInManaged (4ms)
			BeforeProcessingInitializeOnLoad (210ms)
			ProcessInitializeOnLoadAttributes (505ms)
			ProcessInitializeOnLoadMethodAttributes (175ms)
			AfterProcessingInitializeOnLoad (10ms)
			EditorAssembliesLoaded (3ms)
		AwakeInstancesAfterBackupRestoration (46ms)
Refreshing native plugins compatible for Editor in 3.98 ms, found 5 plugins.
Unloading 24 Unused Serialized files (Serialized files now loaded: 0)
Unloading 6986 unused Assets / (6.7 MB). Loaded Objects now: 7968.
Memory consumption went from 363.8 MB to 357.1 MB.
Total: 14.539500 ms (FindLiveObjects: 0.773100 ms CreateObjectMapping: 0.584400 ms MarkObjects: 10.209500 ms  DeleteObjects: 2.654200 ms)

Prepare: number of updated asset objects reloaded= 0
========================================================================
Received Prepare
AcceleratorClientConnectionCallback - disconnected - :0
Begin MonoManager ReloadAssembly
'Packages/com.unity.render-pipelines.core/Editor/Deprecated.cs' contains partial class of Unity.Object, exactly 1 of the partial classes needs to be in a file with the same filename. This is to know the one that can be referenced from ie. GameObjects
'Packages/com.unity.render-pipelines.core/Editor/Deprecated.cs' contains partial class of Unity.Object, exactly 1 of the partial classes needs to be in a file with the same filename. This is to know the one that can be referenced from ie. GameObjects
Refreshing native plugins compatible for Editor in 4.25 ms, found 5 plugins.
Native extension for WindowsStandalone target not found
Native extension for WebGL target not found
[Package Manager] Failed to launch server process. Reason: Unity was launched with the -noUpm command-line argument
[Package Manager] Unable to send message (not connected to server process).
[Package Manager] Cannot connect to Unity Package Manager local server
[Package Manager] Failed to launch server process. Reason: Unity was launched with the -noUpm command-line argument
[Package Manager] Unable to send message (not connected to server process).
[Package Manager] Cannot connect to Unity Package Manager local server
ScheduleIndexationOnStartup MainProcess:False IndexOnStartup:True
Scripting: successfully reloaded assembly
- Finished resetting the current domain, in  1.462 seconds
Domain Reload Profiling: 2779ms
	BeginReloadAssembly (452ms)
		DisableScriptedObjects (33ms)
		CreateAndSetChildDomain (103ms)
	RebuildCommonClasses (16ms)
	RebuildNativeTypeToScriptingClass (36ms)
	initialDomainReloadingComplete (100ms)
	LoadAllAssembliesAndSetupDomain (711ms)
		LoadAssemblies (567ms)
		TypeCache.Refresh (10ms)
		AnalyzeDomain (18ms)
			ResolveRequiredComponents (10ms)
	FinalizeReload (1463ms)
		SetupLoadedEditorAssemblies (0ms)
			LogAssemblyErrors (7ms)
			InitializePlatformSupportModulesInManaged (6ms)
			BeforeProcessingInitializeOnLoad (265ms)
			ProcessInitializeOnLoadAttributes (502ms)
			ProcessInitializeOnLoadMethodAttributes (182ms)
			AfterProcessingInitializeOnLoad (9ms)
		AwakeInstancesAfterBackupRestoration (48ms)
Refreshing native plugins compatible for Editor in 3.91 ms, found 5 plugins.
Unloading 24 Unused Serialized files (Serialized files now loaded: 0)
Unloading 6986 unused Assets / (6.3 MB). Loaded Objects now: 7971.
Memory consumption went from 369.9 MB to 363.5 MB.
Total: 13.936600 ms (FindLiveObjects: 0.790700 ms CreateObjectMapping: 0.592100 ms MarkObjects: 9.804200 ms  DeleteObjects: 2.441000 ms)

Prepare: number of updated asset objects reloaded= 0
========================================================================
Received Prepare
AcceleratorClientConnectionCallback - disconnected - :0
[Licensing::Client] Successfully resolved entitlement details
Begin MonoManager ReloadAssembly
'Packages/com.unity.render-pipelines.core/Editor/Deprecated.cs' contains partial class of Unity.Object, exactly 1 of the partial classes needs to be in a file with the same filename. This is to know the one that can be referenced from ie. GameObjects
'Packages/com.unity.render-pipelines.core/Editor/Deprecated.cs' contains partial class of Unity.Object, exactly 1 of the partial classes needs to be in a file with the same filename. This is to know the one that can be referenced from ie. GameObjects
Refreshing native plugins compatible for Editor in 2.97 ms, found 5 plugins.
Native extension for WindowsStandalone target not found
Native extension for WebGL target not found
[Package Manager] Failed to launch server process. Reason: Unity was launched with the -noUpm command-line argument
[Package Manager] Unable to send message (not connected to server process).
[Package Manager] Cannot connect to Unity Package Manager local server
[Package Manager] Failed to launch server process. Reason: Unity was launched with the -noUpm command-line argument
[Package Manager] Unable to send message (not connected to server process).
[Package Manager] Cannot connect to Unity Package Manager local server
ScheduleIndexationOnStartup MainProcess:False IndexOnStartup:True
Scripting: successfully reloaded assembly
- Finished resetting the current domain, in  1.309 seconds
Domain Reload Profiling: 2555ms
	BeginReloadAssembly (427ms)
		DisableScriptedObjects (32ms)
		CreateAndSetChildDomain (82ms)
	RebuildCommonClasses (16ms)
	RebuildNativeTypeToScriptingClass (38ms)
	initialDomainReloadingComplete (106ms)
	LoadAllAssembliesAndSetupDomain (657ms)
		LoadAssemblies (546ms)
		TypeCache.Refresh (10ms)
		AnalyzeDomain (13ms)
			ResolveRequiredComponents (8ms)
	FinalizeReload (1311ms)
		SetupLoadedEditorAssemblies (0ms)
			LogAssemblyErrors (5ms)
			InitializePlatformSupportModulesInManaged (4ms)
			BeforeProcessingInitializeOnLoad (215ms)
			ProcessInitializeOnLoadAttributes (438ms)
			ProcessInitializeOnLoadMethodAttributes (154ms)
			AfterProcessingInitializeOnLoad (7ms)
		AwakeInstancesAfterBackupRestoration (48ms)
Refreshing native plugins compatible for Editor in 3.06 ms, found 5 plugins.
Unloading 24 Unused Serialized files (Serialized files now loaded: 0)
Unloading 6986 unused Assets / (8.0 MB). Loaded Objects now: 7974.
Memory consumption went from 375.6 MB to 367.5 MB.
Total: 14.508800 ms (FindLiveObjects: 0.806600 ms CreateObjectMapping: 0.321600 ms MarkObjects: 10.042600 ms  DeleteObjects: 3.027100 ms)

Prepare: number of updated asset objects reloaded= 0
========================================================================
Received Prepare
AcceleratorClientConnectionCallback - disconnected - :0
Begin MonoManager ReloadAssembly
'Packages/com.unity.render-pipelines.core/Editor/Deprecated.cs' contains partial class of Unity.Object, exactly 1 of the partial classes needs to be in a file with the same filename. This is to know the one that can be referenced from ie. GameObjects
'Packages/com.unity.render-pipelines.core/Editor/Deprecated.cs' contains partial class of Unity.Object, exactly 1 of the partial classes needs to be in a file with the same filename. This is to know the one that can be referenced from ie. GameObjects
Refreshing native plugins compatible for Editor in 12.97 ms, found 5 plugins.
Native extension for WindowsStandalone target not found
Native extension for WebGL target not found
[Package Manager] Failed to launch server process. Reason: Unity was launched with the -noUpm command-line argument
[Package Manager] Unable to send message (not connected to server process).
[Package Manager] Cannot connect to Unity Package Manager local server
[Package Manager] Failed to launch server process. Reason: Unity was launched with the -noUpm command-line argument
[Package Manager] Unable to send message (not connected to server process).
[Package Manager] Cannot connect to Unity Package Manager local server
ScheduleIndexationOnStartup MainProcess:False IndexOnStartup:True
Scripting: successfully reloaded assembly
- Finished resetting the current domain, in  1.402 seconds
Domain Reload Profiling: 2772ms
	BeginReloadAssembly (460ms)
		DisableScriptedObjects (35ms)
		CreateAndSetChildDomain (97ms)
	RebuildCommonClasses (20ms)
	RebuildNativeTypeToScriptingClass (33ms)
	initialDomainReloadingComplete (110ms)
	LoadAllAssembliesAndSetupDomain (744ms)
		LoadAssemblies (609ms)
		TypeCache.Refresh (12ms)
		AnalyzeDomain (17ms)
			ResolveRequiredComponents (12ms)
	FinalizeReload (1404ms)
		SetupLoadedEditorAssemblies (0ms)
			LogAssemblyErrors (6ms)
			InitializePlatformSupportModulesInManaged (5ms)
			BeforeProcessingInitializeOnLoad (243ms)
			ProcessInitializeOnLoadAttributes (463ms)
			ProcessInitializeOnLoadMethodAttributes (174ms)
			AfterProcessingInitializeOnLoad (9ms)
			EditorAssembliesLoaded (3ms)
		AwakeInstancesAfterBackupRestoration (50ms)
Refreshing native plugins compatible for Editor in 3.64 ms, found 5 plugins.
Unloading 24 Unused Serialized files (Serialized files now loaded: 0)
Unloading 6986 unused Assets / (6.5 MB). Loaded Objects now: 7977.
Memory consumption went from 381.0 MB to 374.5 MB.
Total: 16.944600 ms (FindLiveObjects: 0.950600 ms CreateObjectMapping: 1.322300 ms MarkObjects: 11.224200 ms  DeleteObjects: 3.125900 ms)

Prepare: number of updated asset objects reloaded= 0
========================================================================
Received Prepare
AcceleratorClientConnectionCallback - disconnected - :0
[Licensing::Client] Successfully resolved entitlement details
Begin MonoManager ReloadAssembly
'Packages/com.unity.render-pipelines.core/Editor/Deprecated.cs' contains partial class of Unity.Object, exactly 1 of the partial classes needs to be in a file with the same filename. This is to know the one that can be referenced from ie. GameObjects
'Packages/com.unity.render-pipelines.core/Editor/Deprecated.cs' contains partial class of Unity.Object, exactly 1 of the partial classes needs to be in a file with the same filename. This is to know the one that can be referenced from ie. GameObjects
Refreshing native plugins compatible for Editor in 3.72 ms, found 5 plugins.
Native extension for WindowsStandalone target not found
Native extension for WebGL target not found
[Package Manager] Failed to launch server process. Reason: Unity was launched with the -noUpm command-line argument
[Package Manager] Unable to send message (not connected to server process).
[Package Manager] Cannot connect to Unity Package Manager local server
[Package Manager] Failed to launch server process. Reason: Unity was launched with the -noUpm command-line argument
[Package Manager] Unable to send message (not connected to server process).
[Package Manager] Cannot connect to Unity Package Manager local server
ScheduleIndexationOnStartup MainProcess:False IndexOnStartup:True
Scripting: successfully reloaded assembly
- Finished resetting the current domain, in  1.351 seconds
Domain Reload Profiling: 2657ms
	BeginReloadAssembly (433ms)
		DisableScriptedObjects (31ms)
		CreateAndSetChildDomain (90ms)
	RebuildCommonClasses (27ms)
	RebuildNativeTypeToScriptingClass (44ms)
	initialDomainReloadingComplete (96ms)
	LoadAllAssembliesAndSetupDomain (703ms)
		LoadAssemblies (569ms)
		TypeCache.Refresh (10ms)
		AnalyzeDomain (14ms)
			ResolveRequiredComponents (9ms)
	FinalizeReload (1353ms)
		SetupLoadedEditorAssemblies (0ms)
			LogAssemblyErrors (6ms)
			InitializePlatformSupportModulesInManaged (4ms)
			BeforeProcessingInitializeOnLoad (209ms)
			ProcessInitializeOnLoadAttributes (448ms)
			ProcessInitializeOnLoadMethodAttributes (182ms)
			AfterProcessingInitializeOnLoad (8ms)
			EditorAssembliesLoaded (3ms)
		AwakeInstancesAfterBackupRestoration (47ms)
Refreshing native plugins compatible for Editor in 5.10 ms, found 5 plugins.
Unloading 24 Unused Serialized files (Serialized files now loaded: 0)
Unloading 6986 unused Assets / (6.6 MB). Loaded Objects now: 7980.
Memory consumption went from 386.9 MB to 380.3 MB.
Total: 14.845300 ms (FindLiveObjects: 0.888200 ms CreateObjectMapping: 0.390300 ms MarkObjects: 10.155600 ms  DeleteObjects: 3.089200 ms)

Prepare: number of updated asset objects reloaded= 0
========================================================================
Received Prepare
AcceleratorClientConnectionCallback - disconnected - :0
[Licensing::Client] Successfully resolved entitlement details
Begin MonoManager ReloadAssembly
'Packages/com.unity.render-pipelines.core/Editor/Deprecated.cs' contains partial class of Unity.Object, exactly 1 of the partial classes needs to be in a file with the same filename. This is to know the one that can be referenced from ie. GameObjects
'Packages/com.unity.render-pipelines.core/Editor/Deprecated.cs' contains partial class of Unity.Object, exactly 1 of the partial classes needs to be in a file with the same filename. This is to know the one that can be referenced from ie. GameObjects
Refreshing native plugins compatible for Editor in 3.88 ms, found 5 plugins.
Native extension for WindowsStandalone target not found
Native extension for WebGL target not found
[Package Manager] Failed to launch server process. Reason: Unity was launched with the -noUpm command-line argument
[Package Manager] Unable to send message (not connected to server process).
[Package Manager] Cannot connect to Unity Package Manager local server
[Package Manager] Failed to launch server process. Reason: Unity was launched with the -noUpm command-line argument
[Package Manager] Unable to send message (not connected to server process).
[Package Manager] Cannot connect to Unity Package Manager local server
ScheduleIndexationOnStartup MainProcess:False IndexOnStartup:True
Scripting: successfully reloaded assembly
- Finished resetting the current domain, in  1.272 seconds
Domain Reload Profiling: 2545ms
	BeginReloadAssembly (440ms)
		DisableScriptedObjects (31ms)
		CreateAndSetChildDomain (87ms)
	RebuildCommonClasses (19ms)
	RebuildNativeTypeToScriptingClass (35ms)
	initialDomainReloadingComplete (99ms)
	LoadAllAssembliesAndSetupDomain (678ms)
		LoadAssemblies (551ms)
		TypeCache.Refresh (10ms)
		AnalyzeDomain (16ms)
			ResolveRequiredComponents (10ms)
	FinalizeReload (1274ms)
		SetupLoadedEditorAssemblies (0ms)
			LogAssemblyErrors (5ms)
			InitializePlatformSupportModulesInManaged (3ms)
			BeforeProcessingInitializeOnLoad (243ms)
			ProcessInitializeOnLoadAttributes (426ms)
			ProcessInitializeOnLoadMethodAttributes (151ms)
			AfterProcessingInitializeOnLoad (7ms)
		AwakeInstancesAfterBackupRestoration (36ms)
Refreshing native plugins compatible for Editor in 3.67 ms, found 5 plugins.
Unloading 24 Unused Serialized files (Serialized files now loaded: 0)
Unloading 6986 unused Assets / (7.1 MB). Loaded Objects now: 7983.
Memory consumption went from 392.4 MB to 385.4 MB.
Total: 15.101800 ms (FindLiveObjects: 1.446300 ms CreateObjectMapping: 0.571400 ms MarkObjects: 9.136800 ms  DeleteObjects: 2.750900 ms)

Prepare: number of updated asset objects reloaded= 0
========================================================================
Received Prepare
AcceleratorClientConnectionCallback - disconnected - :0
'Packages/com.unity.render-pipelines.core/Editor/Deprecated.cs' contains partial class of Unity.Object, exactly 1 of the partial classes needs to be in a file with the same filename. This is to know the one that can be referenced from ie. GameObjects
'Packages/com.unity.render-pipelines.core/Editor/Deprecated.cs' contains partial class of Unity.Object, exactly 1 of the partial classes needs to be in a file with the same filename. This is to know the one that can be referenced from ie. GameObjects
Refreshing native plugins compatible for Editor in 3.50 ms, found 5 plugins.
Unloading 24 Unused Serialized files (Serialized files now loaded: 0)
Unloading 6972 unused Assets / (5.4 MB). Loaded Objects now: 7983.
Memory consumption went from 395.5 MB to 390.1 MB.
Total: 13.871300 ms (FindLiveObjects: 0.905800 ms CreateObjectMapping: 0.340700 ms MarkObjects: 10.300900 ms  DeleteObjects: 2.000100 ms)

Prepare: number of updated asset objects reloaded= 0
========================================================================
Received Prepare
AcceleratorClientConnectionCallback - disconnected - :0
[Licensing::Client] Successfully resolved entitlement details
Begin MonoManager ReloadAssembly
'Packages/com.unity.render-pipelines.core/Editor/Deprecated.cs' contains partial class of Unity.Object, exactly 1 of the partial classes needs to be in a file with the same filename. This is to know the one that can be referenced from ie. GameObjects
'Packages/com.unity.render-pipelines.core/Editor/Deprecated.cs' contains partial class of Unity.Object, exactly 1 of the partial classes needs to be in a file with the same filename. This is to know the one that can be referenced from ie. GameObjects
Refreshing native plugins compatible for Editor in 4.13 ms, found 5 plugins.
Native extension for WindowsStandalone target not found
Native extension for WebGL target not found
[Package Manager] Failed to launch server process. Reason: Unity was launched with the -noUpm command-line argument
[Package Manager] Unable to send message (not connected to server process).
[Package Manager] Cannot connect to Unity Package Manager local server
[Package Manager] Failed to launch server process. Reason: Unity was launched with the -noUpm command-line argument
[Package Manager] Unable to send message (not connected to server process).
[Package Manager] Cannot connect to Unity Package Manager local server
ScheduleIndexationOnStartup MainProcess:False IndexOnStartup:True
Scripting: successfully reloaded assembly
- Finished resetting the current domain, in  1.272 seconds
Domain Reload Profiling: 3405ms
	BeginReloadAssembly (494ms)
		DisableScriptedObjects (35ms)
		CreateAndSetChildDomain (99ms)
	RebuildCommonClasses (21ms)
	RebuildNativeTypeToScriptingClass (36ms)
	initialDomainReloadingComplete (122ms)
	LoadAllAssembliesAndSetupDomain (1459ms)
		LoadAssemblies (663ms)
		TypeCache.Refresh (31ms)
		AnalyzeDomain (604ms)
			BuildScriptInfoCaches (589ms)
			ResolveRequiredComponents (12ms)
	FinalizeReload (1274ms)
		SetupLoadedEditorAssemblies (0ms)
			LogAssemblyErrors (5ms)
			InitializePlatformSupportModulesInManaged (3ms)
			BeforeProcessingInitializeOnLoad (199ms)
			ProcessInitializeOnLoadAttributes (405ms)
			ProcessInitializeOnLoadMethodAttributes (158ms)
			AfterProcessingInitializeOnLoad (12ms)
			EditorAssembliesLoaded (4ms)
		AwakeInstancesAfterBackupRestoration (42ms)
Refreshing native plugins compatible for Editor in 3.41 ms, found 5 plugins.
Unloading 24 Unused Serialized files (Serialized files now loaded: 0)
Unloading 6986 unused Assets / (7.2 MB). Loaded Objects now: 7986.
Memory consumption went from 413.4 MB to 406.2 MB.
Total: 12.363100 ms (FindLiveObjects: 0.869300 ms CreateObjectMapping: 0.322500 ms MarkObjects: 8.434200 ms  DeleteObjects: 2.420300 ms)

Prepare: number of updated asset objects reloaded= 0
========================================================================
Received Prepare
AcceleratorClientConnectionCallback - disconnected - :0
Begin MonoManager ReloadAssembly
'Packages/com.unity.render-pipelines.core/Editor/Deprecated.cs' contains partial class of Unity.Object, exactly 1 of the partial classes needs to be in a file with the same filename. This is to know the one that can be referenced from ie. GameObjects
'Packages/com.unity.render-pipelines.core/Editor/Deprecated.cs' contains partial class of Unity.Object, exactly 1 of the partial classes needs to be in a file with the same filename. This is to know the one that can be referenced from ie. GameObjects
Refreshing native plugins compatible for Editor in 2.93 ms, found 5 plugins.
Native extension for WindowsStandalone target not found
Native extension for WebGL target not found
[Package Manager] Failed to launch server process. Reason: Unity was launched with the -noUpm command-line argument
[Package Manager] Unable to send message (not connected to server process).
[Package Manager] Cannot connect to Unity Package Manager local server
[Package Manager] Failed to launch server process. Reason: Unity was launched with the -noUpm command-line argument
[Package Manager] Unable to send message (not connected to server process).
[Package Manager] Cannot connect to Unity Package Manager local server
ScheduleIndexationOnStartup MainProcess:False IndexOnStartup:True
Scripting: successfully reloaded assembly
- Finished resetting the current domain, in  1.258 seconds
Domain Reload Profiling: 2570ms
	BeginReloadAssembly (459ms)
		DisableScriptedObjects (30ms)
		CreateAndSetChildDomain (105ms)
	RebuildCommonClasses (17ms)
	RebuildNativeTypeToScriptingClass (32ms)
	initialDomainReloadingComplete (102ms)
	LoadAllAssembliesAndSetupDomain (701ms)
		LoadAssemblies (588ms)
		TypeCache.Refresh (10ms)
		AnalyzeDomain (14ms)
			ResolveRequiredComponents (9ms)
	FinalizeReload (1260ms)
		SetupLoadedEditorAssemblies (0ms)
			LogAssemblyErrors (6ms)
			InitializePlatformSupportModulesInManaged (3ms)
			BeforeProcessingInitializeOnLoad (187ms)
			ProcessInitializeOnLoadAttributes (422ms)
			ProcessInitializeOnLoadMethodAttributes (159ms)
			AfterProcessingInitializeOnLoad (9ms)
		AwakeInstancesAfterBackupRestoration (39ms)
Refreshing native plugins compatible for Editor in 3.99 ms, found 5 plugins.
Unloading 24 Unused Serialized files (Serialized files now loaded: 0)
Unloading 6986 unused Assets / (5.4 MB). Loaded Objects now: 7989.
Memory consumption went from 416.9 MB to 411.5 MB.
Total: 12.226600 ms (FindLiveObjects: 0.945600 ms CreateObjectMapping: 0.412700 ms MarkObjects: 8.469200 ms  DeleteObjects: 2.087400 ms)

Prepare: number of updated asset objects reloaded= 0
========================================================================
Received Prepare
AcceleratorClientConnectionCallback - disconnected - :0
[Licensing::Client] Successfully resolved entitlement details
Begin MonoManager ReloadAssembly
'Packages/com.unity.render-pipelines.core/Editor/Deprecated.cs' contains partial class of Unity.Object, exactly 1 of the partial classes needs to be in a file with the same filename. This is to know the one that can be referenced from ie. GameObjects
'Packages/com.unity.render-pipelines.core/Editor/Deprecated.cs' contains partial class of Unity.Object, exactly 1 of the partial classes needs to be in a file with the same filename. This is to know the one that can be referenced from ie. GameObjects
Refreshing native plugins compatible for Editor in 4.18 ms, found 5 plugins.
Native extension for WindowsStandalone target not found
Native extension for WebGL target not found
[Package Manager] Failed to launch server process. Reason: Unity was launched with the -noUpm command-line argument
[Package Manager] Unable to send message (not connected to server process).
[Package Manager] Cannot connect to Unity Package Manager local server
[Package Manager] Failed to launch server process. Reason: Unity was launched with the -noUpm command-line argument
[Package Manager] Unable to send message (not connected to server process).
[Package Manager] Cannot connect to Unity Package Manager local server
ScheduleIndexationOnStartup MainProcess:False IndexOnStartup:True
Scripting: successfully reloaded assembly
- Finished resetting the current domain, in  1.192 seconds
Domain Reload Profiling: 2526ms
	BeginReloadAssembly (465ms)
		DisableScriptedObjects (37ms)
		CreateAndSetChildDomain (96ms)
	RebuildCommonClasses (20ms)
	RebuildNativeTypeToScriptingClass (39ms)
	initialDomainReloadingComplete (121ms)
	LoadAllAssembliesAndSetupDomain (688ms)
		LoadAssemblies (562ms)
		TypeCache.Refresh (10ms)
		AnalyzeDomain (15ms)
			ResolveRequiredComponents (10ms)
	FinalizeReload (1193ms)
		SetupLoadedEditorAssemblies (0ms)
			LogAssemblyErrors (7ms)
			InitializePlatformSupportModulesInManaged (4ms)
			BeforeProcessingInitializeOnLoad (185ms)
			ProcessInitializeOnLoadAttributes (410ms)
			ProcessInitializeOnLoadMethodAttributes (149ms)
			AfterProcessingInitializeOnLoad (9ms)
		AwakeInstancesAfterBackupRestoration (37ms)
Refreshing native plugins compatible for Editor in 3.57 ms, found 5 plugins.
Unloading 24 Unused Serialized files (Serialized files now loaded: 0)
Unloading 6986 unused Assets / (6.9 MB). Loaded Objects now: 7992.
Memory consumption went from 419.9 MB to 413.0 MB.
Total: 12.246400 ms (FindLiveObjects: 0.924100 ms CreateObjectMapping: 0.328800 ms MarkObjects: 8.127100 ms  DeleteObjects: 2.504900 ms)

Prepare: number of updated asset objects reloaded= 0
========================================================================
Received Prepare
AcceleratorClientConnectionCallback - disconnected - :0
[Licensing::Client] Successfully resolved entitlement details
Begin MonoManager ReloadAssembly
'Packages/com.unity.render-pipelines.core/Editor/Deprecated.cs' contains partial class of Unity.Object, exactly 1 of the partial classes needs to be in a file with the same filename. This is to know the one that can be referenced from ie. GameObjects
'Packages/com.unity.render-pipelines.core/Editor/Deprecated.cs' contains partial class of Unity.Object, exactly 1 of the partial classes needs to be in a file with the same filename. This is to know the one that can be referenced from ie. GameObjects
Refreshing native plugins compatible for Editor in 2.92 ms, found 5 plugins.
Native extension for WindowsStandalone target not found
Native extension for WebGL target not found
[Package Manager] Failed to launch server process. Reason: Unity was launched with the -noUpm command-line argument
[Package Manager] Unable to send message (not connected to server process).
[Package Manager] Cannot connect to Unity Package Manager local server
[Package Manager] Failed to launch server process. Reason: Unity was launched with the -noUpm command-line argument
[Package Manager] Unable to send message (not connected to server process).
[Package Manager] Cannot connect to Unity Package Manager local server
ScheduleIndexationOnStartup MainProcess:False IndexOnStartup:True
Scripting: successfully reloaded assembly
- Finished resetting the current domain, in  1.281 seconds
Domain Reload Profiling: 2626ms
	BeginReloadAssembly (505ms)
		DisableScriptedObjects (34ms)
		CreateAndSetChildDomain (118ms)
	RebuildCommonClasses (17ms)
	RebuildNativeTypeToScriptingClass (32ms)
	initialDomainReloadingComplete (97ms)
	LoadAllAssembliesAndSetupDomain (693ms)
		LoadAssemblies (566ms)
		TypeCache.Refresh (10ms)
		AnalyzeDomain (19ms)
			ResolveRequiredComponents (13ms)
	FinalizeReload (1283ms)
		SetupLoadedEditorAssemblies (0ms)
			LogAssemblyErrors (8ms)
			InitializePlatformSupportModulesInManaged (3ms)
			BeforeProcessingInitializeOnLoad (221ms)
			ProcessInitializeOnLoadAttributes (460ms)
			ProcessInitializeOnLoadMethodAttributes (162ms)
			AfterProcessingInitializeOnLoad (9ms)
			EditorAssembliesLoaded (3ms)
		AwakeInstancesAfterBackupRestoration (40ms)
Refreshing native plugins compatible for Editor in 3.39 ms, found 5 plugins.
Unloading 24 Unused Serialized files (Serialized files now loaded: 0)
Unloading 6986 unused Assets / (6.6 MB). Loaded Objects now: 7995.
Memory consumption went from 422.9 MB to 416.3 MB.
Total: 13.093100 ms (FindLiveObjects: 0.930800 ms CreateObjectMapping: 0.356800 ms MarkObjects: 7.489800 ms  DeleteObjects: 4.005400 ms)

Prepare: number of updated asset objects reloaded= 0
========================================================================
Received Prepare
AcceleratorClientConnectionCallback - disconnected - :0
Begin MonoManager ReloadAssembly
'Packages/com.unity.render-pipelines.core/Editor/Deprecated.cs' contains partial class of Unity.Object, exactly 1 of the partial classes needs to be in a file with the same filename. This is to know the one that can be referenced from ie. GameObjects
'Packages/com.unity.render-pipelines.core/Editor/Deprecated.cs' contains partial class of Unity.Object, exactly 1 of the partial classes needs to be in a file with the same filename. This is to know the one that can be referenced from ie. GameObjects
Refreshing native plugins compatible for Editor in 2.99 ms, found 5 plugins.
Native extension for WindowsStandalone target not found
Native extension for WebGL target not found
[Package Manager] Failed to launch server process. Reason: Unity was launched with the -noUpm command-line argument
[Package Manager] Unable to send message (not connected to server process).
[Package Manager] Cannot connect to Unity Package Manager local server
[Package Manager] Failed to launch server process. Reason: Unity was launched with the -noUpm command-line argument
[Package Manager] Unable to send message (not connected to server process).
[Package Manager] Cannot connect to Unity Package Manager local server
ScheduleIndexationOnStartup MainProcess:False IndexOnStartup:True
Scripting: successfully reloaded assembly
- Finished resetting the current domain, in  1.317 seconds
Domain Reload Profiling: 2643ms
	BeginReloadAssembly (491ms)
		DisableScriptedObjects (31ms)
		CreateAndSetChildDomain (110ms)
	RebuildCommonClasses (15ms)
	RebuildNativeTypeToScriptingClass (28ms)
	initialDomainReloadingComplete (91ms)
	LoadAllAssembliesAndSetupDomain (698ms)
		LoadAssemblies (575ms)
		TypeCache.Refresh (10ms)
		AnalyzeDomain (14ms)
			ResolveRequiredComponents (9ms)
	FinalizeReload (1319ms)
		SetupLoadedEditorAssemblies (0ms)
			LogAssemblyErrors (5ms)
			InitializePlatformSupportModulesInManaged (4ms)
			BeforeProcessingInitializeOnLoad (196ms)
			ProcessInitializeOnLoadAttributes (449ms)
			ProcessInitializeOnLoadMethodAttributes (173ms)
			AfterProcessingInitializeOnLoad (12ms)
			EditorAssembliesLoaded (4ms)
		AwakeInstancesAfterBackupRestoration (42ms)
Refreshing native plugins compatible for Editor in 4.55 ms, found 5 plugins.
Unloading 24 Unused Serialized files (Serialized files now loaded: 0)
Unloading 6986 unused Assets / (6.9 MB). Loaded Objects now: 7998.
Memory consumption went from 426.4 MB to 419.4 MB.
Total: 41.412700 ms (FindLiveObjects: 0.928100 ms CreateObjectMapping: 0.345200 ms MarkObjects: 37.346200 ms  DeleteObjects: 2.481500 ms)

Prepare: number of updated asset objects reloaded= 0
========================================================================
Received Import Request.
  Time of request: 2026-09-29T18:18:20.5123865Z
  Time since last request: 7476.42535930000031 seconds.
  importAddress: GUID: 703ae5541ff0c764d889f44437ff3ed4 - Path: Assets/Scripts/GameManager.cs - Importer: PreviewImporter
Importing 'GUID: 703ae5541ff0c764d889f44437ff3ed4 - Path: Assets/Scripts/GameManager.cs - Importer: PreviewImporter' with importer (PreviewImporter)
Imported 'GUID: 703ae5541ff0c764d889f44437ff3ed4' -> (Import Result ID: '1e550765ca76a3ecde7e6dc1222048c9') in 0.124 seconds [static and dynamic dependencies]. Details - ImportResultOutputID=dad329d9ea41d91926216d6fae7b391f DependenciesID=30b44fc9b65f282e92e595584a16d6b1 StaticDependenciesID=f5b81231647b86a65c67841ba2b5b3dd 
Number of updated asset objects reloaded before import = 0
Number of asset objects unloaded after import = 0
========================================================================
Received Prepare
AcceleratorClientConnectionCallback - disconnected - :0
[Licensing::Client] Successfully resolved entitlement details
Begin MonoManager ReloadAssembly
'Packages/com.unity.render-pipelines.core/Editor/Deprecated.cs' contains partial class of Unity.Object, exactly 1 of the partial classes needs to be in a file with the same filename. This is to know the one that can be referenced from ie. GameObjects
'Packages/com.unity.render-pipelines.core/Editor/Deprecated.cs' contains partial class of Unity.Object, exactly 1 of the partial classes needs to be in a file with the same filename. This is to know the one that can be referenced from ie. GameObjects
Refreshing native plugins compatible for Editor in 2.89 ms, found 5 plugins.
Native extension for WindowsStandalone target not found
Native extension for WebGL target not found
[Package Manager] Failed to launch server process. Reason: Unity was launched with the -noUpm command-line argument
[Package Manager] Unable to send message (not connected to server process).
[Package Manager] Cannot connect to Unity Package Manager local server
[Package Manager] Failed to launch server process. Reason: Unity was launched with the -noUpm command-line argument
[Package Manager] Unable to send message (not connected to server process).
[Package Manager] Cannot connect to Unity Package Manager local server
ScheduleIndexationOnStartup MainProcess:False IndexOnStartup:True
Scripting: successfully reloaded assembly
- Finished resetting the current domain, in  1.320 seconds
Domain Reload Profiling: 2660ms
	BeginReloadAssembly (434ms)
		DisableScriptedObjects (33ms)
		CreateAndSetChildDomain (85ms)
	RebuildCommonClasses (20ms)
	RebuildNativeTypeToScriptingClass (36ms)
	initialDomainReloadingComplete (121ms)
	LoadAllAssembliesAndSetupDomain (728ms)
		LoadAssemblies (583ms)
		TypeCache.Refresh (11ms)
		AnalyzeDomain (17ms)
			ResolveRequiredComponents (11ms)
	FinalizeReload (1322ms)
		SetupLoadedEditorAssemblies (0ms)
			LogAssemblyErrors (8ms)
			InitializePlatformSupportModulesInManaged (3ms)
			BeforeProcessingInitializeOnLoad (190ms)
			ProcessInitializeOnLoadAttributes (460ms)
			ProcessInitializeOnLoadMethodAttributes (152ms)
			AfterProcessingInitializeOnLoad (9ms)
		AwakeInstancesAfterBackupRestoration (39ms)
Refreshing native plugins compatible for Editor in 2.64 ms, found 5 plugins.
Unloading 24 Unused Serialized files (Serialized files now loaded: 0)
Unloading 6986 unused Assets / (6.2 MB). Loaded Objects now: 8001.
Memory consumption went from 387.8 MB to 381.6 MB.
Total: 14.606200 ms (FindLiveObjects: 0.986100 ms CreateObjectMapping: 0.345500 ms MarkObjects: 10.139400 ms  DeleteObjects: 2.797100 ms)

Prepare: number of updated asset objects reloaded= 0
========================================================================
Received Prepare
AcceleratorClientConnectionCallback - disconnected - :0
[Licensing::Client] Successfully resolved entitlement details
Begin MonoManager ReloadAssembly
'Packages/com.unity.render-pipelines.core/Editor/Deprecated.cs' contains partial class of Unity.Object, exactly 1 of the partial classes needs to be in a file with the same filename. This is to know the one that can be referenced from ie. GameObjects
'Packages/com.unity.render-pipelines.core/Editor/Deprecated.cs' contains partial class of Unity.Object, exactly 1 of the partial classes needs to be in a file with the same filename. This is to know the one that can be referenced from ie. GameObjects
Refreshing native plugins compatible for Editor in 2.85 ms, found 5 plugins.
Native extension for WindowsStandalone target not found
Native extension for WebGL target not found
[Package Manager] Failed to launch server process. Reason: Unity was launched with the -noUpm command-line argument
[Package Manager] Unable to send message (not connected to server process).
[Package Manager] Cannot connect to Unity Package Manager local server
[Package Manager] Failed to launch server process. Reason: Unity was launched with the -noUpm command-line argument
[Package Manager] Unable to send message (not connected to server process).
[Package Manager] Cannot connect to Unity Package Manager local server
ScheduleIndexationOnStartup MainProcess:False IndexOnStartup:True
Scripting: successfully reloaded assembly
- Finished resetting the current domain, in  1.221 seconds
Domain Reload Profiling: 2548ms
	BeginReloadAssembly (421ms)
		DisableScriptedObjects (28ms)
		CreateAndSetChildDomain (86ms)
	RebuildCommonClasses (15ms)
	RebuildNativeTypeToScriptingClass (28ms)
	initialDomainReloadingComplete (103ms)
	LoadAllAssembliesAndSetupDomain (759ms)
		LoadAssemblies (612ms)
		TypeCache.Refresh (11ms)
		AnalyzeDomain (16ms)
			ResolveRequiredComponents (11ms)
	FinalizeReload (1223ms)
		SetupLoadedEditorAssemblies (0ms)
			LogAssemblyErrors (5ms)
			InitializePlatformSupportModulesInManaged (4ms)
			BeforeProcessingInitializeOnLoad (204ms)
			ProcessInitializeOnLoadAttributes (408ms)
			ProcessInitializeOnLoadMethodAttributes (150ms)
			AfterProcessingInitializeOnLoad (10ms)
		AwakeInstancesAfterBackupRestoration (37ms)
Refreshing native plugins compatible for Editor in 3.65 ms, found 5 plugins.
Unloading 24 Unused Serialized files (Serialized files now loaded: 0)
Unloading 6986 unused Assets / (6.0 MB). Loaded Objects now: 8004.
Memory consumption went from 393.3 MB to 387.3 MB.
Total: 14.186500 ms (FindLiveObjects: 1.167800 ms CreateObjectMapping: 0.501300 ms MarkObjects: 9.688000 ms  DeleteObjects: 2.513000 ms)

Prepare: number of updated asset objects reloaded= 0
========================================================================
Received Prepare
AcceleratorClientConnectionCallback - disconnected - :0
Begin MonoManager ReloadAssembly
'Packages/com.unity.render-pipelines.core/Editor/Deprecated.cs' contains partial class of Unity.Object, exactly 1 of the partial classes needs to be in a file with the same filename. This is to know the one that can be referenced from ie. GameObjects
'Packages/com.unity.render-pipelines.core/Editor/Deprecated.cs' contains partial class of Unity.Object, exactly 1 of the partial classes needs to be in a file with the same filename. This is to know the one that can be referenced from ie. GameObjects
Refreshing native plugins compatible for Editor in 2.66 ms, found 5 plugins.
Native extension for WindowsStandalone target not found
Native extension for WebGL target not found
[Package Manager] Failed to launch server process. Reason: Unity was launched with the -noUpm command-line argument
[Package Manager] Unable to send message (not connected to server process).
[Package Manager] Cannot connect to Unity Package Manager local server
[Package Manager] Failed to launch server process. Reason: Unity was launched with the -noUpm command-line argument
[Package Manager] Unable to send message (not connected to server process).
[Package Manager] Cannot connect to Unity Package Manager local server
ScheduleIndexationOnStartup MainProcess:False IndexOnStartup:True
Scripting: successfully reloaded assembly
- Finished resetting the current domain, in  1.240 seconds
Domain Reload Profiling: 2483ms
	BeginReloadAssembly (409ms)
		DisableScriptedObjects (36ms)
		CreateAndSetChildDomain (93ms)
	RebuildCommonClasses (15ms)
	RebuildNativeTypeToScriptingClass (28ms)
	initialDomainReloadingComplete (138ms)
	LoadAllAssembliesAndSetupDomain (650ms)
		LoadAssemblies (513ms)
		TypeCache.Refresh (9ms)
		AnalyzeDomain (13ms)
			ResolveRequiredComponents (9ms)
	FinalizeReload (1242ms)
		SetupLoadedEditorAssemblies (0ms)
			LogAssemblyErrors (6ms)
			InitializePlatformSupportModulesInManaged (4ms)
			BeforeProcessingInitializeOnLoad (208ms)
			ProcessInitializeOnLoadAttributes (417ms)
			ProcessInitializeOnLoadMethodAttributes (160ms)
			AfterProcessingInitializeOnLoad (9ms)
		AwakeInstancesAfterBackupRestoration (40ms)
Refreshing native plugins compatible for Editor in 3.67 ms, found 5 plugins.
Unloading 24 Unused Serialized files (Serialized files now loaded: 0)
Unloading 6986 unused Assets / (6.6 MB). Loaded Objects now: 8007.
Memory consumption went from 398.7 MB to 392.0 MB.
Total: 13.059400 ms (FindLiveObjects: 1.038500 ms CreateObjectMapping: 0.484200 ms MarkObjects: 8.537900 ms  DeleteObjects: 2.687600 ms)

Prepare: number of updated asset objects reloaded= 0
========================================================================
Received Prepare
AcceleratorClientConnectionCallback - disconnected - :0
[Licensing::Client] Successfully resolved entitlement details
Begin MonoManager ReloadAssembly
'Packages/com.unity.render-pipelines.core/Editor/Deprecated.cs' contains partial class of Unity.Object, exactly 1 of the partial classes needs to be in a file with the same filename. This is to know the one that can be referenced from ie. GameObjects
'Packages/com.unity.render-pipelines.core/Editor/Deprecated.cs' contains partial class of Unity.Object, exactly 1 of the partial classes needs to be in a file with the same filename. This is to know the one that can be referenced from ie. GameObjects
Refreshing native plugins compatible for Editor in 3.87 ms, found 5 plugins.
Native extension for WindowsStandalone target not found
Native extension for WebGL target not found
[Package Manager] Failed to launch server process. Reason: Unity was launched with the -noUpm command-line argument
[Package Manager] Unable to send message (not connected to server process).
[Package Manager] Cannot connect to Unity Package Manager local server
[Package Manager] Failed to launch server process. Reason: Unity was launched with the -noUpm command-line argument
[Package Manager] Unable to send message (not connected to server process).
[Package Manager] Cannot connect to Unity Package Manager local server
ScheduleIndexationOnStartup MainProcess:False IndexOnStartup:True
Scripting: successfully reloaded assembly
- Finished resetting the current domain, in  1.275 seconds
Domain Reload Profiling: 2605ms
	BeginReloadAssembly (442ms)
		DisableScriptedObjects (32ms)
		CreateAndSetChildDomain (84ms)
	RebuildCommonClasses (18ms)
	RebuildNativeTypeToScriptingClass (35ms)
	initialDomainReloadingComplete (110ms)
	LoadAllAssembliesAndSetupDomain (724ms)
		LoadAssemblies (597ms)
		TypeCache.Refresh (14ms)
		AnalyzeDomain (18ms)
			ResolveRequiredComponents (11ms)
	FinalizeReload (1277ms)
		SetupLoadedEditorAssemblies (0ms)
			LogAssemblyErrors (5ms)
			InitializePlatformSupportModulesInManaged (3ms)
			BeforeProcessingInitializeOnLoad (210ms)
			ProcessInitializeOnLoadAttributes (412ms)
			ProcessInitializeOnLoadMethodAttributes (157ms)
			AfterProcessingInitializeOnLoad (10ms)
		AwakeInstancesAfterBackupRestoration (37ms)
Refreshing native plugins compatible for Editor in 3.57 ms, found 5 plugins.
Unloading 24 Unused Serialized files (Serialized files now loaded: 0)
Unloading 6986 unused Assets / (6.3 MB). Loaded Objects now: 8010.
Memory consumption went from 401.6 MB to 395.3 MB.
Total: 17.320800 ms (FindLiveObjects: 1.169500 ms CreateObjectMapping: 0.503800 ms MarkObjects: 12.157600 ms  DeleteObjects: 3.154000 ms)

Prepare: number of updated asset objects reloaded= 0
========================================================================
Received Prepare
AcceleratorClientConnectionCallback - disconnected - :0
[Licensing::Client] Successfully resolved entitlement details
Begin MonoManager ReloadAssembly
'Packages/com.unity.render-pipelines.core/Editor/Deprecated.cs' contains partial class of Unity.Object, exactly 1 of the partial classes needs to be in a file with the same filename. This is to know the one that can be referenced from ie. GameObjects
'Packages/com.unity.render-pipelines.core/Editor/Deprecated.cs' contains partial class of Unity.Object, exactly 1 of the partial classes needs to be in a file with the same filename. This is to know the one that can be referenced from ie. GameObjects
Refreshing native plugins compatible for Editor in 2.68 ms, found 5 plugins.
Native extension for WindowsStandalone target not found
Native extension for WebGL target not found
[Package Manager] Failed to launch server process. Reason: Unity was launched with the -noUpm command-line argument
[Package Manager] Unable to send message (not connected to server process).
[Package Manager] Cannot connect to Unity Package Manager local server
[Package Manager] Failed to launch server process. Reason: Unity was launched with the -noUpm command-line argument
[Package Manager] Unable to send message (not connected to server process).
[Package Manager] Cannot connect to Unity Package Manager local server
ScheduleIndexationOnStartup MainProcess:False IndexOnStartup:True
Scripting: successfully reloaded assembly
- Finished resetting the current domain, in  1.327 seconds
Domain Reload Profiling: 2648ms
	BeginReloadAssembly (449ms)
		DisableScriptedObjects (36ms)
		CreateAndSetChildDomain (103ms)
	RebuildCommonClasses (26ms)
	RebuildNativeTypeToScriptingClass (36ms)
	initialDomainReloadingComplete (99ms)
	LoadAllAssembliesAndSetupDomain (710ms)
		LoadAssemblies (562ms)
		TypeCache.Refresh (10ms)
		AnalyzeDomain (15ms)
			ResolveRequiredComponents (9ms)
	FinalizeReload (1329ms)
		SetupLoadedEditorAssemblies (0ms)
			LogAssemblyErrors (6ms)
			InitializePlatformSupportModulesInManaged (6ms)
			BeforeProcessingInitializeOnLoad (211ms)
			ProcessInitializeOnLoadAttributes (460ms)
			ProcessInitializeOnLoadMethodAttributes (163ms)
			AfterProcessingInitializeOnLoad (9ms)
			EditorAssembliesLoaded (3ms)
		AwakeInstancesAfterBackupRestoration (40ms)
Refreshing native plugins compatible for Editor in 3.29 ms, found 5 plugins.
Unloading 24 Unused Serialized files (Serialized files now loaded: 0)
Unloading 6986 unused Assets / (5.8 MB). Loaded Objects now: 8013.
Memory consumption went from 407.0 MB to 401.2 MB.
Total: 13.168000 ms (FindLiveObjects: 1.124400 ms CreateObjectMapping: 0.669900 ms MarkObjects: 8.406800 ms  DeleteObjects: 2.649900 ms)

Prepare: number of updated asset objects reloaded= 0
========================================================================
Received Prepare
AcceleratorClientConnectionCallback - disconnected - :0
Begin MonoManager ReloadAssembly
'Packages/com.unity.render-pipelines.core/Editor/Deprecated.cs' contains partial class of Unity.Object, exactly 1 of the partial classes needs to be in a file with the same filename. This is to know the one that can be referenced from ie. GameObjects
'Packages/com.unity.render-pipelines.core/Editor/Deprecated.cs' contains partial class of Unity.Object, exactly 1 of the partial classes needs to be in a file with the same filename. This is to know the one that can be referenced from ie. GameObjects
Refreshing native plugins compatible for Editor in 3.49 ms, found 5 plugins.
Native extension for WindowsStandalone target not found
Native extension for WebGL target not found
[Package Manager] Failed to launch server process. Reason: Unity was launched with the -noUpm command-line argument
[Package Manager] Unable to send message (not connected to server process).
[Package Manager] Cannot connect to Unity Package Manager local server
[Package Manager] Failed to launch server process. Reason: Unity was launched with the -noUpm command-line argument
[Package Manager] Unable to send message (not connected to server process).
[Package Manager] Cannot connect to Unity Package Manager local server
ScheduleIndexationOnStartup MainProcess:False IndexOnStartup:True
Scripting: successfully reloaded assembly
- Finished resetting the current domain, in  1.274 seconds
Domain Reload Profiling: 2605ms
	BeginReloadAssembly (437ms)
		DisableScriptedObjects (29ms)
		CreateAndSetChildDomain (97ms)
	RebuildCommonClasses (21ms)
	RebuildNativeTypeToScriptingClass (33ms)
	initialDomainReloadingComplete (100ms)
	LoadAllAssembliesAndSetupDomain (738ms)
		LoadAssemblies (589ms)
		TypeCache.Refresh (16ms)
		AnalyzeDomain (17ms)
			ResolveRequiredComponents (11ms)
	FinalizeReload (1276ms)
		SetupLoadedEditorAssemblies (0ms)
			LogAssemblyErrors (5ms)
			InitializePlatformSupportModulesInManaged (3ms)
			BeforeProcessingInitializeOnLoad (205ms)
			ProcessInitializeOnLoadAttributes (422ms)
			ProcessInitializeOnLoadMethodAttributes (165ms)
			AfterProcessingInitializeOnLoad (8ms)
		AwakeInstancesAfterBackupRestoration (40ms)
Refreshing native plugins compatible for Editor in 4.14 ms, found 5 plugins.
Unloading 24 Unused Serialized files (Serialized files now loaded: 0)
Unloading 6986 unused Assets / (6.3 MB). Loaded Objects now: 8016.
Memory consumption went from 412.4 MB to 406.0 MB.
Total: 15.775400 ms (FindLiveObjects: 1.245200 ms CreateObjectMapping: 0.442500 ms MarkObjects: 10.909900 ms  DeleteObjects: 2.856100 ms)

Prepare: number of updated asset objects reloaded= 0
========================================================================
Received Import Request.
  Time of request: 2026-09-29T18:26:57.6420401Z
  Time since last request: 516.97444150000001 seconds.
  importAddress: GUID: 6cb91715606ef1d42ac82775e75fd7d1 - Path: Assets/Scripts/Collectible.cs - Importer: PreviewImporter
Importing 'GUID: 6cb91715606ef1d42ac82775e75fd7d1 - Path: Assets/Scripts/Collectible.cs - Importer: PreviewImporter' with importer (PreviewImporter)
Imported 'GUID: 6cb91715606ef1d42ac82775e75fd7d1' -> (Import Result ID: '2c2724a6d94679a10fa90fe44d706502') in 0.065 seconds [static and dynamic dependencies]. Details - ImportResultOutputID=46912c6005160e2c1890f4baed8fd351 DependenciesID=2fe8b7406abd222444f5dfd17ca77b70 StaticDependenciesID=0549bb37bc6c703baaaca8b43535ac31 
Number of updated asset objects reloaded before import = 0
Number of asset objects unloaded after import = 0
========================================================================
Received Prepare
AcceleratorClientConnectionCallback - disconnected - :0
[Licensing::Client] Successfully resolved entitlement details
Begin MonoManager ReloadAssembly
'Packages/com.unity.render-pipelines.core/Editor/Deprecated.cs' contains partial class of Unity.Object, exactly 1 of the partial classes needs to be in a file with the same filename. This is to know the one that can be referenced from ie. GameObjects
'Packages/com.unity.render-pipelines.core/Editor/Deprecated.cs' contains partial class of Unity.Object, exactly 1 of the partial classes needs to be in a file with the same filename. This is to know the one that can be referenced from ie. GameObjects
Refreshing native plugins compatible for Editor in 2.99 ms, found 5 plugins.
Native extension for WindowsStandalone target not found
Native extension for WebGL target not found
[Package Manager] Failed to launch server process. Reason: Unity was launched with the -noUpm command-line argument
[Package Manager] Unable to send message (not connected to server process).
[Package Manager] Cannot connect to Unity Package Manager local server
[Package Manager] Failed to launch server process. Reason: Unity was launched with the -noUpm command-line argument
[Package Manager] Unable to send message (not connected to server process).
[Package Manager] Cannot connect to Unity Package Manager local server
ScheduleIndexationOnStartup MainProcess:False IndexOnStartup:True
Scripting: successfully reloaded assembly
- Finished resetting the current domain, in  1.266 seconds
Domain Reload Profiling: 2610ms
	BeginReloadAssembly (447ms)
		DisableScriptedObjects (28ms)
		CreateAndSetChildDomain (129ms)
	RebuildCommonClasses (17ms)
	RebuildNativeTypeToScriptingClass (31ms)
	initialDomainReloadingComplete (98ms)
	LoadAllAssembliesAndSetupDomain (748ms)
		LoadAssemblies (541ms)
		TypeCache.Refresh (9ms)
		AnalyzeDomain (14ms)
			ResolveRequiredComponents (9ms)
	FinalizeReload (1268ms)
		SetupLoadedEditorAssemblies (0ms)
			LogAssemblyErrors (46ms)
			InitializePlatformSupportModulesInManaged (4ms)
			BeforeProcessingInitializeOnLoad (202ms)
			ProcessInitializeOnLoadAttributes (437ms)
			ProcessInitializeOnLoadMethodAttributes (158ms)
			AfterProcessingInitializeOnLoad (11ms)
		AwakeInstancesAfterBackupRestoration (41ms)
Refreshing native plugins compatible for Editor in 2.75 ms, found 5 plugins.
Unloading 24 Unused Serialized files (Serialized files now loaded: 0)
Unloading 6986 unused Assets / (7.6 MB). Loaded Objects now: 8019.
Memory consumption went from 412.4 MB to 404.7 MB.
Total: 27.937600 ms (FindLiveObjects: 1.189000 ms CreateObjectMapping: 0.443700 ms MarkObjects: 22.890300 ms  DeleteObjects: 2.962600 ms)

Prepare: number of updated asset objects reloaded= 0
========================================================================
Received Prepare
AcceleratorClientConnectionCallback - disconnected - :0
'Packages/com.unity.render-pipelines.core/Editor/Deprecated.cs' contains partial class of Unity.Object, exactly 1 of the partial classes needs to be in a file with the same filename. This is to know the one that can be referenced from ie. GameObjects
'Packages/com.unity.render-pipelines.core/Editor/Deprecated.cs' contains partial class of Unity.Object, exactly 1 of the partial classes needs to be in a file with the same filename. This is to know the one that can be referenced from ie. GameObjects
Refreshing native plugins compatible for Editor in 5.16 ms, found 5 plugins.
Unloading 24 Unused Serialized files (Serialized files now loaded: 0)
Unloading 6972 unused Assets / (6.8 MB). Loaded Objects now: 8019.
Memory consumption went from 415.4 MB to 408.6 MB.
Total: 20.245800 ms (FindLiveObjects: 1.733700 ms CreateObjectMapping: 0.775500 ms MarkObjects: 12.430000 ms  DeleteObjects: 4.358800 ms)

Prepare: number of updated asset objects reloaded= 0
========================================================================
Received Import Request.
  Time of request: 2026-09-29T18:28:17.9078829Z
  Time since last request: 80.1757143 seconds.
  importAddress: GUID: 6cb91715606ef1d42ac82775e75fd7d1 - Path: Assets/Scripts/Collectible.cs - Importer: PreviewImporter
Importing 'GUID: 6cb91715606ef1d42ac82775e75fd7d1 - Path: Assets/Scripts/Collectible.cs - Importer: PreviewImporter' with importer (PreviewImporter)
Imported 'GUID: 6cb91715606ef1d42ac82775e75fd7d1' -> (Import Result ID: '8cedb96211b795ea27cc77d36228e3bc') in 0.014 seconds [static and dynamic dependencies]. Details - ImportResultOutputID=46912c6005160e2c1890f4baed8fd351 DependenciesID=f31fef2d0ba55c322bd470f592d55ab3 StaticDependenciesID=907f446cdb3e8c33abb9f4c74e420047 
Number of updated asset objects reloaded before import = 0
Number of asset objects unloaded after import = 0
========================================================================
Received Prepare
AcceleratorClientConnectionCallback - disconnected - :0
[Licensing::Client] Successfully resolved entitlement details
Begin MonoManager ReloadAssembly
'Packages/com.unity.render-pipelines.core/Editor/Deprecated.cs' contains partial class of Unity.Object, exactly 1 of the partial classes needs to be in a file with the same filename. This is to know the one that can be referenced from ie. GameObjects
'Packages/com.unity.render-pipelines.core/Editor/Deprecated.cs' contains partial class of Unity.Object, exactly 1 of the partial classes needs to be in a file with the same filename. This is to know the one that can be referenced from ie. GameObjects
Refreshing native plugins compatible for Editor in 3.74 ms, found 5 plugins.
Native extension for WindowsStandalone target not found
Native extension for WebGL target not found
[Package Manager] Failed to launch server process. Reason: Unity was launched with the -noUpm command-line argument
[Package Manager] Unable to send message (not connected to server process).
[Package Manager] Cannot connect to Unity Package Manager local server
[Package Manager] Failed to launch server process. Reason: Unity was launched with the -noUpm command-line argument
[Package Manager] Unable to send message (not connected to server process).
[Package Manager] Cannot connect to Unity Package Manager local server
ScheduleIndexationOnStartup MainProcess:False IndexOnStartup:True
Scripting: successfully reloaded assembly
- Finished resetting the current domain, in  1.361 seconds
Domain Reload Profiling: 3166ms
	BeginReloadAssembly (471ms)
		DisableScriptedObjects (30ms)
		CreateAndSetChildDomain (95ms)
	RebuildCommonClasses (18ms)
	RebuildNativeTypeToScriptingClass (35ms)
	initialDomainReloadingComplete (95ms)
	LoadAllAssembliesAndSetupDomain (1184ms)
		LoadAssemblies (574ms)
		TypeCache.Refresh (56ms)
		AnalyzeDomain (451ms)
			BuildScriptInfoCaches (436ms)
			ResolveRequiredComponents (12ms)
	FinalizeReload (1364ms)
		SetupLoadedEditorAssemblies (0ms)
			LogAssemblyErrors (4ms)
			InitializePlatformSupportModulesInManaged (4ms)
			BeforeProcessingInitializeOnLoad (223ms)
			ProcessInitializeOnLoadAttributes (444ms)
			ProcessInitializeOnLoadMethodAttributes (183ms)
			AfterProcessingInitializeOnLoad (12ms)
			EditorAssembliesLoaded (3ms)
		AwakeInstancesAfterBackupRestoration (49ms)
Refreshing native plugins compatible for Editor in 4.10 ms, found 5 plugins.
Unloading 24 Unused Serialized files (Serialized files now loaded: 0)
Unloading 6986 unused Assets / (6.8 MB). Loaded Objects now: 8022.
Memory consumption went from 421.9 MB to 415.1 MB.
Total: 12.625800 ms (FindLiveObjects: 1.362600 ms CreateObjectMapping: 0.676100 ms MarkObjects: 7.913200 ms  DeleteObjects: 2.352500 ms)

Prepare: number of updated asset objects reloaded= 0
========================================================================
Received Prepare
AcceleratorClientConnectionCallback - disconnected - :0
Begin MonoManager ReloadAssembly
'Packages/com.unity.render-pipelines.core/Editor/Deprecated.cs' contains partial class of Unity.Object, exactly 1 of the partial classes needs to be in a file with the same filename. This is to know the one that can be referenced from ie. GameObjects
'Packages/com.unity.render-pipelines.core/Editor/Deprecated.cs' contains partial class of Unity.Object, exactly 1 of the partial classes needs to be in a file with the same filename. This is to know the one that can be referenced from ie. GameObjects
Refreshing native plugins compatible for Editor in 2.44 ms, found 5 plugins.
Native extension for WindowsStandalone target not found
Native extension for WebGL target not found
[Package Manager] Failed to launch server process. Reason: Unity was launched with the -noUpm command-line argument
[Package Manager] Unable to send message (not connected to server process).
[Package Manager] Cannot connect to Unity Package Manager local server
[Package Manager] Failed to launch server process. Reason: Unity was launched with the -noUpm command-line argument
[Package Manager] Unable to send message (not connected to server process).
[Package Manager] Cannot connect to Unity Package Manager local server
ScheduleIndexationOnStartup MainProcess:False IndexOnStartup:True
Scripting: successfully reloaded assembly
- Finished resetting the current domain, in  1.347 seconds
Domain Reload Profiling: 2683ms
	BeginReloadAssembly (472ms)
		DisableScriptedObjects (30ms)
		CreateAndSetChildDomain (133ms)
	RebuildCommonClasses (23ms)
	RebuildNativeTypeToScriptingClass (29ms)
	initialDomainReloadingComplete (95ms)
	LoadAllAssembliesAndSetupDomain (716ms)
		LoadAssemblies (569ms)
		TypeCache.Refresh (11ms)
		AnalyzeDomain (14ms)
			ResolveRequiredComponents (9ms)
	FinalizeReload (1349ms)
		SetupLoadedEditorAssemblies (0ms)
			LogAssemblyErrors (7ms)
			InitializePlatformSupportModulesInManaged (4ms)
			BeforeProcessingInitializeOnLoad (215ms)
			ProcessInitializeOnLoadAttributes (464ms)
			ProcessInitializeOnLoadMethodAttributes (173ms)
			AfterProcessingInitializeOnLoad (10ms)
		AwakeInstancesAfterBackupRestoration (42ms)
Refreshing native plugins compatible for Editor in 3.06 ms, found 5 plugins.
Unloading 24 Unused Serialized files (Serialized files now loaded: 0)
Unloading 6986 unused Assets / (7.8 MB). Loaded Objects now: 8025.
Memory consumption went from 425.2 MB to 417.4 MB.
Total: 13.405200 ms (FindLiveObjects: 1.245400 ms CreateObjectMapping: 0.544100 ms MarkObjects: 8.467900 ms  DeleteObjects: 2.827500 ms)

Prepare: number of updated asset objects reloaded= 0
========================================================================
Received Prepare
AcceleratorClientConnectionCallback - disconnected - :0
'Packages/com.unity.render-pipelines.core/Editor/Deprecated.cs' contains partial class of Unity.Object, exactly 1 of the partial classes needs to be in a file with the same filename. This is to know the one that can be referenced from ie. GameObjects
'Packages/com.unity.render-pipelines.core/Editor/Deprecated.cs' contains partial class of Unity.Object, exactly 1 of the partial classes needs to be in a file with the same filename. This is to know the one that can be referenced from ie. GameObjects
Refreshing native plugins compatible for Editor in 4.49 ms, found 5 plugins.
Unloading 24 Unused Serialized files (Serialized files now loaded: 0)
Unloading 6972 unused Assets / (6.1 MB). Loaded Objects now: 8025.
Memory consumption went from 428.2 MB to 422.1 MB.
Total: 15.617800 ms (FindLiveObjects: 1.767000 ms CreateObjectMapping: 0.562500 ms MarkObjects: 9.056600 ms  DeleteObjects: 3.904800 ms)

Prepare: number of updated asset objects reloaded= 0
========================================================================
Received Prepare
AcceleratorClientConnectionCallback - disconnected - :0
Begin MonoManager ReloadAssembly
'Packages/com.unity.render-pipelines.core/Editor/Deprecated.cs' contains partial class of Unity.Object, exactly 1 of the partial classes needs to be in a file with the same filename. This is to know the one that can be referenced from ie. GameObjects
'Packages/com.unity.render-pipelines.core/Editor/Deprecated.cs' contains partial class of Unity.Object, exactly 1 of the partial classes needs to be in a file with the same filename. This is to know the one that can be referenced from ie. GameObjects
Refreshing native plugins compatible for Editor in 2.47 ms, found 5 plugins.
Native extension for WindowsStandalone target not found
Native extension for WebGL target not found
[Package Manager] Failed to launch server process. Reason: Unity was launched with the -noUpm command-line argument
[Package Manager] Unable to send message (not connected to server process).
[Package Manager] Cannot connect to Unity Package Manager local server
[Package Manager] Failed to launch server process. Reason: Unity was launched with the -noUpm command-line argument
[Package Manager] Unable to send message (not connected to server process).
[Package Manager] Cannot connect to Unity Package Manager local server
ScheduleIndexationOnStartup MainProcess:False IndexOnStartup:True
Scripting: successfully reloaded assembly
- Finished resetting the current domain, in  1.280 seconds
Domain Reload Profiling: 3045ms
	BeginReloadAssembly (496ms)
		DisableScriptedObjects (40ms)
		CreateAndSetChildDomain (118ms)
	RebuildCommonClasses (18ms)
	RebuildNativeTypeToScriptingClass (43ms)
	initialDomainReloadingComplete (121ms)
	LoadAllAssembliesAndSetupDomain (1086ms)
		LoadAssemblies (621ms)
		TypeCache.Refresh (16ms)
		AnalyzeDomain (365ms)
			BuildScriptInfoCaches (351ms)
			ResolveRequiredComponents (11ms)
	FinalizeReload (1282ms)
		SetupLoadedEditorAssemblies (0ms)
			LogAssemblyErrors (4ms)
			InitializePlatformSupportModulesInManaged (4ms)
			BeforeProcessingInitializeOnLoad (217ms)
			ProcessInitializeOnLoadAttributes (422ms)
			ProcessInitializeOnLoadMethodAttributes (153ms)
			AfterProcessingInitializeOnLoad (9ms)
			EditorAssembliesLoaded (3ms)
		AwakeInstancesAfterBackupRestoration (50ms)
Refreshing native plugins compatible for Editor in 4.54 ms, found 5 plugins.
Unloading 24 Unused Serialized files (Serialized files now loaded: 0)
Unloading 6986 unused Assets / (6.4 MB). Loaded Objects now: 8028.
Memory consumption went from 436.3 MB to 429.9 MB.
Total: 13.644800 ms (FindLiveObjects: 1.214400 ms CreateObjectMapping: 0.347000 ms MarkObjects: 8.454100 ms  DeleteObjects: 3.259400 ms)

Prepare: number of updated asset objects reloaded= 0
========================================================================
Received Prepare
AcceleratorClientConnectionCallback - disconnected - :0
'Packages/com.unity.render-pipelines.core/Editor/Deprecated.cs' contains partial class of Unity.Object, exactly 1 of the partial classes needs to be in a file with the same filename. This is to know the one that can be referenced from ie. GameObjects
'Packages/com.unity.render-pipelines.core/Editor/Deprecated.cs' contains partial class of Unity.Object, exactly 1 of the partial classes needs to be in a file with the same filename. This is to know the one that can be referenced from ie. GameObjects
Refreshing native plugins compatible for Editor in 3.94 ms, found 5 plugins.
Unloading 24 Unused Serialized files (Serialized files now loaded: 0)
Unloading 6972 unused Assets / (8.4 MB). Loaded Objects now: 8028.
Memory consumption went from 439.3 MB to 430.9 MB.
Total: 23.154400 ms (FindLiveObjects: 1.863900 ms CreateObjectMapping: 1.764600 ms MarkObjects: 13.961300 ms  DeleteObjects: 4.446000 ms)

Prepare: number of updated asset objects reloaded= 0
========================================================================
Received Prepare
AcceleratorClientConnectionCallback - disconnected - :0
[Licensing::Client] Successfully resolved entitlement details
Begin MonoManager ReloadAssembly
'Packages/com.unity.render-pipelines.core/Editor/Deprecated.cs' contains partial class of Unity.Object, exactly 1 of the partial classes needs to be in a file with the same filename. This is to know the one that can be referenced from ie. GameObjects
'Packages/com.unity.render-pipelines.core/Editor/Deprecated.cs' contains partial class of Unity.Object, exactly 1 of the partial classes needs to be in a file with the same filename. This is to know the one that can be referenced from ie. GameObjects
Refreshing native plugins compatible for Editor in 4.87 ms, found 5 plugins.
Native extension for WindowsStandalone target not found
Native extension for WebGL target not found
[Package Manager] Failed to launch server process. Reason: Unity was launched with the -noUpm command-line argument
[Package Manager] Unable to send message (not connected to server process).
[Package Manager] Cannot connect to Unity Package Manager local server
[Package Manager] Failed to launch server process. Reason: Unity was launched with the -noUpm command-line argument
[Package Manager] Unable to send message (not connected to server process).
[Package Manager] Cannot connect to Unity Package Manager local server
ScheduleIndexationOnStartup MainProcess:False IndexOnStartup:True
Scripting: successfully reloaded assembly
- Finished resetting the current domain, in  1.504 seconds
Domain Reload Profiling: 3481ms
	BeginReloadAssembly (543ms)
		DisableScriptedObjects (39ms)
		CreateAndSetChildDomain (126ms)
	RebuildCommonClasses (22ms)
	RebuildNativeTypeToScriptingClass (43ms)
	initialDomainReloadingComplete (117ms)
	LoadAllAssembliesAndSetupDomain (1250ms)
		LoadAssemblies (706ms)
		TypeCache.Refresh (23ms)
		AnalyzeDomain (417ms)
			BuildScriptInfoCaches (405ms)
			ResolveRequiredComponents (10ms)
	FinalizeReload (1506ms)
		SetupLoadedEditorAssemblies (0ms)
			LogAssemblyErrors (5ms)
			InitializePlatformSupportModulesInManaged (5ms)
			BeforeProcessingInitializeOnLoad (239ms)
			ProcessInitializeOnLoadAttributes (494ms)
			ProcessInitializeOnLoadMethodAttributes (189ms)
			AfterProcessingInitializeOnLoad (15ms)
			EditorAssembliesLoaded (4ms)
		AwakeInstancesAfterBackupRestoration (56ms)
Refreshing native plugins compatible for Editor in 3.97 ms, found 5 plugins.
Unloading 24 Unused Serialized files (Serialized files now loaded: 0)
Unloading 6986 unused Assets / (6.2 MB). Loaded Objects now: 8031.
Memory consumption went from 445.1 MB to 438.9 MB.
Total: 14.905500 ms (FindLiveObjects: 1.298800 ms CreateObjectMapping: 0.598400 ms MarkObjects: 9.688700 ms  DeleteObjects: 3.000500 ms)

Prepare: number of updated asset objects reloaded= 0
========================================================================
Received Prepare
AcceleratorClientConnectionCallback - disconnected - :0
[Licensing::Client] Successfully resolved entitlement details
Begin MonoManager ReloadAssembly
'Packages/com.unity.render-pipelines.core/Editor/Deprecated.cs' contains partial class of Unity.Object, exactly 1 of the partial classes needs to be in a file with the same filename. This is to know the one that can be referenced from ie. GameObjects
'Packages/com.unity.render-pipelines.core/Editor/Deprecated.cs' contains partial class of Unity.Object, exactly 1 of the partial classes needs to be in a file with the same filename. This is to know the one that can be referenced from ie. GameObjects
Refreshing native plugins compatible for Editor in 2.42 ms, found 5 plugins.
Native extension for WindowsStandalone target not found
Native extension for WebGL target not found
[Package Manager] Failed to launch server process. Reason: Unity was launched with the -noUpm command-line argument
[Package Manager] Unable to send message (not connected to server process).
[Package Manager] Cannot connect to Unity Package Manager local server
[Package Manager] Failed to launch server process. Reason: Unity was launched with the -noUpm command-line argument
[Package Manager] Unable to send message (not connected to server process).
[Package Manager] Cannot connect to Unity Package Manager local server
ScheduleIndexationOnStartup MainProcess:False IndexOnStartup:True
Scripting: successfully reloaded assembly
- Finished resetting the current domain, in  1.363 seconds
Domain Reload Profiling: 2821ms
	BeginReloadAssembly (488ms)
		DisableScriptedObjects (34ms)
		CreateAndSetChildDomain (130ms)
	RebuildCommonClasses (22ms)
	RebuildNativeTypeToScriptingClass (37ms)
	initialDomainReloadingComplete (137ms)
	LoadAllAssembliesAndSetupDomain (773ms)
		LoadAssemblies (646ms)
		TypeCache.Refresh (10ms)
		AnalyzeDomain (16ms)
			ResolveRequiredComponents (10ms)
	FinalizeReload (1365ms)
		SetupLoadedEditorAssemblies (0ms)
			LogAssemblyErrors (6ms)
			InitializePlatformSupportModulesInManaged (3ms)
			BeforeProcessingInitializeOnLoad (199ms)
			ProcessInitializeOnLoadAttributes (454ms)
			ProcessInitializeOnLoadMethodAttributes (191ms)
			AfterProcessingInitializeOnLoad (12ms)
			EditorAssembliesLoaded (3ms)
		AwakeInstancesAfterBackupRestoration (58ms)
Refreshing native plugins compatible for Editor in 3.36 ms, found 5 plugins.
Unloading 24 Unused Serialized files (Serialized files now loaded: 0)
Unloading 6986 unused Assets / (6.6 MB). Loaded Objects now: 8034.
Memory consumption went from 443.3 MB to 436.7 MB.
Total: 17.668700 ms (FindLiveObjects: 1.501800 ms CreateObjectMapping: 0.650900 ms MarkObjects: 12.292500 ms  DeleteObjects: 2.902200 ms)

Prepare: number of updated asset objects reloaded= 0
========================================================================
Received Prepare
AcceleratorClientConnectionCallback - disconnected - :0
'Packages/com.unity.render-pipelines.core/Editor/Deprecated.cs' contains partial class of Unity.Object, exactly 1 of the partial classes needs to be in a file with the same filename. This is to know the one that can be referenced from ie. GameObjects
'Packages/com.unity.render-pipelines.core/Editor/Deprecated.cs' contains partial class of Unity.Object, exactly 1 of the partial classes needs to be in a file with the same filename. This is to know the one that can be referenced from ie. GameObjects
Refreshing native plugins compatible for Editor in 3.26 ms, found 5 plugins.
Unloading 24 Unused Serialized files (Serialized files now loaded: 0)
Unloading 6972 unused Assets / (7.3 MB). Loaded Objects now: 8034.
Memory consumption went from 446.4 MB to 439.1 MB.
Total: 13.767100 ms (FindLiveObjects: 1.282600 ms CreateObjectMapping: 0.636800 ms MarkObjects: 8.757200 ms  DeleteObjects: 2.766900 ms)

Prepare: number of updated asset objects reloaded= 0
========================================================================
Received Prepare
AcceleratorClientConnectionCallback - disconnected - :0
[Licensing::Client] Successfully resolved entitlement details
Begin MonoManager ReloadAssembly
'Packages/com.unity.render-pipelines.core/Editor/Deprecated.cs' contains partial class of Unity.Object, exactly 1 of the partial classes needs to be in a file with the same filename. This is to know the one that can be referenced from ie. GameObjects
'Packages/com.unity.render-pipelines.core/Editor/Deprecated.cs' contains partial class of Unity.Object, exactly 1 of the partial classes needs to be in a file with the same filename. This is to know the one that can be referenced from ie. GameObjects
Refreshing native plugins compatible for Editor in 4.53 ms, found 5 plugins.
Native extension for WindowsStandalone target not found
Native extension for WebGL target not found
[Package Manager] Failed to launch server process. Reason: Unity was launched with the -noUpm command-line argument
[Package Manager] Unable to send message (not connected to server process).
[Package Manager] Cannot connect to Unity Package Manager local server
[Package Manager] Failed to launch server process. Reason: Unity was launched with the -noUpm command-line argument
[Package Manager] Unable to send message (not connected to server process).
[Package Manager] Cannot connect to Unity Package Manager local server
ScheduleIndexationOnStartup MainProcess:False IndexOnStartup:True
Scripting: successfully reloaded assembly
- Finished resetting the current domain, in  1.416 seconds
Domain Reload Profiling: 3162ms
	BeginReloadAssembly (473ms)
		DisableScriptedObjects (60ms)
		CreateAndSetChildDomain (96ms)
	RebuildCommonClasses (17ms)
	RebuildNativeTypeToScriptingClass (31ms)
	initialDomainReloadingComplete (109ms)
	LoadAllAssembliesAndSetupDomain (1114ms)
		LoadAssemblies (560ms)
		TypeCache.Refresh (19ms)
		AnalyzeDomain (430ms)
			BuildScriptInfoCaches (418ms)
			ResolveRequiredComponents (9ms)
	FinalizeReload (1417ms)
		SetupLoadedEditorAssemblies (0ms)
			LogAssemblyErrors (3ms)
			InitializePlatformSupportModulesInManaged (6ms)
			BeforeProcessingInitializeOnLoad (215ms)
			ProcessInitializeOnLoadAttributes (533ms)
			ProcessInitializeOnLoadMethodAttributes (175ms)
			AfterProcessingInitializeOnLoad (10ms)
			EditorAssembliesLoaded (3ms)
		AwakeInstancesAfterBackupRestoration (43ms)
Refreshing native plugins compatible for Editor in 3.69 ms, found 5 plugins.
Unloading 24 Unused Serialized files (Serialized files now loaded: 0)
Unloading 6986 unused Assets / (6.1 MB). Loaded Objects now: 8037.
Memory consumption went from 453.2 MB to 447.1 MB.
Total: 12.971600 ms (FindLiveObjects: 1.238200 ms CreateObjectMapping: 0.501300 ms MarkObjects: 8.102600 ms  DeleteObjects: 2.818200 ms)

Prepare: number of updated asset objects reloaded= 0
========================================================================
Received Prepare
AcceleratorClientConnectionCallback - disconnected - :0
Begin MonoManager ReloadAssembly
'Packages/com.unity.render-pipelines.core/Editor/Deprecated.cs' contains partial class of Unity.Object, exactly 1 of the partial classes needs to be in a file with the same filename. This is to know the one that can be referenced from ie. GameObjects
'Packages/com.unity.render-pipelines.core/Editor/Deprecated.cs' contains partial class of Unity.Object, exactly 1 of the partial classes needs to be in a file with the same filename. This is to know the one that can be referenced from ie. GameObjects
Refreshing native plugins compatible for Editor in 3.30 ms, found 5 plugins.
Native extension for WindowsStandalone target not found
Native extension for WebGL target not found
[Package Manager] Failed to launch server process. Reason: Unity was launched with the -noUpm command-line argument
[Package Manager] Unable to send message (not connected to server process).
[Package Manager] Cannot connect to Unity Package Manager local server
[Package Manager] Failed to launch server process. Reason: Unity was launched with the -noUpm command-line argument
[Package Manager] Unable to send message (not connected to server process).
[Package Manager] Cannot connect to Unity Package Manager local server
ScheduleIndexationOnStartup MainProcess:False IndexOnStartup:True
Scripting: successfully reloaded assembly
- Finished resetting the current domain, in  1.301 seconds
Domain Reload Profiling: 2625ms
	BeginReloadAssembly (449ms)
		DisableScriptedObjects (30ms)
		CreateAndSetChildDomain (104ms)
	RebuildCommonClasses (18ms)
	RebuildNativeTypeToScriptingClass (35ms)
	initialDomainReloadingComplete (104ms)
	LoadAllAssembliesAndSetupDomain (716ms)
		LoadAssemblies (576ms)
		TypeCache.Refresh (10ms)
		AnalyzeDomain (14ms)
			ResolveRequiredComponents (9ms)
	FinalizeReload (1302ms)
		SetupLoadedEditorAssemblies (0ms)
			LogAssemblyErrors (5ms)
			InitializePlatformSupportModulesInManaged (4ms)
			BeforeProcessingInitializeOnLoad (203ms)
			ProcessInitializeOnLoadAttributes (434ms)
			ProcessInitializeOnLoadMethodAttributes (193ms)
			AfterProcessingInitializeOnLoad (13ms)
		AwakeInstancesAfterBackupRestoration (45ms)
Refreshing native plugins compatible for Editor in 2.87 ms, found 5 plugins.
Unloading 24 Unused Serialized files (Serialized files now loaded: 0)
Unloading 6986 unused Assets / (6.0 MB). Loaded Objects now: 8040.
Memory consumption went from 457.1 MB to 451.1 MB.
Total: 13.427200 ms (FindLiveObjects: 1.487200 ms CreateObjectMapping: 0.950000 ms MarkObjects: 8.410300 ms  DeleteObjects: 2.100500 ms)

Prepare: number of updated asset objects reloaded= 0
========================================================================
Received Prepare
AcceleratorClientConnectionCallback - disconnected - :0
[Licensing::Client] Successfully resolved entitlement details
Begin MonoManager ReloadAssembly
'Packages/com.unity.render-pipelines.core/Editor/Deprecated.cs' contains partial class of Unity.Object, exactly 1 of the partial classes needs to be in a file with the same filename. This is to know the one that can be referenced from ie. GameObjects
'Packages/com.unity.render-pipelines.core/Editor/Deprecated.cs' contains partial class of Unity.Object, exactly 1 of the partial classes needs to be in a file with the same filename. This is to know the one that can be referenced from ie. GameObjects
Refreshing native plugins compatible for Editor in 3.13 ms, found 5 plugins.
Native extension for WindowsStandalone target not found
Native extension for WebGL target not found
[Package Manager] Failed to launch server process. Reason: Unity was launched with the -noUpm command-line argument
[Package Manager] Unable to send message (not connected to server process).
[Package Manager] Cannot connect to Unity Package Manager local server
[Package Manager] Failed to launch server process. Reason: Unity was launched with the -noUpm command-line argument
[Package Manager] Unable to send message (not connected to server process).
[Package Manager] Cannot connect to Unity Package Manager local server
ScheduleIndexationOnStartup MainProcess:False IndexOnStartup:True
Scripting: successfully reloaded assembly
- Finished resetting the current domain, in  1.332 seconds
Domain Reload Profiling: 2610ms
	BeginReloadAssembly (461ms)
		DisableScriptedObjects (37ms)
		CreateAndSetChildDomain (93ms)
	RebuildCommonClasses (23ms)
	RebuildNativeTypeToScriptingClass (31ms)
	initialDomainReloadingComplete (97ms)
	LoadAllAssembliesAndSetupDomain (663ms)
		LoadAssemblies (561ms)
		TypeCache.Refresh (11ms)
		AnalyzeDomain (15ms)
			ResolveRequiredComponents (10ms)
	FinalizeReload (1333ms)
		SetupLoadedEditorAssemblies (0ms)
			LogAssemblyErrors (3ms)
			InitializePlatformSupportModulesInManaged (4ms)
			BeforeProcessingInitializeOnLoad (211ms)
			ProcessInitializeOnLoadAttributes (462ms)
			ProcessInitializeOnLoadMethodAttributes (163ms)
			AfterProcessingInitializeOnLoad (10ms)
			EditorAssembliesLoaded (3ms)
		AwakeInstancesAfterBackupRestoration (54ms)
Refreshing native plugins compatible for Editor in 5.05 ms, found 5 plugins.
Unloading 24 Unused Serialized files (Serialized files now loaded: 0)
Unloading 6986 unused Assets / (6.6 MB). Loaded Objects now: 8043.
Memory consumption went from 460.1 MB to 453.6 MB.
Total: 15.082900 ms (FindLiveObjects: 1.379300 ms CreateObjectMapping: 0.613600 ms MarkObjects: 9.510100 ms  DeleteObjects: 3.255800 ms)

Prepare: number of updated asset objects reloaded= 0
========================================================================
Received Prepare
AcceleratorClientConnectionCallback - disconnected - :0
'Packages/com.unity.render-pipelines.core/Editor/Deprecated.cs' contains partial class of Unity.Object, exactly 1 of the partial classes needs to be in a file with the same filename. This is to know the one that can be referenced from ie. GameObjects
'Packages/com.unity.render-pipelines.core/Editor/Deprecated.cs' contains partial class of Unity.Object, exactly 1 of the partial classes needs to be in a file with the same filename. This is to know the one that can be referenced from ie. GameObjects
Refreshing native plugins compatible for Editor in 3.66 ms, found 5 plugins.
Unloading 24 Unused Serialized files (Serialized files now loaded: 0)
Unloading 6972 unused Assets / (6.2 MB). Loaded Objects now: 8043.
Memory consumption went from 463.2 MB to 456.9 MB.
Total: 15.713500 ms (FindLiveObjects: 1.276600 ms CreateObjectMapping: 0.456900 ms MarkObjects: 11.150100 ms  DeleteObjects: 2.518200 ms)

Prepare: number of updated asset objects reloaded= 0
========================================================================
Received Prepare
AcceleratorClientConnectionCallback - disconnected - :0
[Licensing::Client] Successfully resolved entitlement details
Begin MonoManager ReloadAssembly
'Packages/com.unity.render-pipelines.core/Editor/Deprecated.cs' contains partial class of Unity.Object, exactly 1 of the partial classes needs to be in a file with the same filename. This is to know the one that can be referenced from ie. GameObjects
'Packages/com.unity.render-pipelines.core/Editor/Deprecated.cs' contains partial class of Unity.Object, exactly 1 of the partial classes needs to be in a file with the same filename. This is to know the one that can be referenced from ie. GameObjects
Refreshing native plugins compatible for Editor in 4.35 ms, found 5 plugins.
Native extension for WindowsStandalone target not found
Native extension for WebGL target not found
[Package Manager] Failed to launch server process. Reason: Unity was launched with the -noUpm command-line argument
[Package Manager] Unable to send message (not connected to server process).
[Package Manager] Cannot connect to Unity Package Manager local server
[Package Manager] Failed to launch server process. Reason: Unity was launched with the -noUpm command-line argument
[Package Manager] Unable to send message (not connected to server process).
[Package Manager] Cannot connect to Unity Package Manager local server
ScheduleIndexationOnStartup MainProcess:False IndexOnStartup:True
Scripting: successfully reloaded assembly
- Finished resetting the current domain, in  1.526 seconds
Domain Reload Profiling: 3610ms
	BeginReloadAssembly (545ms)
		DisableScriptedObjects (41ms)
		CreateAndSetChildDomain (129ms)
	RebuildCommonClasses (25ms)
	RebuildNativeTypeToScriptingClass (40ms)
	initialDomainReloadingComplete (116ms)
	LoadAllAssembliesAndSetupDomain (1355ms)
		LoadAssemblies (748ms)
		TypeCache.Refresh (18ms)
		AnalyzeDomain (474ms)
			BuildScriptInfoCaches (461ms)
			ResolveRequiredComponents (11ms)
	FinalizeReload (1528ms)
		SetupLoadedEditorAssemblies (0ms)
			LogAssemblyErrors (4ms)
			InitializePlatformSupportModulesInManaged (4ms)
			BeforeProcessingInitializeOnLoad (242ms)
			ProcessInitializeOnLoadAttributes (495ms)
			ProcessInitializeOnLoadMethodAttributes (193ms)
			AfterProcessingInitializeOnLoad (13ms)
			EditorAssembliesLoaded (4ms)
		AwakeInstancesAfterBackupRestoration (53ms)
Refreshing native plugins compatible for Editor in 4.23 ms, found 5 plugins.
Unloading 24 Unused Serialized files (Serialized files now loaded: 0)
Unloading 6986 unused Assets / (7.1 MB). Loaded Objects now: 8046.
Memory consumption went from 471.9 MB to 464.7 MB.
Total: 15.895200 ms (FindLiveObjects: 1.468200 ms CreateObjectMapping: 0.664600 ms MarkObjects: 10.318300 ms  DeleteObjects: 3.078500 ms)

Prepare: number of updated asset objects reloaded= 0
========================================================================
Received Prepare
AcceleratorClientConnectionCallback - disconnected - :0
'Packages/com.unity.render-pipelines.core/Editor/Deprecated.cs' contains partial class of Unity.Object, exactly 1 of the partial classes needs to be in a file with the same filename. This is to know the one that can be referenced from ie. GameObjects
'Packages/com.unity.render-pipelines.core/Editor/Deprecated.cs' contains partial class of Unity.Object, exactly 1 of the partial classes needs to be in a file with the same filename. This is to know the one that can be referenced from ie. GameObjects
Refreshing native plugins compatible for Editor in 4.61 ms, found 5 plugins.
Unloading 24 Unused Serialized files (Serialized files now loaded: 0)
Unloading 6972 unused Assets / (6.7 MB). Loaded Objects now: 8046.
Memory consumption went from 474.9 MB to 468.2 MB.
Total: 14.329800 ms (FindLiveObjects: 1.507100 ms CreateObjectMapping: 0.956900 ms MarkObjects: 8.890800 ms  DeleteObjects: 2.658500 ms)

Prepare: number of updated asset objects reloaded= 0
========================================================================
Received Prepare
AcceleratorClientConnectionCallback - disconnected - :0
Begin MonoManager ReloadAssembly
'Packages/com.unity.render-pipelines.core/Editor/Deprecated.cs' contains partial class of Unity.Object, exactly 1 of the partial classes needs to be in a file with the same filename. This is to know the one that can be referenced from ie. GameObjects
'Packages/com.unity.render-pipelines.core/Editor/Deprecated.cs' contains partial class of Unity.Object, exactly 1 of the partial classes needs to be in a file with the same filename. This is to know the one that can be referenced from ie. GameObjects
Refreshing native plugins compatible for Editor in 4.09 ms, found 5 plugins.
Native extension for WindowsStandalone target not found
Native extension for WebGL target not found
[Package Manager] Failed to launch server process. Reason: Unity was launched with the -noUpm command-line argument
[Package Manager] Unable to send message (not connected to server process).
[Package Manager] Cannot connect to Unity Package Manager local server
[Package Manager] Failed to launch server process. Reason: Unity was launched with the -noUpm command-line argument
[Package Manager] Unable to send message (not connected to server process).
[Package Manager] Cannot connect to Unity Package Manager local server
ScheduleIndexationOnStartup MainProcess:False IndexOnStartup:True
Scripting: successfully reloaded assembly
- Finished resetting the current domain, in  1.363 seconds
Domain Reload Profiling: 3090ms
	BeginReloadAssembly (435ms)
		DisableScriptedObjects (31ms)
		CreateAndSetChildDomain (98ms)
	RebuildCommonClasses (18ms)
	RebuildNativeTypeToScriptingClass (31ms)
	initialDomainReloadingComplete (97ms)
	LoadAllAssembliesAndSetupDomain (1143ms)
		LoadAssemblies (594ms)
		TypeCache.Refresh (18ms)
		AnalyzeDomain (400ms)
			BuildScriptInfoCaches (385ms)
			ResolveRequiredComponents (12ms)
	FinalizeReload (1364ms)
		SetupLoadedEditorAssemblies (0ms)
			LogAssemblyErrors (3ms)
			InitializePlatformSupportModulesInManaged (4ms)
			BeforeProcessingInitializeOnLoad (204ms)
			ProcessInitializeOnLoadAttributes (467ms)
			ProcessInitializeOnLoadMethodAttributes (165ms)
			AfterProcessingInitializeOnLoad (14ms)
			EditorAssembliesLoaded (3ms)
		AwakeInstancesAfterBackupRestoration (46ms)
Refreshing native plugins compatible for Editor in 4.29 ms, found 5 plugins.
Unloading 24 Unused Serialized files (Serialized files now loaded: 0)
Unloading 6986 unused Assets / (6.2 MB). Loaded Objects now: 8049.
Memory consumption went from 481.2 MB to 475.0 MB.
Total: 13.003500 ms (FindLiveObjects: 1.398200 ms CreateObjectMapping: 0.710500 ms MarkObjects: 8.114700 ms  DeleteObjects: 2.447300 ms)

Prepare: number of updated asset objects reloaded= 0
========================================================================
Received Prepare
AcceleratorClientConnectionCallback - disconnected - :0
[Licensing::Client] Successfully resolved entitlement details
Begin MonoManager ReloadAssembly
'Packages/com.unity.render-pipelines.core/Editor/Deprecated.cs' contains partial class of Unity.Object, exactly 1 of the partial classes needs to be in a file with the same filename. This is to know the one that can be referenced from ie. GameObjects
'Packages/com.unity.render-pipelines.core/Editor/Deprecated.cs' contains partial class of Unity.Object, exactly 1 of the partial classes needs to be in a file with the same filename. This is to know the one that can be referenced from ie. GameObjects
Refreshing native plugins compatible for Editor in 2.99 ms, found 5 plugins.
Native extension for WindowsStandalone target not found
Native extension for WebGL target not found
[Package Manager] Failed to launch server process. Reason: Unity was launched with the -noUpm command-line argument
[Package Manager] Unable to send message (not connected to server process).
[Package Manager] Cannot connect to Unity Package Manager local server
[Package Manager] Failed to launch server process. Reason: Unity was launched with the -noUpm command-line argument
[Package Manager] Unable to send message (not connected to server process).
[Package Manager] Cannot connect to Unity Package Manager local server
ScheduleIndexationOnStartup MainProcess:False IndexOnStartup:True
Scripting: successfully reloaded assembly
- Finished resetting the current domain, in  1.427 seconds
Domain Reload Profiling: 2712ms
	BeginReloadAssembly (448ms)
		DisableScriptedObjects (31ms)
		CreateAndSetChildDomain (105ms)
	RebuildCommonClasses (17ms)
	RebuildNativeTypeToScriptingClass (31ms)
	initialDomainReloadingComplete (99ms)
	LoadAllAssembliesAndSetupDomain (688ms)
		LoadAssemblies (547ms)
		TypeCache.Refresh (10ms)
		AnalyzeDomain (15ms)
			ResolveRequiredComponents (10ms)
	FinalizeReload (1429ms)
		SetupLoadedEditorAssemblies (0ms)
			LogAssemblyErrors (3ms)
			InitializePlatformSupportModulesInManaged (4ms)
			BeforeProcessingInitializeOnLoad (217ms)
			ProcessInitializeOnLoadAttributes (490ms)
			ProcessInitializeOnLoadMethodAttributes (216ms)
			AfterProcessingInitializeOnLoad (9ms)
		AwakeInstancesAfterBackupRestoration (45ms)
Refreshing native plugins compatible for Editor in 3.47 ms, found 5 plugins.
Unloading 24 Unused Serialized files (Serialized files now loaded: 0)
Unloading 6986 unused Assets / (6.0 MB). Loaded Objects now: 8052.
Memory consumption went from 485.1 MB to 479.1 MB.
Total: 15.122600 ms (FindLiveObjects: 1.430600 ms CreateObjectMapping: 0.594700 ms MarkObjects: 10.266100 ms  DeleteObjects: 2.509900 ms)

Prepare: number of updated asset objects reloaded= 0
========================================================================
Received Prepare
AcceleratorClientConnectionCallback - disconnected - :0
'Packages/com.unity.render-pipelines.core/Editor/Deprecated.cs' contains partial class of Unity.Object, exactly 1 of the partial classes needs to be in a file with the same filename. This is to know the one that can be referenced from ie. GameObjects
'Packages/com.unity.render-pipelines.core/Editor/Deprecated.cs' contains partial class of Unity.Object, exactly 1 of the partial classes needs to be in a file with the same filename. This is to know the one that can be referenced from ie. GameObjects
Refreshing native plugins compatible for Editor in 4.73 ms, found 5 plugins.
Unloading 24 Unused Serialized files (Serialized files now loaded: 0)
Unloading 6972 unused Assets / (6.6 MB). Loaded Objects now: 8052.
Memory consumption went from 488.2 MB to 481.6 MB.
Total: 16.814100 ms (FindLiveObjects: 1.557900 ms CreateObjectMapping: 0.763900 ms MarkObjects: 11.168600 ms  DeleteObjects: 3.005400 ms)

Prepare: number of updated asset objects reloaded= 0
========================================================================
Received Prepare
AcceleratorClientConnectionCallback - disconnected - :0
[Licensing::Client] Successfully resolved entitlement details
Begin MonoManager ReloadAssembly
'Packages/com.unity.render-pipelines.core/Editor/Deprecated.cs' contains partial class of Unity.Object, exactly 1 of the partial classes needs to be in a file with the same filename. This is to know the one that can be referenced from ie. GameObjects
'Packages/com.unity.render-pipelines.core/Editor/Deprecated.cs' contains partial class of Unity.Object, exactly 1 of the partial classes needs to be in a file with the same filename. This is to know the one that can be referenced from ie. GameObjects
Refreshing native plugins compatible for Editor in 3.61 ms, found 5 plugins.
Native extension for WindowsStandalone target not found
Native extension for WebGL target not found
[Package Manager] Failed to launch server process. Reason: Unity was launched with the -noUpm command-line argument
[Package Manager] Unable to send message (not connected to server process).
[Package Manager] Cannot connect to Unity Package Manager local server
[Package Manager] Failed to launch server process. Reason: Unity was launched with the -noUpm command-line argument
[Package Manager] Unable to send message (not connected to server process).
[Package Manager] Cannot connect to Unity Package Manager local server
ScheduleIndexationOnStartup MainProcess:False IndexOnStartup:True
Scripting: successfully reloaded assembly
- Finished resetting the current domain, in  1.379 seconds
Domain Reload Profiling: 3260ms
	BeginReloadAssembly (538ms)
		DisableScriptedObjects (38ms)
		CreateAndSetChildDomain (151ms)
	RebuildCommonClasses (20ms)
	RebuildNativeTypeToScriptingClass (38ms)
	initialDomainReloadingComplete (115ms)
	LoadAllAssembliesAndSetupDomain (1167ms)
		LoadAssemblies (616ms)
		TypeCache.Refresh (17ms)
		AnalyzeDomain (414ms)
			BuildScriptInfoCaches (402ms)
			ResolveRequiredComponents (9ms)
	FinalizeReload (1381ms)
		SetupLoadedEditorAssemblies (0ms)
			LogAssemblyErrors (11ms)
			InitializePlatformSupportModulesInManaged (5ms)
			BeforeProcessingInitializeOnLoad (279ms)
			ProcessInitializeOnLoadAttributes (427ms)
			ProcessInitializeOnLoadMethodAttributes (167ms)
			AfterProcessingInitializeOnLoad (11ms)
			EditorAssembliesLoaded (3ms)
		AwakeInstancesAfterBackupRestoration (47ms)
Refreshing native plugins compatible for Editor in 3.90 ms, found 5 plugins.
Unloading 24 Unused Serialized files (Serialized files now loaded: 0)
Unloading 6986 unused Assets / (5.0 MB). Loaded Objects now: 8055.
Memory consumption went from 494.0 MB to 489.0 MB.
Total: 14.237100 ms (FindLiveObjects: 1.475300 ms CreateObjectMapping: 0.418900 ms MarkObjects: 9.863200 ms  DeleteObjects: 2.134200 ms)

Prepare: number of updated asset objects reloaded= 0
========================================================================
Received Prepare
AcceleratorClientConnectionCallback - disconnected - :0
Begin MonoManager ReloadAssembly
'Packages/com.unity.render-pipelines.core/Editor/Deprecated.cs' contains partial class of Unity.Object, exactly 1 of the partial classes needs to be in a file with the same filename. This is to know the one that can be referenced from ie. GameObjects
'Packages/com.unity.render-pipelines.core/Editor/Deprecated.cs' contains partial class of Unity.Object, exactly 1 of the partial classes needs to be in a file with the same filename. This is to know the one that can be referenced from ie. GameObjects
Refreshing native plugins compatible for Editor in 3.55 ms, found 5 plugins.
Native extension for WindowsStandalone target not found
Native extension for WebGL target not found
[Package Manager] Failed to launch server process. Reason: Unity was launched with the -noUpm command-line argument
[Package Manager] Unable to send message (not connected to server process).
[Package Manager] Cannot connect to Unity Package Manager local server
[Package Manager] Failed to launch server process. Reason: Unity was launched with the -noUpm command-line argument
[Package Manager] Unable to send message (not connected to server process).
[Package Manager] Cannot connect to Unity Package Manager local server
ScheduleIndexationOnStartup MainProcess:False IndexOnStartup:True
Scripting: successfully reloaded assembly
- Finished resetting the current domain, in  1.335 seconds
Domain Reload Profiling: 2665ms
	BeginReloadAssembly (513ms)
		DisableScriptedObjects (101ms)
		CreateAndSetChildDomain (103ms)
	RebuildCommonClasses (18ms)
	RebuildNativeTypeToScriptingClass (31ms)
	initialDomainReloadingComplete (91ms)
	LoadAllAssembliesAndSetupDomain (675ms)
		LoadAssemblies (553ms)
		TypeCache.Refresh (11ms)
		AnalyzeDomain (16ms)
			ResolveRequiredComponents (10ms)
	FinalizeReload (1336ms)
		SetupLoadedEditorAssemblies (0ms)
			LogAssemblyErrors (3ms)
			InitializePlatformSupportModulesInManaged (4ms)
			BeforeProcessingInitializeOnLoad (237ms)
			ProcessInitializeOnLoadAttributes (406ms)
			ProcessInitializeOnLoadMethodAttributes (160ms)
			AfterProcessingInitializeOnLoad (9ms)
		AwakeInstancesAfterBackupRestoration (82ms)
Refreshing native plugins compatible for Editor in 3.18 ms, found 5 plugins.
Unloading 24 Unused Serialized files (Serialized files now loaded: 0)
Unloading 6986 unused Assets / (6.0 MB). Loaded Objects now: 8058.
Memory consumption went from 498.2 MB to 492.2 MB.
Total: 16.822100 ms (FindLiveObjects: 1.445100 ms CreateObjectMapping: 1.063600 ms MarkObjects: 11.226900 ms  DeleteObjects: 2.766200 ms)

Prepare: number of updated asset objects reloaded= 0
========================================================================
Received Prepare
AcceleratorClientConnectionCallback - disconnected - :0
'Packages/com.unity.render-pipelines.core/Editor/Deprecated.cs' contains partial class of Unity.Object, exactly 1 of the partial classes needs to be in a file with the same filename. This is to know the one that can be referenced from ie. GameObjects
'Packages/com.unity.render-pipelines.core/Editor/Deprecated.cs' contains partial class of Unity.Object, exactly 1 of the partial classes needs to be in a file with the same filename. This is to know the one that can be referenced from ie. GameObjects
Refreshing native plugins compatible for Editor in 3.62 ms, found 5 plugins.
Unloading 24 Unused Serialized files (Serialized files now loaded: 0)
Unloading 6972 unused Assets / (5.4 MB). Loaded Objects now: 8058.
Memory consumption went from 501.3 MB to 495.9 MB.
Total: 16.039400 ms (FindLiveObjects: 1.435800 ms CreateObjectMapping: 0.705600 ms MarkObjects: 10.871300 ms  DeleteObjects: 2.657000 ms)

Prepare: number of updated asset objects reloaded= 0
========================================================================
Received Prepare
AcceleratorClientConnectionCallback - disconnected - :0
[Licensing::Client] Successfully resolved entitlement details
Begin MonoManager ReloadAssembly
'Packages/com.unity.render-pipelines.core/Editor/Deprecated.cs' contains partial class of Unity.Object, exactly 1 of the partial classes needs to be in a file with the same filename. This is to know the one that can be referenced from ie. GameObjects
'Packages/com.unity.render-pipelines.core/Editor/Deprecated.cs' contains partial class of Unity.Object, exactly 1 of the partial classes needs to be in a file with the same filename. This is to know the one that can be referenced from ie. GameObjects
Refreshing native plugins compatible for Editor in 4.39 ms, found 5 plugins.
Native extension for WindowsStandalone target not found
Native extension for WebGL target not found
[Package Manager] Failed to launch server process. Reason: Unity was launched with the -noUpm command-line argument
[Package Manager] Unable to send message (not connected to server process).
[Package Manager] Cannot connect to Unity Package Manager local server
[Package Manager] Failed to launch server process. Reason: Unity was launched with the -noUpm command-line argument
[Package Manager] Unable to send message (not connected to server process).
[Package Manager] Cannot connect to Unity Package Manager local server
ScheduleIndexationOnStartup MainProcess:False IndexOnStartup:True
Scripting: successfully reloaded assembly
- Finished resetting the current domain, in  1.476 seconds
Domain Reload Profiling: 3428ms
	BeginReloadAssembly (549ms)
		DisableScriptedObjects (47ms)
		CreateAndSetChildDomain (144ms)
	RebuildCommonClasses (18ms)
	RebuildNativeTypeToScriptingClass (34ms)
	initialDomainReloadingComplete (119ms)
	LoadAllAssembliesAndSetupDomain (1230ms)
		LoadAssemblies (663ms)
		TypeCache.Refresh (20ms)
		AnalyzeDomain (356ms)
			BuildScriptInfoCaches (343ms)
			ResolveRequiredComponents (10ms)
	FinalizeReload (1477ms)
		SetupLoadedEditorAssemblies (0ms)
			LogAssemblyErrors (8ms)
			InitializePlatformSupportModulesInManaged (4ms)
			BeforeProcessingInitializeOnLoad (245ms)
			ProcessInitializeOnLoadAttributes (471ms)
			ProcessInitializeOnLoadMethodAttributes (186ms)
			AfterProcessingInitializeOnLoad (14ms)
			EditorAssembliesLoaded (4ms)
		AwakeInstancesAfterBackupRestoration (54ms)
Refreshing native plugins compatible for Editor in 4.28 ms, found 5 plugins.
Unloading 24 Unused Serialized files (Serialized files now loaded: 0)
Unloading 6986 unused Assets / (8.1 MB). Loaded Objects now: 8061.
Memory consumption went from 507.7 MB to 499.6 MB.
Total: 15.919700 ms (FindLiveObjects: 1.617000 ms CreateObjectMapping: 0.697300 ms MarkObjects: 10.294000 ms  DeleteObjects: 2.977900 ms)

Prepare: number of updated asset objects reloaded= 0
========================================================================
Received Prepare
AcceleratorClientConnectionCallback - disconnected - :0
'Packages/com.unity.render-pipelines.core/Editor/Deprecated.cs' contains partial class of Unity.Object, exactly 1 of the partial classes needs to be in a file with the same filename. This is to know the one that can be referenced from ie. GameObjects
'Packages/com.unity.render-pipelines.core/Editor/Deprecated.cs' contains partial class of Unity.Object, exactly 1 of the partial classes needs to be in a file with the same filename. This is to know the one that can be referenced from ie. GameObjects
Refreshing native plugins compatible for Editor in 4.07 ms, found 5 plugins.
Unloading 24 Unused Serialized files (Serialized files now loaded: 0)
Unloading 6972 unused Assets / (7.0 MB). Loaded Objects now: 8061.
Memory consumption went from 510.7 MB to 503.7 MB.
Total: 15.002900 ms (FindLiveObjects: 1.652300 ms CreateObjectMapping: 0.518800 ms MarkObjects: 9.560300 ms  DeleteObjects: 2.934900 ms)

Prepare: number of updated asset objects reloaded= 0
========================================================================
Received Prepare
AcceleratorClientConnectionCallback - disconnected - :0
Begin MonoManager ReloadAssembly
'Packages/com.unity.render-pipelines.core/Editor/Deprecated.cs' contains partial class of Unity.Object, exactly 1 of the partial classes needs to be in a file with the same filename. This is to know the one that can be referenced from ie. GameObjects
'Packages/com.unity.render-pipelines.core/Editor/Deprecated.cs' contains partial class of Unity.Object, exactly 1 of the partial classes needs to be in a file with the same filename. This is to know the one that can be referenced from ie. GameObjects
Refreshing native plugins compatible for Editor in 3.77 ms, found 5 plugins.
Native extension for WindowsStandalone target not found
Native extension for WebGL target not found
[Package Manager] Failed to launch server process. Reason: Unity was launched with the -noUpm command-line argument
[Package Manager] Unable to send message (not connected to server process).
[Package Manager] Cannot connect to Unity Package Manager local server
[Package Manager] Failed to launch server process. Reason: Unity was launched with the -noUpm command-line argument
[Package Manager] Unable to send message (not connected to server process).
[Package Manager] Cannot connect to Unity Package Manager local server
ScheduleIndexationOnStartup MainProcess:False IndexOnStartup:True
Scripting: successfully reloaded assembly
- Finished resetting the current domain, in  1.573 seconds
Domain Reload Profiling: 3563ms
	BeginReloadAssembly (528ms)
		DisableScriptedObjects (40ms)
		CreateAndSetChildDomain (125ms)
	RebuildCommonClasses (25ms)
	RebuildNativeTypeToScriptingClass (38ms)
	initialDomainReloadingComplete (119ms)
	LoadAllAssembliesAndSetupDomain (1278ms)
		LoadAssemblies (646ms)
		TypeCache.Refresh (19ms)
		AnalyzeDomain (479ms)
			BuildScriptInfoCaches (465ms)
			ResolveRequiredComponents (11ms)
	FinalizeReload (1575ms)
		SetupLoadedEditorAssemblies (0ms)
			LogAssemblyErrors (4ms)
			InitializePlatformSupportModulesInManaged (5ms)
			BeforeProcessingInitializeOnLoad (302ms)
			ProcessInitializeOnLoadAttributes (508ms)
			ProcessInitializeOnLoadMethodAttributes (184ms)
			AfterProcessingInitializeOnLoad (13ms)
			EditorAssembliesLoaded (3ms)
		AwakeInstancesAfterBackupRestoration (55ms)
Refreshing native plugins compatible for Editor in 4.75 ms, found 5 plugins.
Unloading 24 Unused Serialized files (Serialized files now loaded: 0)
Unloading 6986 unused Assets / (5.9 MB). Loaded Objects now: 8064.
Memory consumption went from 0.50 GB to 510.8 MB.
Total: 31.542100 ms (FindLiveObjects: 1.405600 ms CreateObjectMapping: 0.544600 ms MarkObjects: 26.566400 ms  DeleteObjects: 2.668800 ms)

Prepare: number of updated asset objects reloaded= 0
========================================================================
Received Prepare
AcceleratorClientConnectionCallback - disconnected - :0
[Licensing::Client] Successfully resolved entitlement details
Begin MonoManager ReloadAssembly
'Packages/com.unity.render-pipelines.core/Editor/Deprecated.cs' contains partial class of Unity.Object, exactly 1 of the partial classes needs to be in a file with the same filename. This is to know the one that can be referenced from ie. GameObjects
'Packages/com.unity.render-pipelines.core/Editor/Deprecated.cs' contains partial class of Unity.Object, exactly 1 of the partial classes needs to be in a file with the same filename. This is to know the one that can be referenced from ie. GameObjects
Refreshing native plugins compatible for Editor in 2.84 ms, found 5 plugins.
Native extension for WindowsStandalone target not found
Native extension for WebGL target not found
[Package Manager] Failed to launch server process. Reason: Unity was launched with the -noUpm command-line argument
[Package Manager] Unable to send message (not connected to server process).
[Package Manager] Cannot connect to Unity Package Manager local server
[Package Manager] Failed to launch server process. Reason: Unity was launched with the -noUpm command-line argument
[Package Manager] Unable to send message (not connected to server process).
[Package Manager] Cannot connect to Unity Package Manager local server
ScheduleIndexationOnStartup MainProcess:False IndexOnStartup:True
Scripting: successfully reloaded assembly
- Finished resetting the current domain, in  1.518 seconds
Domain Reload Profiling: 2845ms
	BeginReloadAssembly (447ms)
		DisableScriptedObjects (32ms)
		CreateAndSetChildDomain (106ms)
	RebuildCommonClasses (19ms)
	RebuildNativeTypeToScriptingClass (33ms)
	initialDomainReloadingComplete (101ms)
	LoadAllAssembliesAndSetupDomain (726ms)
		LoadAssemblies (578ms)
		TypeCache.Refresh (10ms)
		AnalyzeDomain (15ms)
			ResolveRequiredComponents (9ms)
	FinalizeReload (1520ms)
		SetupLoadedEditorAssemblies (0ms)
			LogAssemblyErrors (5ms)
			InitializePlatformSupportModulesInManaged (4ms)
			BeforeProcessingInitializeOnLoad (258ms)
			ProcessInitializeOnLoadAttributes (489ms)
			ProcessInitializeOnLoadMethodAttributes (202ms)
			AfterProcessingInitializeOnLoad (11ms)
			EditorAssembliesLoaded (3ms)
		AwakeInstancesAfterBackupRestoration (55ms)
Refreshing native plugins compatible for Editor in 3.63 ms, found 5 plugins.
Unloading 24 Unused Serialized files (Serialized files now loaded: 0)
Unloading 6986 unused Assets / (6.6 MB). Loaded Objects now: 8067.
Memory consumption went from 0.51 GB to 0.50 GB.
Total: 13.616500 ms (FindLiveObjects: 1.475500 ms CreateObjectMapping: 0.709100 ms MarkObjects: 8.446900 ms  DeleteObjects: 2.677900 ms)

Prepare: number of updated asset objects reloaded= 0
========================================================================
Received Prepare
AcceleratorClientConnectionCallback - disconnected - :0
[Licensing::Client] Successfully resolved entitlement details
Begin MonoManager ReloadAssembly
'Packages/com.unity.render-pipelines.core/Editor/Deprecated.cs' contains partial class of Unity.Object, exactly 1 of the partial classes needs to be in a file with the same filename. This is to know the one that can be referenced from ie. GameObjects
'Packages/com.unity.render-pipelines.core/Editor/Deprecated.cs' contains partial class of Unity.Object, exactly 1 of the partial classes needs to be in a file with the same filename. This is to know the one that can be referenced from ie. GameObjects
Refreshing native plugins compatible for Editor in 2.85 ms, found 5 plugins.
Native extension for WindowsStandalone target not found
Native extension for WebGL target not found
[Package Manager] Failed to launch server process. Reason: Unity was launched with the -noUpm command-line argument
[Package Manager] Unable to send message (not connected to server process).
[Package Manager] Cannot connect to Unity Package Manager local server
[Package Manager] Failed to launch server process. Reason: Unity was launched with the -noUpm command-line argument
[Package Manager] Unable to send message (not connected to server process).
[Package Manager] Cannot connect to Unity Package Manager local server
ScheduleIndexationOnStartup MainProcess:False IndexOnStartup:True
Scripting: successfully reloaded assembly
- Finished resetting the current domain, in  1.373 seconds
Domain Reload Profiling: 2688ms
	BeginReloadAssembly (472ms)
		DisableScriptedObjects (30ms)
		CreateAndSetChildDomain (136ms)
	RebuildCommonClasses (22ms)
	RebuildNativeTypeToScriptingClass (37ms)
	initialDomainReloadingComplete (97ms)
	LoadAllAssembliesAndSetupDomain (685ms)
		LoadAssemblies (559ms)
		TypeCache.Refresh (10ms)
		AnalyzeDomain (15ms)
			ResolveRequiredComponents (9ms)
	FinalizeReload (1375ms)
		SetupLoadedEditorAssemblies (0ms)
			LogAssemblyErrors (4ms)
			InitializePlatformSupportModulesInManaged (4ms)
			BeforeProcessingInitializeOnLoad (222ms)
			ProcessInitializeOnLoadAttributes (442ms)
			ProcessInitializeOnLoadMethodAttributes (180ms)
			AfterProcessingInitializeOnLoad (11ms)
		AwakeInstancesAfterBackupRestoration (80ms)
Refreshing native plugins compatible for Editor in 3.43 ms, found 5 plugins.
Unloading 24 Unused Serialized files (Serialized files now loaded: 0)
Unloading 6986 unused Assets / (5.1 MB). Loaded Objects now: 8070.
Memory consumption went from 0.51 GB to 0.51 GB.
Total: 13.433700 ms (FindLiveObjects: 1.543000 ms CreateObjectMapping: 0.648500 ms MarkObjects: 8.601500 ms  DeleteObjects: 2.325800 ms)

Prepare: number of updated asset objects reloaded= 0
========================================================================
Received Prepare
AcceleratorClientConnectionCallback - disconnected - :0
Begin MonoManager ReloadAssembly
'Packages/com.unity.render-pipelines.core/Editor/Deprecated.cs' contains partial class of Unity.Object, exactly 1 of the partial classes needs to be in a file with the same filename. This is to know the one that can be referenced from ie. GameObjects
'Packages/com.unity.render-pipelines.core/Editor/Deprecated.cs' contains partial class of Unity.Object, exactly 1 of the partial classes needs to be in a file with the same filename. This is to know the one that can be referenced from ie. GameObjects
Refreshing native plugins compatible for Editor in 4.08 ms, found 5 plugins.
Native extension for WindowsStandalone target not found
Native extension for WebGL target not found
[Package Manager] Failed to launch server process. Reason: Unity was launched with the -noUpm command-line argument
[Package Manager] Unable to send message (not connected to server process).
[Package Manager] Cannot connect to Unity Package Manager local server
[Package Manager] Failed to launch server process. Reason: Unity was launched with the -noUpm command-line argument
[Package Manager] Unable to send message (not connected to server process).
[Package Manager] Cannot connect to Unity Package Manager local server
ScheduleIndexationOnStartup MainProcess:False IndexOnStartup:True
Scripting: successfully reloaded assembly
- Finished resetting the current domain, in  1.378 seconds
Domain Reload Profiling: 2694ms
	BeginReloadAssembly (454ms)
		DisableScriptedObjects (37ms)
		CreateAndSetChildDomain (101ms)
	RebuildCommonClasses (19ms)
	RebuildNativeTypeToScriptingClass (33ms)
	initialDomainReloadingComplete (99ms)
	LoadAllAssembliesAndSetupDomain (710ms)
		LoadAssemblies (585ms)
		TypeCache.Refresh (16ms)
		AnalyzeDomain (16ms)
			ResolveRequiredComponents (10ms)
	FinalizeReload (1380ms)
		SetupLoadedEditorAssemblies (0ms)
			LogAssemblyErrors (4ms)
			InitializePlatformSupportModulesInManaged (4ms)
			BeforeProcessingInitializeOnLoad (239ms)
			ProcessInitializeOnLoadAttributes (464ms)
			ProcessInitializeOnLoadMethodAttributes (162ms)
			AfterProcessingInitializeOnLoad (12ms)
		AwakeInstancesAfterBackupRestoration (84ms)
Refreshing native plugins compatible for Editor in 3.55 ms, found 5 plugins.
Unloading 24 Unused Serialized files (Serialized files now loaded: 0)
Unloading 6986 unused Assets / (7.4 MB). Loaded Objects now: 8073.
Memory consumption went from 0.51 GB to 0.51 GB.
Total: 15.209000 ms (FindLiveObjects: 1.634400 ms CreateObjectMapping: 0.682400 ms MarkObjects: 9.714000 ms  DeleteObjects: 2.870900 ms)

Prepare: number of updated asset objects reloaded= 0
========================================================================
Received Import Request.
  Time of request: 2026-09-29T19:33:29.8389322Z
  Time since last request: 3911.88591989999986 seconds.
  importAddress: GUID: b1e743edb8972804889c3b59fb0ab05d - Path: Assets/Scripts/SimpleRespawn.cs - Importer: PreviewImporter
Importing 'GUID: b1e743edb8972804889c3b59fb0ab05d - Path: Assets/Scripts/SimpleRespawn.cs - Importer: PreviewImporter' with importer (PreviewImporter)
Imported 'GUID: b1e743edb8972804889c3b59fb0ab05d' -> (Import Result ID: '1eb8942bc916ed0d6c76ac106e717492') in 0.042 seconds [static and dynamic dependencies]. Details - ImportResultOutputID=2cf91d0fcce53cda410227cc676b92a6 DependenciesID=e1b013a30a91fbee7694ebc84d97caf8 StaticDependenciesID=2d41ff326d19c94e5d1a0362c84f0dc3 
Number of updated asset objects reloaded before import = 0
Number of asset objects unloaded after import = 0
========================================================================
Received Prepare
AcceleratorClientConnectionCallback - disconnected - :0
Refreshing native plugins compatible for Editor in 3.99 ms, found 5 plugins.
Unloading 24 Unused Serialized files (Serialized files now loaded: 0)
Unloading 24 unused Assets / (3.0 MB). Loaded Objects now: 8073.
Memory consumption went from 507.3 MB to 504.3 MB.
Total: 14.490200 ms (FindLiveObjects: 1.284800 ms CreateObjectMapping: 0.212900 ms MarkObjects: 12.016500 ms  DeleteObjects: 0.641500 ms)

Prepare: number of updated asset objects reloaded= 0
========================================================================
Received Prepare
AcceleratorClientConnectionCallback - disconnected - :0
[Licensing::Client] Successfully resolved entitlement details
Begin MonoManager ReloadAssembly
'Packages/com.unity.render-pipelines.core/Editor/Deprecated.cs' contains partial class of Unity.Object, exactly 1 of the partial classes needs to be in a file with the same filename. This is to know the one that can be referenced from ie. GameObjects
'Packages/com.unity.render-pipelines.core/Editor/Deprecated.cs' contains partial class of Unity.Object, exactly 1 of the partial classes needs to be in a file with the same filename. This is to know the one that can be referenced from ie. GameObjects
Refreshing native plugins compatible for Editor in 2.55 ms, found 5 plugins.
Native extension for WindowsStandalone target not found
Native extension for WebGL target not found
[Package Manager] Failed to launch server process. Reason: Unity was launched with the -noUpm command-line argument
[Package Manager] Unable to send message (not connected to server process).
[Package Manager] Cannot connect to Unity Package Manager local server
[Package Manager] Failed to launch server process. Reason: Unity was launched with the -noUpm command-line argument
[Package Manager] Unable to send message (not connected to server process).
[Package Manager] Cannot connect to Unity Package Manager local server
ScheduleIndexationOnStartup MainProcess:False IndexOnStartup:True
Scripting: successfully reloaded assembly
- Finished resetting the current domain, in  1.370 seconds
Domain Reload Profiling: 2752ms
	BeginReloadAssembly (480ms)
		DisableScriptedObjects (31ms)
		CreateAndSetChildDomain (102ms)
	RebuildCommonClasses (17ms)
	RebuildNativeTypeToScriptingClass (29ms)
	initialDomainReloadingComplete (92ms)
	LoadAllAssembliesAndSetupDomain (762ms)
		LoadAssemblies (668ms)
		TypeCache.Refresh (11ms)
		AnalyzeDomain (15ms)
			ResolveRequiredComponents (10ms)
	FinalizeReload (1372ms)
		SetupLoadedEditorAssemblies (0ms)
			LogAssemblyErrors (4ms)
			InitializePlatformSupportModulesInManaged (5ms)
			BeforeProcessingInitializeOnLoad (222ms)
			ProcessInitializeOnLoadAttributes (443ms)
			ProcessInitializeOnLoadMethodAttributes (174ms)
			AfterProcessingInitializeOnLoad (11ms)
		AwakeInstancesAfterBackupRestoration (45ms)
Refreshing native plugins compatible for Editor in 2.78 ms, found 5 plugins.
Unloading 24 Unused Serialized files (Serialized files now loaded: 0)
Unloading 6986 unused Assets / (6.1 MB). Loaded Objects now: 8076.
Memory consumption went from 0.50 GB to 509.0 MB.
Total: 14.177500 ms (FindLiveObjects: 1.530000 ms CreateObjectMapping: 0.596100 ms MarkObjects: 9.722800 ms  DeleteObjects: 2.020500 ms)

Prepare: number of updated asset objects reloaded= 0
========================================================================
Received Prepare
AcceleratorClientConnectionCallback - disconnected - :0
[Licensing::Client] Successfully resolved entitlement details
Begin MonoManager ReloadAssembly
'Packages/com.unity.render-pipelines.core/Editor/Deprecated.cs' contains partial class of Unity.Object, exactly 1 of the partial classes needs to be in a file with the same filename. This is to know the one that can be referenced from ie. GameObjects
'Packages/com.unity.render-pipelines.core/Editor/Deprecated.cs' contains partial class of Unity.Object, exactly 1 of the partial classes needs to be in a file with the same filename. This is to know the one that can be referenced from ie. GameObjects
Refreshing native plugins compatible for Editor in 3.33 ms, found 5 plugins.
Native extension for WindowsStandalone target not found
Native extension for WebGL target not found
[Package Manager] Failed to launch server process. Reason: Unity was launched with the -noUpm command-line argument
[Package Manager] Unable to send message (not connected to server process).
[Package Manager] Cannot connect to Unity Package Manager local server
[Package Manager] Failed to launch server process. Reason: Unity was launched with the -noUpm command-line argument
[Package Manager] Unable to send message (not connected to server process).
[Package Manager] Cannot connect to Unity Package Manager local server
ScheduleIndexationOnStartup MainProcess:False IndexOnStartup:True
Scripting: successfully reloaded assembly
- Finished resetting the current domain, in  1.376 seconds
Domain Reload Profiling: 2662ms
	BeginReloadAssembly (436ms)
		DisableScriptedObjects (28ms)
		CreateAndSetChildDomain (102ms)
	RebuildCommonClasses (17ms)
	RebuildNativeTypeToScriptingClass (30ms)
	initialDomainReloadingComplete (97ms)
	LoadAllAssembliesAndSetupDomain (704ms)
		LoadAssemblies (577ms)
		TypeCache.Refresh (10ms)
		AnalyzeDomain (14ms)
			ResolveRequiredComponents (10ms)
	FinalizeReload (1377ms)
		SetupLoadedEditorAssemblies (0ms)
			LogAssemblyErrors (3ms)
			InitializePlatformSupportModulesInManaged (3ms)
			BeforeProcessingInitializeOnLoad (254ms)
			ProcessInitializeOnLoadAttributes (453ms)
			ProcessInitializeOnLoadMethodAttributes (168ms)
			AfterProcessingInitializeOnLoad (10ms)
			EditorAssembliesLoaded (3ms)
		AwakeInstancesAfterBackupRestoration (43ms)
Refreshing native plugins compatible for Editor in 4.09 ms, found 5 plugins.
Unloading 24 Unused Serialized files (Serialized files now loaded: 0)
Unloading 6986 unused Assets / (6.7 MB). Loaded Objects now: 8079.
Memory consumption went from 0.51 GB to 511.4 MB.
Total: 13.210300 ms (FindLiveObjects: 1.548500 ms CreateObjectMapping: 0.534000 ms MarkObjects: 8.264100 ms  DeleteObjects: 2.464700 ms)

Prepare: number of updated asset objects reloaded= 0
========================================================================
Received Prepare
AcceleratorClientConnectionCallback - disconnected - :0
Begin MonoManager ReloadAssembly
'Packages/com.unity.render-pipelines.core/Editor/Deprecated.cs' contains partial class of Unity.Object, exactly 1 of the partial classes needs to be in a file with the same filename. This is to know the one that can be referenced from ie. GameObjects
'Packages/com.unity.render-pipelines.core/Editor/Deprecated.cs' contains partial class of Unity.Object, exactly 1 of the partial classes needs to be in a file with the same filename. This is to know the one that can be referenced from ie. GameObjects
Refreshing native plugins compatible for Editor in 3.18 ms, found 5 plugins.
Native extension for WindowsStandalone target not found
Native extension for WebGL target not found
[Package Manager] Failed to launch server process. Reason: Unity was launched with the -noUpm command-line argument
[Package Manager] Unable to send message (not connected to server process).
[Package Manager] Cannot connect to Unity Package Manager local server
[Package Manager] Failed to launch server process. Reason: Unity was launched with the -noUpm command-line argument
[Package Manager] Unable to send message (not connected to server process).
[Package Manager] Cannot connect to Unity Package Manager local server
ScheduleIndexationOnStartup MainProcess:False IndexOnStartup:True
Scripting: successfully reloaded assembly
- Finished resetting the current domain, in  1.391 seconds
Domain Reload Profiling: 2719ms
	BeginReloadAssembly (486ms)
		DisableScriptedObjects (40ms)
		CreateAndSetChildDomain (109ms)
	RebuildCommonClasses (18ms)
	RebuildNativeTypeToScriptingClass (31ms)
	initialDomainReloadingComplete (104ms)
	LoadAllAssembliesAndSetupDomain (687ms)
		LoadAssemblies (553ms)
		TypeCache.Refresh (10ms)
		AnalyzeDomain (16ms)
			ResolveRequiredComponents (11ms)
	FinalizeReload (1392ms)
		SetupLoadedEditorAssemblies (0ms)
			LogAssemblyErrors (3ms)
			InitializePlatformSupportModulesInManaged (4ms)
			BeforeProcessingInitializeOnLoad (226ms)
			ProcessInitializeOnLoadAttributes (499ms)
			ProcessInitializeOnLoadMethodAttributes (177ms)
			AfterProcessingInitializeOnLoad (9ms)
		AwakeInstancesAfterBackupRestoration (40ms)
Refreshing native plugins compatible for Editor in 2.89 ms, found 5 plugins.
Unloading 24 Unused Serialized files (Serialized files now loaded: 0)
Unloading 6986 unused Assets / (6.3 MB). Loaded Objects now: 8082.
Memory consumption went from 0.51 GB to 0.50 GB.
Total: 12.870000 ms (FindLiveObjects: 1.723200 ms CreateObjectMapping: 0.599400 ms MarkObjects: 8.013200 ms  DeleteObjects: 2.227600 ms)

Prepare: number of updated asset objects reloaded= 0
========================================================================
Received Prepare
AcceleratorClientConnectionCallback - disconnected - :0
[Licensing::Client] Successfully resolved entitlement details
Begin MonoManager ReloadAssembly
'Packages/com.unity.render-pipelines.core/Editor/Deprecated.cs' contains partial class of Unity.Object, exactly 1 of the partial classes needs to be in a file with the same filename. This is to know the one that can be referenced from ie. GameObjects
'Packages/com.unity.render-pipelines.core/Editor/Deprecated.cs' contains partial class of Unity.Object, exactly 1 of the partial classes needs to be in a file with the same filename. This is to know the one that can be referenced from ie. GameObjects
Refreshing native plugins compatible for Editor in 2.81 ms, found 5 plugins.
Native extension for WindowsStandalone target not found
Native extension for WebGL target not found
[Package Manager] Failed to launch server process. Reason: Unity was launched with the -noUpm command-line argument
[Package Manager] Unable to send message (not connected to server process).
[Package Manager] Cannot connect to Unity Package Manager local server
[Package Manager] Failed to launch server process. Reason: Unity was launched with the -noUpm command-line argument
[Package Manager] Unable to send message (not connected to server process).
[Package Manager] Cannot connect to Unity Package Manager local server
ScheduleIndexationOnStartup MainProcess:False IndexOnStartup:True
Scripting: successfully reloaded assembly
- Finished resetting the current domain, in  1.311 seconds
Domain Reload Profiling: 2690ms
	BeginReloadAssembly (483ms)
		DisableScriptedObjects (29ms)
		CreateAndSetChildDomain (100ms)
	RebuildCommonClasses (18ms)
	RebuildNativeTypeToScriptingClass (30ms)
	initialDomainReloadingComplete (133ms)
	LoadAllAssembliesAndSetupDomain (714ms)
		LoadAssemblies (565ms)
		TypeCache.Refresh (11ms)
		AnalyzeDomain (16ms)
			ResolveRequiredComponents (11ms)
	FinalizeReload (1312ms)
		SetupLoadedEditorAssemblies (0ms)
			LogAssemblyErrors (4ms)
			InitializePlatformSupportModulesInManaged (4ms)
			BeforeProcessingInitializeOnLoad (202ms)
			ProcessInitializeOnLoadAttributes (424ms)
			ProcessInitializeOnLoadMethodAttributes (173ms)
			AfterProcessingInitializeOnLoad (10ms)
			EditorAssembliesLoaded (4ms)
		AwakeInstancesAfterBackupRestoration (47ms)
Refreshing native plugins compatible for Editor in 4.29 ms, found 5 plugins.
Unloading 24 Unused Serialized files (Serialized files now loaded: 0)
Unloading 6986 unused Assets / (6.0 MB). Loaded Objects now: 8085.
Memory consumption went from 0.51 GB to 0.51 GB.
Total: 14.140900 ms (FindLiveObjects: 1.729100 ms CreateObjectMapping: 0.410700 ms MarkObjects: 8.523800 ms  DeleteObjects: 3.161300 ms)

Prepare: number of updated asset objects reloaded= 0
========================================================================
Received Prepare
AcceleratorClientConnectionCallback - disconnected - :0
Begin MonoManager ReloadAssembly
'Packages/com.unity.render-pipelines.core/Editor/Deprecated.cs' contains partial class of Unity.Object, exactly 1 of the partial classes needs to be in a file with the same filename. This is to know the one that can be referenced from ie. GameObjects
'Packages/com.unity.render-pipelines.core/Editor/Deprecated.cs' contains partial class of Unity.Object, exactly 1 of the partial classes needs to be in a file with the same filename. This is to know the one that can be referenced from ie. GameObjects
Refreshing native plugins compatible for Editor in 3.31 ms, found 5 plugins.
Native extension for WindowsStandalone target not found
Native extension for WebGL target not found
[Package Manager] Failed to launch server process. Reason: Unity was launched with the -noUpm command-line argument
[Package Manager] Unable to send message (not connected to server process).
[Package Manager] Cannot connect to Unity Package Manager local server
[Package Manager] Failed to launch server process. Reason: Unity was launched with the -noUpm command-line argument
[Package Manager] Unable to send message (not connected to server process).
[Package Manager] Cannot connect to Unity Package Manager local server
ScheduleIndexationOnStartup MainProcess:False IndexOnStartup:True
Scripting: successfully reloaded assembly
- Finished resetting the current domain, in  1.421 seconds
Domain Reload Profiling: 2680ms
	BeginReloadAssembly (454ms)
		DisableScriptedObjects (31ms)
		CreateAndSetChildDomain (102ms)
	RebuildCommonClasses (18ms)
	RebuildNativeTypeToScriptingClass (34ms)
	initialDomainReloadingComplete (106ms)
	LoadAllAssembliesAndSetupDomain (646ms)
		LoadAssemblies (542ms)
		TypeCache.Refresh (10ms)
		AnalyzeDomain (14ms)
			ResolveRequiredComponents (9ms)
	FinalizeReload (1422ms)
		SetupLoadedEditorAssemblies (0ms)
			LogAssemblyErrors (3ms)
			InitializePlatformSupportModulesInManaged (4ms)
			BeforeProcessingInitializeOnLoad (235ms)
			ProcessInitializeOnLoadAttributes (518ms)
			ProcessInitializeOnLoadMethodAttributes (168ms)
			AfterProcessingInitializeOnLoad (10ms)
		AwakeInstancesAfterBackupRestoration (44ms)
Refreshing native plugins compatible for Editor in 2.83 ms, found 5 plugins.
Unloading 24 Unused Serialized files (Serialized files now loaded: 0)
Unloading 6986 unused Assets / (5.6 MB). Loaded Objects now: 8088.
Memory consumption went from 0.52 GB to 0.51 GB.
Total: 13.166200 ms (FindLiveObjects: 1.651300 ms CreateObjectMapping: 0.510500 ms MarkObjects: 8.416100 ms  DeleteObjects: 2.275900 ms)

Prepare: number of updated asset objects reloaded= 0
========================================================================
Received Prepare
AcceleratorClientConnectionCallback - disconnected - :0
[Licensing::Client] Successfully resolved entitlement details
Begin MonoManager ReloadAssembly
'Packages/com.unity.render-pipelines.core/Editor/Deprecated.cs' contains partial class of Unity.Object, exactly 1 of the partial classes needs to be in a file with the same filename. This is to know the one that can be referenced from ie. GameObjects
'Packages/com.unity.render-pipelines.core/Editor/Deprecated.cs' contains partial class of Unity.Object, exactly 1 of the partial classes needs to be in a file with the same filename. This is to know the one that can be referenced from ie. GameObjects
Refreshing native plugins compatible for Editor in 4.59 ms, found 5 plugins.
Native extension for WindowsStandalone target not found
Native extension for WebGL target not found
[Package Manager] Failed to launch server process. Reason: Unity was launched with the -noUpm command-line argument
[Package Manager] Unable to send message (not connected to server process).
[Package Manager] Cannot connect to Unity Package Manager local server
[Package Manager] Failed to launch server process. Reason: Unity was launched with the -noUpm command-line argument
[Package Manager] Unable to send message (not connected to server process).
[Package Manager] Cannot connect to Unity Package Manager local server
ScheduleIndexationOnStartup MainProcess:False IndexOnStartup:True
Scripting: successfully reloaded assembly
- Finished resetting the current domain, in  1.500 seconds
Domain Reload Profiling: 2990ms
	BeginReloadAssembly (497ms)
		DisableScriptedObjects (37ms)
		CreateAndSetChildDomain (113ms)
	RebuildCommonClasses (24ms)
	RebuildNativeTypeToScriptingClass (42ms)
	initialDomainReloadingComplete (167ms)
	LoadAllAssembliesAndSetupDomain (758ms)
		LoadAssemblies (614ms)
		TypeCache.Refresh (12ms)
		AnalyzeDomain (17ms)
			ResolveRequiredComponents (12ms)
	FinalizeReload (1502ms)
		SetupLoadedEditorAssemblies (0ms)
			LogAssemblyErrors (3ms)
			InitializePlatformSupportModulesInManaged (4ms)
			BeforeProcessingInitializeOnLoad (237ms)
			ProcessInitializeOnLoadAttributes (481ms)
			ProcessInitializeOnLoadMethodAttributes (185ms)
			AfterProcessingInitializeOnLoad (12ms)
			EditorAssembliesLoaded (3ms)
		AwakeInstancesAfterBackupRestoration (48ms)
Refreshing native plugins compatible for Editor in 2.73 ms, found 5 plugins.
Unloading 24 Unused Serialized files (Serialized files now loaded: 0)
Unloading 6986 unused Assets / (6.3 MB). Loaded Objects now: 8091.
Memory consumption went from 0.53 GB to 0.52 GB.
Total: 12.980700 ms (FindLiveObjects: 1.728600 ms CreateObjectMapping: 0.653100 ms MarkObjects: 8.122400 ms  DeleteObjects: 2.136000 ms)

Prepare: number of updated asset objects reloaded= 0
========================================================================
Received Prepare
AcceleratorClientConnectionCallback - disconnected - :0
Begin MonoManager ReloadAssembly
'Packages/com.unity.render-pipelines.core/Editor/Deprecated.cs' contains partial class of Unity.Object, exactly 1 of the partial classes needs to be in a file with the same filename. This is to know the one that can be referenced from ie. GameObjects
'Packages/com.unity.render-pipelines.core/Editor/Deprecated.cs' contains partial class of Unity.Object, exactly 1 of the partial classes needs to be in a file with the same filename. This is to know the one that can be referenced from ie. GameObjects
Refreshing native plugins compatible for Editor in 2.66 ms, found 5 plugins.
Native extension for WindowsStandalone target not found
Native extension for WebGL target not found
[Package Manager] Failed to launch server process. Reason: Unity was launched with the -noUpm command-line argument
[Package Manager] Unable to send message (not connected to server process).
[Package Manager] Cannot connect to Unity Package Manager local server
[Package Manager] Failed to launch server process. Reason: Unity was launched with the -noUpm command-line argument
[Package Manager] Unable to send message (not connected to server process).
[Package Manager] Cannot connect to Unity Package Manager local server
ScheduleIndexationOnStartup MainProcess:False IndexOnStartup:True
Scripting: successfully reloaded assembly
- Finished resetting the current domain, in  1.298 seconds
Domain Reload Profiling: 2600ms
	BeginReloadAssembly (472ms)
		DisableScriptedObjects (34ms)
		CreateAndSetChildDomain (116ms)
	RebuildCommonClasses (17ms)
	RebuildNativeTypeToScriptingClass (36ms)
	initialDomainReloadingComplete (100ms)
	LoadAllAssembliesAndSetupDomain (675ms)
		LoadAssemblies (551ms)
		TypeCache.Refresh (10ms)
		AnalyzeDomain (14ms)
			ResolveRequiredComponents (9ms)
	FinalizeReload (1300ms)
		SetupLoadedEditorAssemblies (0ms)
			LogAssemblyErrors (3ms)
			InitializePlatformSupportModulesInManaged (4ms)
			BeforeProcessingInitializeOnLoad (220ms)
			ProcessInitializeOnLoadAttributes (424ms)
			ProcessInitializeOnLoadMethodAttributes (158ms)
			AfterProcessingInitializeOnLoad (13ms)
			EditorAssembliesLoaded (3ms)
		AwakeInstancesAfterBackupRestoration (48ms)
Refreshing native plugins compatible for Editor in 3.34 ms, found 5 plugins.
Unloading 24 Unused Serialized files (Serialized files now loaded: 0)
Unloading 6986 unused Assets / (5.6 MB). Loaded Objects now: 8094.
Memory consumption went from 0.53 GB to 0.52 GB.
Total: 13.270700 ms (FindLiveObjects: 1.629300 ms CreateObjectMapping: 0.711300 ms MarkObjects: 8.344200 ms  DeleteObjects: 2.274500 ms)

Prepare: number of updated asset objects reloaded= 0
========================================================================
Received Prepare
AcceleratorClientConnectionCallback - disconnected - :0
[Licensing::Client] Successfully resolved entitlement details
Begin MonoManager ReloadAssembly
'Packages/com.unity.render-pipelines.core/Editor/Deprecated.cs' contains partial class of Unity.Object, exactly 1 of the partial classes needs to be in a file with the same filename. This is to know the one that can be referenced from ie. GameObjects
'Packages/com.unity.render-pipelines.core/Editor/Deprecated.cs' contains partial class of Unity.Object, exactly 1 of the partial classes needs to be in a file with the same filename. This is to know the one that can be referenced from ie. GameObjects
Refreshing native plugins compatible for Editor in 2.62 ms, found 5 plugins.
Native extension for WindowsStandalone target not found
Native extension for WebGL target not found
[Package Manager] Failed to launch server process. Reason: Unity was launched with the -noUpm command-line argument
[Package Manager] Unable to send message (not connected to server process).
[Package Manager] Cannot connect to Unity Package Manager local server
[Package Manager] Failed to launch server process. Reason: Unity was launched with the -noUpm command-line argument
[Package Manager] Unable to send message (not connected to server process).
[Package Manager] Cannot connect to Unity Package Manager local server
ScheduleIndexationOnStartup MainProcess:False IndexOnStartup:True
Scripting: successfully reloaded assembly
- Finished resetting the current domain, in  1.412 seconds
Domain Reload Profiling: 2700ms
	BeginReloadAssembly (422ms)
		DisableScriptedObjects (32ms)
		CreateAndSetChildDomain (103ms)
	RebuildCommonClasses (18ms)
	RebuildNativeTypeToScriptingClass (29ms)
	initialDomainReloadingComplete (95ms)
	LoadAllAssembliesAndSetupDomain (723ms)
		LoadAssemblies (566ms)
		TypeCache.Refresh (11ms)
		AnalyzeDomain (15ms)
			ResolveRequiredComponents (9ms)
	FinalizeReload (1414ms)
		SetupLoadedEditorAssemblies (0ms)
			LogAssemblyErrors (3ms)
			InitializePlatformSupportModulesInManaged (5ms)
			BeforeProcessingInitializeOnLoad (226ms)
			ProcessInitializeOnLoadAttributes (474ms)
			ProcessInitializeOnLoadMethodAttributes (167ms)
			AfterProcessingInitializeOnLoad (10ms)
			EditorAssembliesLoaded (3ms)
		AwakeInstancesAfterBackupRestoration (83ms)
Refreshing native plugins compatible for Editor in 2.86 ms, found 5 plugins.
Unloading 24 Unused Serialized files (Serialized files now loaded: 0)
Unloading 6986 unused Assets / (5.6 MB). Loaded Objects now: 8097.
Memory consumption went from 0.54 GB to 0.53 GB.
Total: 14.308300 ms (FindLiveObjects: 1.591200 ms CreateObjectMapping: 0.754700 ms MarkObjects: 8.872600 ms  DeleteObjects: 2.767500 ms)

Prepare: number of updated asset objects reloaded= 0
========================================================================
Received Prepare
AcceleratorClientConnectionCallback - disconnected - :0
[Licensing::Client] Successfully resolved entitlement details
Begin MonoManager ReloadAssembly
'Packages/com.unity.render-pipelines.core/Editor/Deprecated.cs' contains partial class of Unity.Object, exactly 1 of the partial classes needs to be in a file with the same filename. This is to know the one that can be referenced from ie. GameObjects
'Packages/com.unity.render-pipelines.core/Editor/Deprecated.cs' contains partial class of Unity.Object, exactly 1 of the partial classes needs to be in a file with the same filename. This is to know the one that can be referenced from ie. GameObjects
Refreshing native plugins compatible for Editor in 2.81 ms, found 5 plugins.
Native extension for WindowsStandalone target not found
Native extension for WebGL target not found
[Package Manager] Failed to launch server process. Reason: Unity was launched with the -noUpm command-line argument
[Package Manager] Unable to send message (not connected to server process).
[Package Manager] Cannot connect to Unity Package Manager local server
[Package Manager] Failed to launch server process. Reason: Unity was launched with the -noUpm command-line argument
[Package Manager] Unable to send message (not connected to server process).
[Package Manager] Cannot connect to Unity Package Manager local server
ScheduleIndexationOnStartup MainProcess:False IndexOnStartup:True
Scripting: successfully reloaded assembly
- Finished resetting the current domain, in  1.446 seconds
Domain Reload Profiling: 3078ms
	BeginReloadAssembly (509ms)
		DisableScriptedObjects (31ms)
		CreateAndSetChildDomain (99ms)
	RebuildCommonClasses (27ms)
	RebuildNativeTypeToScriptingClass (46ms)
	initialDomainReloadingComplete (170ms)
	LoadAllAssembliesAndSetupDomain (880ms)
		LoadAssemblies (750ms)
		TypeCache.Refresh (14ms)
		AnalyzeDomain (21ms)
			ResolveRequiredComponents (14ms)
	FinalizeReload (1447ms)
		SetupLoadedEditorAssemblies (0ms)
			LogAssemblyErrors (5ms)
			InitializePlatformSupportModulesInManaged (4ms)
			BeforeProcessingInitializeOnLoad (255ms)
			ProcessInitializeOnLoadAttributes (450ms)
			ProcessInitializeOnLoadMethodAttributes (176ms)
			AfterProcessingInitializeOnLoad (11ms)
		AwakeInstancesAfterBackupRestoration (50ms)
Refreshing native plugins compatible for Editor in 3.42 ms, found 5 plugins.
Unloading 24 Unused Serialized files (Serialized files now loaded: 0)
Unloading 6986 unused Assets / (7.8 MB). Loaded Objects now: 8100.
Memory consumption went from 0.54 GB to 0.53 GB.
Total: 15.899200 ms (FindLiveObjects: 1.502100 ms CreateObjectMapping: 0.812900 ms MarkObjects: 10.349800 ms  DeleteObjects: 2.903900 ms)

Prepare: number of updated asset objects reloaded= 0
========================================================================
Received Prepare
AcceleratorClientConnectionCallback - disconnected - :0
[Licensing::Client] Successfully resolved entitlement details
Begin MonoManager ReloadAssembly
'Packages/com.unity.render-pipelines.core/Editor/Deprecated.cs' contains partial class of Unity.Object, exactly 1 of the partial classes needs to be in a file with the same filename. This is to know the one that can be referenced from ie. GameObjects
'Packages/com.unity.render-pipelines.core/Editor/Deprecated.cs' contains partial class of Unity.Object, exactly 1 of the partial classes needs to be in a file with the same filename. This is to know the one that can be referenced from ie. GameObjects
Refreshing native plugins compatible for Editor in 3.58 ms, found 5 plugins.
Native extension for WindowsStandalone target not found
Native extension for WebGL target not found
[Package Manager] Failed to launch server process. Reason: Unity was launched with the -noUpm command-line argument
[Package Manager] Unable to send message (not connected to server process).
[Package Manager] Cannot connect to Unity Package Manager local server
[Package Manager] Failed to launch server process. Reason: Unity was launched with the -noUpm command-line argument
[Package Manager] Unable to send message (not connected to server process).
[Package Manager] Cannot connect to Unity Package Manager local server
ScheduleIndexationOnStartup MainProcess:False IndexOnStartup:True
Scripting: successfully reloaded assembly
- Finished resetting the current domain, in  1.446 seconds
Domain Reload Profiling: 2810ms
	BeginReloadAssembly (439ms)
		DisableScriptedObjects (30ms)
		CreateAndSetChildDomain (104ms)
	RebuildCommonClasses (17ms)
	RebuildNativeTypeToScriptingClass (29ms)
	initialDomainReloadingComplete (101ms)
	LoadAllAssembliesAndSetupDomain (776ms)
		LoadAssemblies (593ms)
		TypeCache.Refresh (11ms)
		AnalyzeDomain (16ms)
			ResolveRequiredComponents (10ms)
	FinalizeReload (1448ms)
		SetupLoadedEditorAssemblies (0ms)
			LogAssemblyErrors (3ms)
			InitializePlatformSupportModulesInManaged (4ms)
			BeforeProcessingInitializeOnLoad (213ms)
			ProcessInitializeOnLoadAttributes (556ms)
			ProcessInitializeOnLoadMethodAttributes (164ms)
			AfterProcessingInitializeOnLoad (11ms)
		AwakeInstancesAfterBackupRestoration (48ms)
Refreshing native plugins compatible for Editor in 4.37 ms, found 5 plugins.
Unloading 24 Unused Serialized files (Serialized files now loaded: 0)
Unloading 6986 unused Assets / (5.5 MB). Loaded Objects now: 8103.
Memory consumption went from 0.55 GB to 0.54 GB.
Total: 16.202800 ms (FindLiveObjects: 1.699200 ms CreateObjectMapping: 0.911900 ms MarkObjects: 9.926800 ms  DeleteObjects: 3.336900 ms)

Prepare: number of updated asset objects reloaded= 0
========================================================================
Received Prepare
AcceleratorClientConnectionCallback - disconnected - :0
Refreshing native plugins compatible for Editor in 3.48 ms, found 5 plugins.
Unloading 24 Unused Serialized files (Serialized files now loaded: 0)
Unloading 24 unused Assets / (2.9 MB). Loaded Objects now: 8103.
Memory consumption went from 0.54 GB to 0.54 GB.
Total: 15.418500 ms (FindLiveObjects: 1.403700 ms CreateObjectMapping: 0.346200 ms MarkObjects: 12.655400 ms  DeleteObjects: 0.659700 ms)

Prepare: number of updated asset objects reloaded= 0
Editor requested this worker to shutdown with reason: Editor is closing down
AcceleratorClientConnectionCallback - disconnected - :0
AssetImportWorker is now disconnected from the server
Process exiting
[ExitDontLaunchBugReporter] Exiting without the bug reporter. Application will exit with return code 0
