[Licensing::Module] Trying to connect to existing licensing client channel...
[Licensing::IpcConnector] Successfully connected to: "LicenseClient-Admin" at "2026-09-30T09:38:06.5474613Z"
Built from '6000.6/staging' branch; Version is '6000.6.2f1 (770e33f6875c) revision 7802419'; Using compiler version '194234433'; Build Type 'Release'
OS: 'Windows 11  (10.0.26200) Professional' Language: 'pt' Physical Memory: 15599 MB
BatchMode: 1, IsHumanControllingUs: 0, StartBugReporterOnCrash: 0, Is64bit: 1
System  architecture: x64
Process architecture: x64
Date: 2026-09-30T09:38:06Z
[Licensing::Client] Code 10 while verifying Licensing Client signature (process Id: 17348, path: "C:/Program Files/Unity Hub/UnityLicensingClient_V1/Unity.Licensing.Client.exe")
[Licensing::Module] LicensingClient has failed validation; ignoring
[Licensing::Client] Handshaking with LicensingClient:
  Version:                 1.18.3+d7ffd15
  Session Id:              8e6ef0df9ebe402e8d88a62948a2eea5
  Correlation Id:          3f4d9cac917eddcbd3380edb9ff65687
  External correlation Id: 5340416362228183064
  Machine Id:              DRE5l/6IiHEkVscQ3l3l7xFSnv4=
[Licensing::Module] Successfully connected to LicensingClient on channel: "LicenseClient-Admin" (connect: 0.00s, validation: 0.00s, handshake: 0.04s)
[Licensing::IpcConnector] Successfully connected to: "LicenseClient-Admin-notifications" at "2026-09-30T09:38:06.5850332Z"
[Licensing::Module] Licensing Background thread has ended after 0.04s

COMMAND LINE ARGUMENTS:
C:\Program Files\Unity\Hub\Editor\6000.6.2f1\Editor\Unity.exe
-adb2
-batchMode
-noUpm
-name
AssetImportWorkerHW0
-projectPath
C:/Users/Admin/Documents/Trabalho IPS/Desin de programacao de jogo/DPJ_Lab01/DPJ_Lab01_Base
-logFile
Logs/AssetImportWorkerHW0.log
-srvPort
60597
-parentPid
16272
-analyticsCloudUserId
anonymous
-analyticsLocalProjectId
353fabe8efb1cf640adebc7d6fda20aa
-editorAnalyticsEnabled
1
-cbmEditorLicense
1849a7f8590b341becd91dde2a48983332c6a18a
-cbmMachineId
DRE5l/6IiHEkVscQ3l3l7xFSnv4=
-licensingIpc
LicenseClient-Admin
-noDiagnosticSwitchPersistentStore
-job-worker-count
5
-background-job-worker-count
8
-asset-garbage-collectors
1
-force-d3d12
-name
AssetImport
Successfully changed project path to: C:/Users/Admin/Documents/Trabalho IPS/Desin de programacao de jogo/DPJ_Lab01/DPJ_Lab01_Base
C:/Users/Admin/Documents/Trabalho IPS/Desin de programacao de jogo/DPJ_Lab01/DPJ_Lab01_Base
[UnityMemory] Configuration Parameters - Can be set up in boot.config
    "memorysetup-temp-allocator-size-gi-baking-worker=262144"
    "memorysetup-temp-allocator-size-gi-baking-worker=262144"
    "memorysetup-temp-allocator-size-gi-baking-worker=262144"
    "memorysetup-temp-allocator-size-gi-baking-worker=262144"
    "memorysetup-temp-allocator-size-gi-baking-worker=262144"
    "memorysetup-temp-allocator-size-nav-mesh-worker=65536"
    "memorysetup-temp-allocator-size-audio-worker=65536"
    "memorysetup-temp-allocator-size-cloud-worker=32768"
    "memorysetup-temp-allocator-size-gfx=262144"
    "memorysetup-remapper-allocator-initial-capacity=32768"
    "memorysetup-temp-allocator-size-preload-manager=33554432"
    "memorysetup-allocator-temp-initial-block-size-main=262144"
    "memorysetup-allocator-temp-initial-block-size-worker=262144"
    "memorysetup-temp-allocator-size-job-worker=262144"
    "memorysetup-temp-allocator-size-background-worker=32768"
    "memorysetup-bucket-allocator-granularity=16"
    "memorysetup-bucket-allocator-bucket-count=8"
    "memorysetup-bucket-allocator-block-size=33554432"
    "memorysetup-bucket-allocator-block-count=8"
    "memorysetup-main-allocator-block-size=16777216"
    "memorysetup-thread-allocator-block-size=16777216"
    "memorysetup-main-allocator-mimalloc-enabled=1"
    "memorysetup-gfx-main-allocator-block-size=16777216"
    "memorysetup-gfx-thread-allocator-block-size=16777216"
    "memorysetup-cache-allocator-block-size=4194304"
    "memorysetup-typetree-allocator-block-size=2097152"
    "memorysetup-profiler-bucket-allocator-granularity=16"
    "memorysetup-profiler-bucket-allocator-bucket-count=8"
    "memorysetup-profiler-bucket-allocator-block-size=33554432"
    "memorysetup-profiler-bucket-allocator-block-count=8"
    "memorysetup-profiler-allocator-block-size=16777216"
    "memorysetup-profiler-editor-allocator-block-size=1048576"
    "memorysetup-temp-allocator-size-main=16777216"
    "memorysetup-job-temp-allocator-block-size=2097152"
    "memorysetup-job-temp-allocator-block-size-background=1048576"
    "memorysetup-job-temp-allocator-reduction-small-platforms=262144"
Player connection [22132]  Target information:

Player connection [22132]  * "[IP] 172.30.4.190 [Port] 0 [Flags] 2 [Guid] 2607397495 [EditorId] 2607397495 [Version] 1048832 [Id] WindowsEditor(7,Brawl) [Debug] 1 [PackageName] WindowsEditor [ProjectName] Editor" 

Player connection [22132] Host joined multi-casting on [225.0.0.222:54997]...
Player connection [22132] Host joined alternative multi-casting on [225.0.0.222:34997]...
JobSystem: Creating JobQueue using job-worker-count value 5
Input System module state changed to: Initialized.
[Physics::Module] Initialized fallback backend.
[Physics::Module] Id: 0xdecafbad
Library Redirect Path: Library/
Initialising UDS system complete:
  - System type: Client
  - Resource namespace: 0ca478043790c031216a82234c11c58f
  - Shared memory size: 1073741824
  - Command buffer id: 1052576
  - Command buffer size: 8192
  - Hashmap size: 4194304
  - Service connected: true
  - Service working directory: Library/DataStore/
[Physics::Module] Selected backend.
[Physics::Module] Name: PhysX
[Physics::Module] Id: 0xf2b8ea05
[Physics::Module] SDK Version: 4.1.2
[Physics::Module] Integration Version: 1.0.0
[Physics::Module] Threading Mode: Multi-Threaded
Refreshing native plugins compatible for Editor in 3.28 ms, found 5 plugins.
Initialize engine version: 6000.6.2f1 (770e33f6875c)
[EntityIdStore] init: VM path (explicit commit), pageSize=4096, blockCount=1048576, entitiesPerBlock=256, slots reserved=4294967296 bytes
[Subsystems] Discovering subsystems at path C:/Program Files/Unity/Hub/Editor/6000.6.2f1/Editor/Data/Resources/UnitySubsystems
[Subsystems] Discovering subsystems at path C:/Users/Admin/Documents/Trabalho IPS/Desin de programacao de jogo/DPJ_Lab01/DPJ_Lab01_Base/Assets
Forcing GfxDevice: Direct3D 12
GfxDevice: creating device client; kGfxThreadingModeNonThreaded
d3d12: failed to query info queue interface (0x80004002).
Direct3D:
    Version:         Direct3D 12 [level 12.2]
    Renderer:        NVIDIA GeForce RTX 3050 6GB Laptop GPU (ID=0x25ac)
    Vendor:          NVIDIA
    VRAM:            6001 MB
    App VRAM Budget: 5233 MB
    Driver:          32.0.16.1664
Initialize mono
Mono path[0] = 'C:/Program Files/Unity/Hub/Editor/6000.6.2f1/Editor/Data/Managed'
Mono path[1] = 'C:/Program Files/Unity/Hub/Editor/6000.6.2f1/Editor/Data/BCLExtensions/runtime/netstandard2.1'
Mono path[2] = 'C:/Program Files/Unity/Hub/Editor/6000.6.2f1/Editor/Data/MonoBleedingEdge/lib/mono/unityjit-win32'
Mono config path = 'C:/Program Files/Unity/Hub/Editor/6000.6.2f1/Editor/Data/MonoBleedingEdge/etc'
Using monoOptions --debugger-agent=transport=dt_socket,embedding=1,server=y,suspend=n,address=127.0.0.1:56128
CodeReloadManager initialized
Begin MonoManager ReloadAssembly
Registering precompiled unity dll's ...
Register platform support module: C:/Program Files/Unity/Hub/Editor/6000.6.2f1/Editor/Data/PlaybackEngines/WebGLSupport/UnityEditor.WebGL.Extensions.dll
Register platform support module: C:/Program Files/Unity/Hub/Editor/6000.6.2f1/Editor/Data/PlaybackEngines/WindowsStandaloneSupport/UnityEditor.WindowsStandalone.Extensions.dll
Registered in 0.001995 seconds.
Native extension for WindowsStandalone target not found
Native extension for WebGL target not found
Package Manager log level set to [2]
[Package Manager] Failed to launch server process. Reason: Unity was launched with the -noUpm command-line argument
[Package Manager] Unable to send message (not connected to server process).
[Package Manager] Cannot connect to Unity Package Manager local server
ScheduleIndexationOnStartup MainProcess:False IndexOnStartup:True
Scripting: successfully reloaded assembly
- Finished resetting the current domain, in  0.580 seconds
Domain Reload Profiling: 1615ms
	BeginReloadAssembly (197ms)
		CreateAndSetChildDomain (5ms)
	RebuildCommonClasses (6ms)
	RebuildNativeTypeToScriptingClass (19ms)
	initialDomainReloadingComplete (366ms)
	LoadAllAssembliesAndSetupDomain (445ms)
		LoadAssemblies (187ms)
		TypeCache.Refresh (325ms)
			TypeCache.ScanAssembly (302ms)
		AnalyzeDomain (1ms)
	FinalizeReload (582ms)
		SetupLoadedEditorAssemblies (0ms)
			InitializePlatformSupportModulesInManaged (3ms)
			BeforeProcessingInitializeOnLoad (131ms)
			ProcessInitializeOnLoadAttributes (122ms)
			ProcessInitializeOnLoadMethodAttributes (221ms)
Initializing Unity extensions:
[Licensing::Client] Successfully resolved entitlement details
[Licensing::Module] License group:
  Id: 6872893522235-UnityPersXXXX
  Product: Unity Personal
  Type: Assigned
  Expiration: Unlimited
========================================================================
Worker process is ready to serve import requests
Import Worker Mode flag is 0x00
Begin MonoManager ReloadAssembly
'Packages/com.unity.render-pipelines.core/Editor/Deprecated.cs' contains partial class of Unity.Object, exactly 1 of the partial classes needs to be in a file with the same filename. This is to know the one that can be referenced from ie. GameObjects
'Packages/com.unity.render-pipelines.core/Editor/Deprecated.cs' contains partial class of Unity.Object, exactly 1 of the partial classes needs to be in a file with the same filename. This is to know the one that can be referenced from ie. GameObjects
Refreshing native plugins compatible for Editor in 2.05 ms, found 5 plugins.
Native extension for WindowsStandalone target not found
Native extension for WebGL target not found
[Package Manager] Failed to launch server process. Reason: Unity was launched with the -noUpm command-line argument
[Package Manager] Unable to send message (not connected to server process).
[Package Manager] Cannot connect to Unity Package Manager local server
[Package Manager] Failed to launch server process. Reason: Unity was launched with the -noUpm command-line argument
[Package Manager] Unable to send message (not connected to server process).
[Package Manager] Cannot connect to Unity Package Manager local server
ScheduleIndexationOnStartup MainProcess:False IndexOnStartup:True
Scripting: successfully reloaded assembly
- Finished resetting the current domain, in  1.266 seconds
Domain Reload Profiling: 2369ms
	BeginReloadAssembly (224ms)
		DisableScriptedObjects (10ms)
		CreateAndSetChildDomain (39ms)
	RebuildCommonClasses (9ms)
	RebuildNativeTypeToScriptingClass (17ms)
	initialDomainReloadingComplete (49ms)
	LoadAllAssembliesAndSetupDomain (803ms)
		LoadAssemblies (324ms)
		TypeCache.Refresh (200ms)
			TypeCache.ScanAssembly (185ms)
		AnalyzeDomain (134ms)
			BuildScriptInfoCaches (125ms)
			ResolveRequiredComponents (7ms)
	FinalizeReload (1267ms)
		SetupLoadedEditorAssemblies (0ms)
			LogAssemblyErrors (3ms)
			BeforeProcessingInitializeOnLoad (187ms)
			ProcessInitializeOnLoadAttributes (473ms)
			ProcessInitializeOnLoadMethodAttributes (360ms)
			AfterProcessingInitializeOnLoad (8ms)
		AwakeInstancesAfterBackupRestoration (11ms)
AcceleratorClientConnectionCallback - disconnected - :0
Launched and connected shader compiler UnityShaderCompiler.exe after 0.01 seconds
Refreshing native plugins compatible for Editor in 2.42 ms, found 5 plugins.
Unloading 24 Unused Serialized files (Serialized files now loaded: 0)
Unloading 6988 unused Assets / (7.7 MB). Loaded Objects now: 7953.
Memory consumption went from 359.5 MB to 351.8 MB.
Total: 12.159100 ms (FindLiveObjects: 0.665400 ms CreateObjectMapping: 0.431000 ms MarkObjects: 8.268600 ms  DeleteObjects: 2.565300 ms)

========================================================================
Received Prepare
AcceleratorClientConnectionCallback - disconnected - :0
Refreshing native plugins compatible for Editor in 51.55 ms, found 5 plugins.
Unloading 24 Unused Serialized files (Serialized files now loaded: 0)
Unloading 24 unused Assets / (3.1 MB). Loaded Objects now: 7953.
Memory consumption went from 352.2 MB to 349.1 MB.
Total: 17.041300 ms (FindLiveObjects: 0.583300 ms CreateObjectMapping: 0.204800 ms MarkObjects: 14.990700 ms  DeleteObjects: 0.905000 ms)

Prepare: number of updated asset objects reloaded= 0
========================================================================
Received Import Request.
  Time of request: 2026-09-30T09:38:46.8576374Z
  Time since last request: 125.6766944 seconds.
  importAddress: GUID: e318819094e537844a397e8d35f22cb0 - Path: Assets/Scenes/Level1.unity - Importer: ScriptedImporter/UnityEditor.QuickSearchModule:UnityEditor.Search:ASIAI03
Importing 'GUID: e318819094e537844a397e8d35f22cb0 - Path: Assets/Scenes/Level1.unity - Importer: ScriptedImporter/UnityEditor.QuickSearchModule:UnityEditor.Search:ASIAI03' with importer (ScriptedImporter : UnityEditor.QuickSearchModule:UnityEditor.Search:ASIAI03)
Imported 'GUID: e318819094e537844a397e8d35f22cb0' -> (Import Result ID: '206e0f2e82fe57462eaf587b5f69e94d') in 0.125 seconds [static and dynamic dependencies]. Details - ImportResultOutputID=e2692c4aebb6e0df39a204109eeee6ac DependenciesID=a801e310f04ef8bf7cacab5cf2770988 StaticDependenciesID=d0820c366284cba6c158f15693c916c1 
Number of updated asset objects reloaded before import = 0
Number of asset objects unloaded after import = 1
========================================================================
Received Import Request.
  Time of request: 2026-09-30T09:38:47.0102796Z
  Time since last request: 0.0011404 seconds.
  importAddress: GUID: 6cb91715606ef1d42ac82775e75fd7d1 - Path: Assets/Scripts/Collectible.cs - Importer: ScriptedImporter/UnityEditor.QuickSearchModule:UnityEditor.Search:ASIAI03
Importing 'GUID: 6cb91715606ef1d42ac82775e75fd7d1 - Path: Assets/Scripts/Collectible.cs - Importer: ScriptedImporter/UnityEditor.QuickSearchModule:UnityEditor.Search:ASIAI03' with importer (ScriptedImporter : UnityEditor.QuickSearchModule:UnityEditor.Search:ASIAI03)
Imported 'GUID: 6cb91715606ef1d42ac82775e75fd7d1' -> (Import Result ID: '415a675dc7363a3656a05c7f7ac74192') in 0.062 seconds [static and dynamic dependencies]. Details - ImportResultOutputID=e1d35389bd2ac8f7f808615ad54514d2 DependenciesID=c2efbc00fd0a6b7dabc2df8261bf978e StaticDependenciesID=ea96846b242a075c84371f30cbda4dcf 
Number of updated asset objects reloaded before import = 0
Number of asset objects unloaded after import = 0
========================================================================
Received Import Request.
  Time of request: 2026-09-30T09:38:47.1055165Z
  Time since last request: 0.0013989 seconds.
  importAddress: GUID: 043949f81ffe54d438802c1e16e584d2 - Path: Assets/Scripts/PlayerController.cs - Importer: ScriptedImporter/UnityEditor.QuickSearchModule:UnityEditor.Search:ASIAI03
Importing 'GUID: 043949f81ffe54d438802c1e16e584d2 - Path: Assets/Scripts/PlayerController.cs - Importer: ScriptedImporter/UnityEditor.QuickSearchModule:UnityEditor.Search:ASIAI03' with importer (ScriptedImporter : UnityEditor.QuickSearchModule:UnityEditor.Search:ASIAI03)
Imported 'GUID: 043949f81ffe54d438802c1e16e584d2' -> (Import Result ID: '0ab1470db89f17801c81fb250c35ee05') in 0.003 seconds [static and dynamic dependencies]. Details - ImportResultOutputID=d538f261316fb772136ea75d6d39fb1e DependenciesID=0703bc272ae557d5f72ad466b8933be5 StaticDependenciesID=50cf7fc1b9d3b1234e4dd8cf417a0b12 
Number of updated asset objects reloaded before import = 0
Number of asset objects unloaded after import = 0
========================================================================
Received Prepare
AcceleratorClientConnectionCallback - disconnected - :0
[Licensing::Client] Successfully resolved entitlement details
Begin MonoManager ReloadAssembly
'Packages/com.unity.render-pipelines.core/Editor/Deprecated.cs' contains partial class of Unity.Object, exactly 1 of the partial classes needs to be in a file with the same filename. This is to know the one that can be referenced from ie. GameObjects
'Packages/com.unity.render-pipelines.core/Editor/Deprecated.cs' contains partial class of Unity.Object, exactly 1 of the partial classes needs to be in a file with the same filename. This is to know the one that can be referenced from ie. GameObjects
Refreshing native plugins compatible for Editor in 2.97 ms, found 5 plugins.
Native extension for WindowsStandalone target not found
Native extension for WebGL target not found
[Package Manager] Failed to launch server process. Reason: Unity was launched with the -noUpm command-line argument
[Package Manager] Unable to send message (not connected to server process).
[Package Manager] Cannot connect to Unity Package Manager local server
[Package Manager] Failed to launch server process. Reason: Unity was launched with the -noUpm command-line argument
[Package Manager] Unable to send message (not connected to server process).
[Package Manager] Cannot connect to Unity Package Manager local server
ScheduleIndexationOnStartup MainProcess:False IndexOnStartup:True
Scripting: successfully reloaded assembly
- Finished resetting the current domain, in  1.299 seconds
Domain Reload Profiling: 2631ms
	BeginReloadAssembly (439ms)
		DisableScriptedObjects (27ms)
		CreateAndSetChildDomain (91ms)
	RebuildCommonClasses (21ms)
	RebuildNativeTypeToScriptingClass (35ms)
	initialDomainReloadingComplete (111ms)
	LoadAllAssembliesAndSetupDomain (725ms)
		LoadAssemblies (638ms)
		TypeCache.Refresh (9ms)
		AnalyzeDomain (14ms)
			ResolveRequiredComponents (8ms)
	FinalizeReload (1301ms)
		SetupLoadedEditorAssemblies (0ms)
			LogAssemblyErrors (7ms)
			InitializePlatformSupportModulesInManaged (4ms)
			BeforeProcessingInitializeOnLoad (194ms)
			ProcessInitializeOnLoadAttributes (456ms)
			ProcessInitializeOnLoadMethodAttributes (167ms)
			AfterProcessingInitializeOnLoad (9ms)
			EditorAssembliesLoaded (3ms)
		AwakeInstancesAfterBackupRestoration (40ms)
Refreshing native plugins compatible for Editor in 2.60 ms, found 5 plugins.
Unloading 24 Unused Serialized files (Serialized files now loaded: 0)
Unloading 6986 unused Assets / (6.2 MB). Loaded Objects now: 7959.
Memory consumption went from 352.7 MB to 346.5 MB.
Total: 14.607200 ms (FindLiveObjects: 0.851300 ms CreateObjectMapping: 0.579100 ms MarkObjects: 10.026400 ms  DeleteObjects: 2.817900 ms)

Prepare: number of updated asset objects reloaded= 0
========================================================================
Received Prepare
AcceleratorClientConnectionCallback - disconnected - :0
[Licensing::Client] Successfully resolved entitlement details
Begin MonoManager ReloadAssembly
'Packages/com.unity.render-pipelines.core/Editor/Deprecated.cs' contains partial class of Unity.Object, exactly 1 of the partial classes needs to be in a file with the same filename. This is to know the one that can be referenced from ie. GameObjects
'Packages/com.unity.render-pipelines.core/Editor/Deprecated.cs' contains partial class of Unity.Object, exactly 1 of the partial classes needs to be in a file with the same filename. This is to know the one that can be referenced from ie. GameObjects
Refreshing native plugins compatible for Editor in 4.08 ms, found 5 plugins.
Native extension for WindowsStandalone target not found
Native extension for WebGL target not found
[Package Manager] Failed to launch server process. Reason: Unity was launched with the -noUpm command-line argument
[Package Manager] Unable to send message (not connected to server process).
[Package Manager] Cannot connect to Unity Package Manager local server
[Package Manager] Failed to launch server process. Reason: Unity was launched with the -noUpm command-line argument
[Package Manager] Unable to send message (not connected to server process).
[Package Manager] Cannot connect to Unity Package Manager local server
ScheduleIndexationOnStartup MainProcess:False IndexOnStartup:True
Scripting: successfully reloaded assembly
- Finished resetting the current domain, in  1.408 seconds
Domain Reload Profiling: 2721ms
	BeginReloadAssembly (437ms)
		DisableScriptedObjects (30ms)
		CreateAndSetChildDomain (97ms)
	RebuildCommonClasses (26ms)
	RebuildNativeTypeToScriptingClass (31ms)
	initialDomainReloadingComplete (111ms)
	LoadAllAssembliesAndSetupDomain (707ms)
		LoadAssemblies (571ms)
		TypeCache.Refresh (10ms)
		AnalyzeDomain (17ms)
			ResolveRequiredComponents (10ms)
	FinalizeReload (1410ms)
		SetupLoadedEditorAssemblies (0ms)
			LogAssemblyErrors (6ms)
			InitializePlatformSupportModulesInManaged (5ms)
			BeforeProcessingInitializeOnLoad (222ms)
			ProcessInitializeOnLoadAttributes (500ms)
			ProcessInitializeOnLoadMethodAttributes (185ms)
			AfterProcessingInitializeOnLoad (10ms)
			EditorAssembliesLoaded (3ms)
		AwakeInstancesAfterBackupRestoration (50ms)
Refreshing native plugins compatible for Editor in 9.97 ms, found 5 plugins.
Unloading 24 Unused Serialized files (Serialized files now loaded: 0)
Unloading 6986 unused Assets / (6.8 MB). Loaded Objects now: 7962.
Memory consumption went from 355.8 MB to 348.9 MB.
Total: 15.961600 ms (FindLiveObjects: 0.797000 ms CreateObjectMapping: 0.348900 ms MarkObjects: 11.281300 ms  DeleteObjects: 3.154700 ms)

Prepare: number of updated asset objects reloaded= 0
========================================================================
Received Prepare
AcceleratorClientConnectionCallback - disconnected - :0
'Packages/com.unity.render-pipelines.core/Editor/Deprecated.cs' contains partial class of Unity.Object, exactly 1 of the partial classes needs to be in a file with the same filename. This is to know the one that can be referenced from ie. GameObjects
'Packages/com.unity.render-pipelines.core/Editor/Deprecated.cs' contains partial class of Unity.Object, exactly 1 of the partial classes needs to be in a file with the same filename. This is to know the one that can be referenced from ie. GameObjects
Refreshing native plugins compatible for Editor in 3.33 ms, found 5 plugins.
Unloading 24 Unused Serialized files (Serialized files now loaded: 0)
Unloading 6972 unused Assets / (6.6 MB). Loaded Objects now: 7962.
Memory consumption went from 358.8 MB to 352.3 MB.
Total: 15.192400 ms (FindLiveObjects: 0.965100 ms CreateObjectMapping: 0.484300 ms MarkObjects: 10.428200 ms  DeleteObjects: 2.931700 ms)

Prepare: number of updated asset objects reloaded= 0
========================================================================
Received Prepare
AcceleratorClientConnectionCallback - disconnected - :0
Begin MonoManager ReloadAssembly
'Packages/com.unity.render-pipelines.core/Editor/Deprecated.cs' contains partial class of Unity.Object, exactly 1 of the partial classes needs to be in a file with the same filename. This is to know the one that can be referenced from ie. GameObjects
'Packages/com.unity.render-pipelines.core/Editor/Deprecated.cs' contains partial class of Unity.Object, exactly 1 of the partial classes needs to be in a file with the same filename. This is to know the one that can be referenced from ie. GameObjects
Refreshing native plugins compatible for Editor in 3.30 ms, found 5 plugins.
Native extension for WindowsStandalone target not found
Native extension for WebGL target not found
[Package Manager] Failed to launch server process. Reason: Unity was launched with the -noUpm command-line argument
[Package Manager] Unable to send message (not connected to server process).
[Package Manager] Cannot connect to Unity Package Manager local server
[Package Manager] Failed to launch server process. Reason: Unity was launched with the -noUpm command-line argument
[Package Manager] Unable to send message (not connected to server process).
[Package Manager] Cannot connect to Unity Package Manager local server
ScheduleIndexationOnStartup MainProcess:False IndexOnStartup:True
Scripting: successfully reloaded assembly
- Finished resetting the current domain, in  1.244 seconds
Domain Reload Profiling: 2880ms
	BeginReloadAssembly (395ms)
		DisableScriptedObjects (29ms)
		CreateAndSetChildDomain (79ms)
	RebuildCommonClasses (15ms)
	RebuildNativeTypeToScriptingClass (29ms)
	initialDomainReloadingComplete (109ms)
	LoadAllAssembliesAndSetupDomain (1086ms)
		LoadAssemblies (580ms)
		TypeCache.Refresh (20ms)
		AnalyzeDomain (360ms)
			BuildScriptInfoCaches (347ms)
			ResolveRequiredComponents (11ms)
	FinalizeReload (1246ms)
		SetupLoadedEditorAssemblies (0ms)
			LogAssemblyErrors (5ms)
			InitializePlatformSupportModulesInManaged (3ms)
			BeforeProcessingInitializeOnLoad (186ms)
			ProcessInitializeOnLoadAttributes (430ms)
			ProcessInitializeOnLoadMethodAttributes (167ms)
			AfterProcessingInitializeOnLoad (9ms)
			EditorAssembliesLoaded (5ms)
		AwakeInstancesAfterBackupRestoration (40ms)
Refreshing native plugins compatible for Editor in 3.43 ms, found 5 plugins.
Unloading 24 Unused Serialized files (Serialized files now loaded: 0)
Unloading 6986 unused Assets / (6.1 MB). Loaded Objects now: 7965.
Memory consumption went from 372.1 MB to 366.0 MB.
Total: 12.292300 ms (FindLiveObjects: 0.795300 ms CreateObjectMapping: 0.421500 ms MarkObjects: 8.258600 ms  DeleteObjects: 2.506100 ms)

Prepare: number of updated asset objects reloaded= 0
========================================================================
Received Prepare
AcceleratorClientConnectionCallback - disconnected - :0
[Licensing::Client] Successfully resolved entitlement details
Begin MonoManager ReloadAssembly
'Packages/com.unity.render-pipelines.core/Editor/Deprecated.cs' contains partial class of Unity.Object, exactly 1 of the partial classes needs to be in a file with the same filename. This is to know the one that can be referenced from ie. GameObjects
'Packages/com.unity.render-pipelines.core/Editor/Deprecated.cs' contains partial class of Unity.Object, exactly 1 of the partial classes needs to be in a file with the same filename. This is to know the one that can be referenced from ie. GameObjects
Refreshing native plugins compatible for Editor in 3.32 ms, found 5 plugins.
Native extension for WindowsStandalone target not found
Native extension for WebGL target not found
[Package Manager] Failed to launch server process. Reason: Unity was launched with the -noUpm command-line argument
[Package Manager] Unable to send message (not connected to server process).
[Package Manager] Cannot connect to Unity Package Manager local server
[Package Manager] Failed to launch server process. Reason: Unity was launched with the -noUpm command-line argument
[Package Manager] Unable to send message (not connected to server process).
[Package Manager] Cannot connect to Unity Package Manager local server
ScheduleIndexationOnStartup MainProcess:False IndexOnStartup:True
Scripting: successfully reloaded assembly
- Finished resetting the current domain, in  1.318 seconds
Domain Reload Profiling: 2907ms
	BeginReloadAssembly (554ms)
		DisableScriptedObjects (30ms)
		CreateAndSetChildDomain (137ms)
	RebuildCommonClasses (16ms)
	RebuildNativeTypeToScriptingClass (41ms)
	initialDomainReloadingComplete (118ms)
	LoadAllAssembliesAndSetupDomain (858ms)
		LoadAssemblies (685ms)
		TypeCache.Refresh (10ms)
		AnalyzeDomain (18ms)
			ResolveRequiredComponents (11ms)
	FinalizeReload (1320ms)
		SetupLoadedEditorAssemblies (0ms)
			LogAssemblyErrors (8ms)
			InitializePlatformSupportModulesInManaged (4ms)
			BeforeProcessingInitializeOnLoad (211ms)
			ProcessInitializeOnLoadAttributes (424ms)
			ProcessInitializeOnLoadMethodAttributes (168ms)
			AfterProcessingInitializeOnLoad (8ms)
		AwakeInstancesAfterBackupRestoration (37ms)
Refreshing native plugins compatible for Editor in 3.13 ms, found 5 plugins.
Unloading 24 Unused Serialized files (Serialized files now loaded: 0)
Unloading 6986 unused Assets / (7.8 MB). Loaded Objects now: 7968.
Memory consumption went from 376.1 MB to 368.3 MB.
Total: 13.271400 ms (FindLiveObjects: 0.818400 ms CreateObjectMapping: 0.332900 ms MarkObjects: 8.594500 ms  DeleteObjects: 3.204800 ms)

Prepare: number of updated asset objects reloaded= 0
========================================================================
Received Prepare
AcceleratorClientConnectionCallback - disconnected - :0
Begin MonoManager ReloadAssembly
'Packages/com.unity.render-pipelines.core/Editor/Deprecated.cs' contains partial class of Unity.Object, exactly 1 of the partial classes needs to be in a file with the same filename. This is to know the one that can be referenced from ie. GameObjects
'Packages/com.unity.render-pipelines.core/Editor/Deprecated.cs' contains partial class of Unity.Object, exactly 1 of the partial classes needs to be in a file with the same filename. This is to know the one that can be referenced from ie. GameObjects
Refreshing native plugins compatible for Editor in 13.20 ms, found 5 plugins.
Native extension for WindowsStandalone target not found
Native extension for WebGL target not found
[Package Manager] Failed to launch server process. Reason: Unity was launched with the -noUpm command-line argument
[Package Manager] Unable to send message (not connected to server process).
[Package Manager] Cannot connect to Unity Package Manager local server
[Package Manager] Failed to launch server process. Reason: Unity was launched with the -noUpm command-line argument
[Package Manager] Unable to send message (not connected to server process).
[Package Manager] Cannot connect to Unity Package Manager local server
ScheduleIndexationOnStartup MainProcess:False IndexOnStartup:True
Scripting: successfully reloaded assembly
- Finished resetting the current domain, in  1.369 seconds
Domain Reload Profiling: 2740ms
	BeginReloadAssembly (467ms)
		DisableScriptedObjects (38ms)
		CreateAndSetChildDomain (91ms)
	RebuildCommonClasses (21ms)
	RebuildNativeTypeToScriptingClass (44ms)
	initialDomainReloadingComplete (109ms)
	LoadAllAssembliesAndSetupDomain (727ms)
		LoadAssemblies (601ms)
		TypeCache.Refresh (11ms)
		AnalyzeDomain (16ms)
			ResolveRequiredComponents (10ms)
	FinalizeReload (1371ms)
		SetupLoadedEditorAssemblies (0ms)
			LogAssemblyErrors (6ms)
			InitializePlatformSupportModulesInManaged (3ms)
			BeforeProcessingInitializeOnLoad (208ms)
			ProcessInitializeOnLoadAttributes (478ms)
			ProcessInitializeOnLoadMethodAttributes (172ms)
			AfterProcessingInitializeOnLoad (11ms)
			EditorAssembliesLoaded (3ms)
		AwakeInstancesAfterBackupRestoration (39ms)
Refreshing native plugins compatible for Editor in 3.44 ms, found 5 plugins.
Unloading 24 Unused Serialized files (Serialized files now loaded: 0)
Unloading 6986 unused Assets / (5.7 MB). Loaded Objects now: 7971.
Memory consumption went from 379.1 MB to 373.4 MB.
Total: 13.323400 ms (FindLiveObjects: 0.958800 ms CreateObjectMapping: 0.357300 ms MarkObjects: 9.311100 ms  DeleteObjects: 2.385100 ms)

Prepare: number of updated asset objects reloaded= 0
========================================================================
Received Prepare
AcceleratorClientConnectionCallback - disconnected - :0
[Licensing::Client] Successfully resolved entitlement details
Begin MonoManager ReloadAssembly
'Packages/com.unity.render-pipelines.core/Editor/Deprecated.cs' contains partial class of Unity.Object, exactly 1 of the partial classes needs to be in a file with the same filename. This is to know the one that can be referenced from ie. GameObjects
'Packages/com.unity.render-pipelines.core/Editor/Deprecated.cs' contains partial class of Unity.Object, exactly 1 of the partial classes needs to be in a file with the same filename. This is to know the one that can be referenced from ie. GameObjects
Refreshing native plugins compatible for Editor in 3.00 ms, found 5 plugins.
Native extension for WindowsStandalone target not found
Native extension for WebGL target not found
[Package Manager] Failed to launch server process. Reason: Unity was launched with the -noUpm command-line argument
[Package Manager] Unable to send message (not connected to server process).
[Package Manager] Cannot connect to Unity Package Manager local server
[Package Manager] Failed to launch server process. Reason: Unity was launched with the -noUpm command-line argument
[Package Manager] Unable to send message (not connected to server process).
[Package Manager] Cannot connect to Unity Package Manager local server
ScheduleIndexationOnStartup MainProcess:False IndexOnStartup:True
Scripting: successfully reloaded assembly
- Finished resetting the current domain, in  1.306 seconds
Domain Reload Profiling: 5640ms
	BeginReloadAssembly (706ms)
		DisableScriptedObjects (34ms)
		CreateAndSetChildDomain (84ms)
	RebuildCommonClasses (16ms)
	RebuildNativeTypeToScriptingClass (185ms)
	initialDomainReloadingComplete (119ms)
	LoadAllAssembliesAndSetupDomain (3307ms)
		LoadAssemblies (3455ms)
		TypeCache.Refresh (10ms)
		AnalyzeDomain (16ms)
			ResolveRequiredComponents (11ms)
	FinalizeReload (1308ms)
		SetupLoadedEditorAssemblies (0ms)
			LogAssemblyErrors (6ms)
			InitializePlatformSupportModulesInManaged (4ms)
			BeforeProcessingInitializeOnLoad (205ms)
			ProcessInitializeOnLoadAttributes (455ms)
			ProcessInitializeOnLoadMethodAttributes (166ms)
			AfterProcessingInitializeOnLoad (8ms)
		AwakeInstancesAfterBackupRestoration (40ms)
Refreshing native plugins compatible for Editor in 4.38 ms, found 5 plugins.
Unloading 24 Unused Serialized files (Serialized files now loaded: 0)
Unloading 6986 unused Assets / (6.0 MB). Loaded Objects now: 7974.
Memory consumption went from 382.2 MB to 376.2 MB.
Total: 13.319600 ms (FindLiveObjects: 0.862900 ms CreateObjectMapping: 0.337100 ms MarkObjects: 9.376800 ms  DeleteObjects: 2.430600 ms)

Prepare: number of updated asset objects reloaded= 0
========================================================================
Received Prepare
AcceleratorClientConnectionCallback - disconnected - :0
Begin MonoManager ReloadAssembly
'Packages/com.unity.render-pipelines.core/Editor/Deprecated.cs' contains partial class of Unity.Object, exactly 1 of the partial classes needs to be in a file with the same filename. This is to know the one that can be referenced from ie. GameObjects
'Packages/com.unity.render-pipelines.core/Editor/Deprecated.cs' contains partial class of Unity.Object, exactly 1 of the partial classes needs to be in a file with the same filename. This is to know the one that can be referenced from ie. GameObjects
Refreshing native plugins compatible for Editor in 3.46 ms, found 5 plugins.
Native extension for WindowsStandalone target not found
Native extension for WebGL target not found
[Package Manager] Failed to launch server process. Reason: Unity was launched with the -noUpm command-line argument
[Package Manager] Unable to send message (not connected to server process).
[Package Manager] Cannot connect to Unity Package Manager local server
[Package Manager] Failed to launch server process. Reason: Unity was launched with the -noUpm command-line argument
[Package Manager] Unable to send message (not connected to server process).
[Package Manager] Cannot connect to Unity Package Manager local server
ScheduleIndexationOnStartup MainProcess:False IndexOnStartup:True
Scripting: successfully reloaded assembly
- Finished resetting the current domain, in  1.311 seconds
Domain Reload Profiling: 2626ms
	BeginReloadAssembly (485ms)
		DisableScriptedObjects (33ms)
		CreateAndSetChildDomain (116ms)
	RebuildCommonClasses (19ms)
	RebuildNativeTypeToScriptingClass (37ms)
	initialDomainReloadingComplete (91ms)
	LoadAllAssembliesAndSetupDomain (682ms)
		LoadAssemblies (541ms)
		TypeCache.Refresh (13ms)
		AnalyzeDomain (16ms)
			ResolveRequiredComponents (12ms)
	FinalizeReload (1312ms)
		SetupLoadedEditorAssemblies (0ms)
			LogAssemblyErrors (5ms)
			InitializePlatformSupportModulesInManaged (4ms)
			BeforeProcessingInitializeOnLoad (219ms)
			ProcessInitializeOnLoadAttributes (434ms)
			ProcessInitializeOnLoadMethodAttributes (168ms)
			AfterProcessingInitializeOnLoad (8ms)
		AwakeInstancesAfterBackupRestoration (39ms)
Refreshing native plugins compatible for Editor in 4.01 ms, found 5 plugins.
Unloading 24 Unused Serialized files (Serialized files now loaded: 0)
Unloading 6986 unused Assets / (6.0 MB). Loaded Objects now: 7977.
Memory consumption went from 387.1 MB to 381.1 MB.
Total: 11.719600 ms (FindLiveObjects: 0.842600 ms CreateObjectMapping: 0.339000 ms MarkObjects: 8.046200 ms  DeleteObjects: 2.184700 ms)

Prepare: number of updated asset objects reloaded= 0
========================================================================
Received Prepare
AcceleratorClientConnectionCallback - disconnected - :0
[Licensing::Client] Successfully resolved entitlement details
Begin MonoManager ReloadAssembly
'Packages/com.unity.render-pipelines.core/Editor/Deprecated.cs' contains partial class of Unity.Object, exactly 1 of the partial classes needs to be in a file with the same filename. This is to know the one that can be referenced from ie. GameObjects
'Packages/com.unity.render-pipelines.core/Editor/Deprecated.cs' contains partial class of Unity.Object, exactly 1 of the partial classes needs to be in a file with the same filename. This is to know the one that can be referenced from ie. GameObjects
Refreshing native plugins compatible for Editor in 4.04 ms, found 5 plugins.
Native extension for WindowsStandalone target not found
Native extension for WebGL target not found
[Package Manager] Failed to launch server process. Reason: Unity was launched with the -noUpm command-line argument
[Package Manager] Unable to send message (not connected to server process).
[Package Manager] Cannot connect to Unity Package Manager local server
[Package Manager] Failed to launch server process. Reason: Unity was launched with the -noUpm command-line argument
[Package Manager] Unable to send message (not connected to server process).
[Package Manager] Cannot connect to Unity Package Manager local server
ScheduleIndexationOnStartup MainProcess:False IndexOnStartup:True
Scripting: successfully reloaded assembly
- Finished resetting the current domain, in  1.322 seconds
Domain Reload Profiling: 2644ms
	BeginReloadAssembly (417ms)
		DisableScriptedObjects (34ms)
		CreateAndSetChildDomain (87ms)
	RebuildCommonClasses (15ms)
	RebuildNativeTypeToScriptingClass (29ms)
	initialDomainReloadingComplete (98ms)
	LoadAllAssembliesAndSetupDomain (761ms)
		LoadAssemblies (594ms)
		TypeCache.Refresh (12ms)
		AnalyzeDomain (18ms)
			ResolveRequiredComponents (11ms)
	FinalizeReload (1324ms)
		SetupLoadedEditorAssemblies (0ms)
			LogAssemblyErrors (5ms)
			InitializePlatformSupportModulesInManaged (4ms)
			BeforeProcessingInitializeOnLoad (216ms)
			ProcessInitializeOnLoadAttributes (438ms)
			ProcessInitializeOnLoadMethodAttributes (157ms)
			AfterProcessingInitializeOnLoad (11ms)
			EditorAssembliesLoaded (3ms)
		AwakeInstancesAfterBackupRestoration (40ms)
Refreshing native plugins compatible for Editor in 3.19 ms, found 5 plugins.
Unloading 24 Unused Serialized files (Serialized files now loaded: 0)
Unloading 6986 unused Assets / (6.4 MB). Loaded Objects now: 7980.
Memory consumption went from 392.9 MB to 386.6 MB.
Total: 11.879500 ms (FindLiveObjects: 0.902200 ms CreateObjectMapping: 0.370000 ms MarkObjects: 8.148400 ms  DeleteObjects: 2.146600 ms)

Prepare: number of updated asset objects reloaded= 0
========================================================================
Received Prepare
AcceleratorClientConnectionCallback - disconnected - :0
[Licensing::Client] Successfully resolved entitlement details
Begin MonoManager ReloadAssembly
'Packages/com.unity.render-pipelines.core/Editor/Deprecated.cs' contains partial class of Unity.Object, exactly 1 of the partial classes needs to be in a file with the same filename. This is to know the one that can be referenced from ie. GameObjects
'Packages/com.unity.render-pipelines.core/Editor/Deprecated.cs' contains partial class of Unity.Object, exactly 1 of the partial classes needs to be in a file with the same filename. This is to know the one that can be referenced from ie. GameObjects
Refreshing native plugins compatible for Editor in 2.48 ms, found 5 plugins.
Native extension for WindowsStandalone target not found
Native extension for WebGL target not found
[Package Manager] Failed to launch server process. Reason: Unity was launched with the -noUpm command-line argument
[Package Manager] Unable to send message (not connected to server process).
[Package Manager] Cannot connect to Unity Package Manager local server
[Package Manager] Failed to launch server process. Reason: Unity was launched with the -noUpm command-line argument
[Package Manager] Unable to send message (not connected to server process).
[Package Manager] Cannot connect to Unity Package Manager local server
ScheduleIndexationOnStartup MainProcess:False IndexOnStartup:True
Scripting: successfully reloaded assembly
- Finished resetting the current domain, in  1.267 seconds
Domain Reload Profiling: 2556ms
	BeginReloadAssembly (393ms)
		DisableScriptedObjects (30ms)
		CreateAndSetChildDomain (85ms)
	RebuildCommonClasses (15ms)
	RebuildNativeTypeToScriptingClass (33ms)
	initialDomainReloadingComplete (93ms)
	LoadAllAssembliesAndSetupDomain (755ms)
		LoadAssemblies (583ms)
		TypeCache.Refresh (15ms)
		AnalyzeDomain (18ms)
			ResolveRequiredComponents (12ms)
	FinalizeReload (1268ms)
		SetupLoadedEditorAssemblies (0ms)
			LogAssemblyErrors (7ms)
			InitializePlatformSupportModulesInManaged (4ms)
			BeforeProcessingInitializeOnLoad (207ms)
			ProcessInitializeOnLoadAttributes (409ms)
			ProcessInitializeOnLoadMethodAttributes (169ms)
			AfterProcessingInitializeOnLoad (10ms)
		AwakeInstancesAfterBackupRestoration (37ms)
Refreshing native plugins compatible for Editor in 4.64 ms, found 5 plugins.
Unloading 24 Unused Serialized files (Serialized files now loaded: 0)
Unloading 6986 unused Assets / (5.8 MB). Loaded Objects now: 7983.
Memory consumption went from 398.3 MB to 392.5 MB.
Total: 13.841200 ms (FindLiveObjects: 1.067200 ms CreateObjectMapping: 0.432500 ms MarkObjects: 9.760200 ms  DeleteObjects: 2.265100 ms)

Prepare: number of updated asset objects reloaded= 0
========================================================================
Received Prepare
AcceleratorClientConnectionCallback - disconnected - :0
[Licensing::Client] Successfully resolved entitlement details
Begin MonoManager ReloadAssembly
'Packages/com.unity.render-pipelines.core/Editor/Deprecated.cs' contains partial class of Unity.Object, exactly 1 of the partial classes needs to be in a file with the same filename. This is to know the one that can be referenced from ie. GameObjects
'Packages/com.unity.render-pipelines.core/Editor/Deprecated.cs' contains partial class of Unity.Object, exactly 1 of the partial classes needs to be in a file with the same filename. This is to know the one that can be referenced from ie. GameObjects
Refreshing native plugins compatible for Editor in 2.74 ms, found 5 plugins.
Native extension for WindowsStandalone target not found
Native extension for WebGL target not found
[Package Manager] Failed to launch server process. Reason: Unity was launched with the -noUpm command-line argument
[Package Manager] Unable to send message (not connected to server process).
[Package Manager] Cannot connect to Unity Package Manager local server
[Package Manager] Failed to launch server process. Reason: Unity was launched with the -noUpm command-line argument
[Package Manager] Unable to send message (not connected to server process).
[Package Manager] Cannot connect to Unity Package Manager local server
ScheduleIndexationOnStartup MainProcess:False IndexOnStartup:True
Scripting: successfully reloaded assembly
- Finished resetting the current domain, in  1.242 seconds
Domain Reload Profiling: 2578ms
	BeginReloadAssembly (440ms)
		DisableScriptedObjects (37ms)
		CreateAndSetChildDomain (89ms)
	RebuildCommonClasses (20ms)
	RebuildNativeTypeToScriptingClass (30ms)
	initialDomainReloadingComplete (114ms)
	LoadAllAssembliesAndSetupDomain (730ms)
		LoadAssemblies (629ms)
		TypeCache.Refresh (10ms)
		AnalyzeDomain (13ms)
			ResolveRequiredComponents (9ms)
	FinalizeReload (1244ms)
		SetupLoadedEditorAssemblies (0ms)
			LogAssemblyErrors (5ms)
			InitializePlatformSupportModulesInManaged (4ms)
			BeforeProcessingInitializeOnLoad (186ms)
			ProcessInitializeOnLoadAttributes (403ms)
			ProcessInitializeOnLoadMethodAttributes (163ms)
			AfterProcessingInitializeOnLoad (8ms)
		AwakeInstancesAfterBackupRestoration (40ms)
Refreshing native plugins compatible for Editor in 4.29 ms, found 5 plugins.
Unloading 24 Unused Serialized files (Serialized files now loaded: 0)
Unloading 6986 unused Assets / (6.0 MB). Loaded Objects now: 7986.
Memory consumption went from 403.7 MB to 397.7 MB.
Total: 12.400700 ms (FindLiveObjects: 1.329700 ms CreateObjectMapping: 0.436200 ms MarkObjects: 8.183900 ms  DeleteObjects: 2.065900 ms)

Prepare: number of updated asset objects reloaded= 0
========================================================================
Received Prepare
AcceleratorClientConnectionCallback - disconnected - :0
Begin MonoManager ReloadAssembly
'Packages/com.unity.render-pipelines.core/Editor/Deprecated.cs' contains partial class of Unity.Object, exactly 1 of the partial classes needs to be in a file with the same filename. This is to know the one that can be referenced from ie. GameObjects
'Packages/com.unity.render-pipelines.core/Editor/Deprecated.cs' contains partial class of Unity.Object, exactly 1 of the partial classes needs to be in a file with the same filename. This is to know the one that can be referenced from ie. GameObjects
Refreshing native plugins compatible for Editor in 2.77 ms, found 5 plugins.
Native extension for WindowsStandalone target not found
Native extension for WebGL target not found
[Package Manager] Failed to launch server process. Reason: Unity was launched with the -noUpm command-line argument
[Package Manager] Unable to send message (not connected to server process).
[Package Manager] Cannot connect to Unity Package Manager local server
[Package Manager] Failed to launch server process. Reason: Unity was launched with the -noUpm command-line argument
[Package Manager] Unable to send message (not connected to server process).
[Package Manager] Cannot connect to Unity Package Manager local server
ScheduleIndexationOnStartup MainProcess:False IndexOnStartup:True
Scripting: successfully reloaded assembly
- Finished resetting the current domain, in  1.317 seconds
Domain Reload Profiling: 2635ms
	BeginReloadAssembly (488ms)
		DisableScriptedObjects (37ms)
		CreateAndSetChildDomain (113ms)
	RebuildCommonClasses (17ms)
	RebuildNativeTypeToScriptingClass (29ms)
	initialDomainReloadingComplete (95ms)
	LoadAllAssembliesAndSetupDomain (688ms)
		LoadAssemblies (562ms)
		TypeCache.Refresh (12ms)
		AnalyzeDomain (14ms)
			ResolveRequiredComponents (9ms)
	FinalizeReload (1319ms)
		SetupLoadedEditorAssemblies (0ms)
			LogAssemblyErrors (7ms)
			InitializePlatformSupportModulesInManaged (4ms)
			BeforeProcessingInitializeOnLoad (218ms)
			ProcessInitializeOnLoadAttributes (440ms)
			ProcessInitializeOnLoadMethodAttributes (193ms)
			AfterProcessingInitializeOnLoad (10ms)
			EditorAssembliesLoaded (3ms)
		AwakeInstancesAfterBackupRestoration (43ms)
Refreshing native plugins compatible for Editor in 2.63 ms, found 5 plugins.
Unloading 24 Unused Serialized files (Serialized files now loaded: 0)
Unloading 6986 unused Assets / (6.0 MB). Loaded Objects now: 7989.
Memory consumption went from 409.3 MB to 403.3 MB.
Total: 13.122000 ms (FindLiveObjects: 1.008100 ms CreateObjectMapping: 0.400800 ms MarkObjects: 9.227400 ms  DeleteObjects: 2.172800 ms)

Prepare: number of updated asset objects reloaded= 0
========================================================================
Received Prepare
AcceleratorClientConnectionCallback - disconnected - :0
[Licensing::Client] Successfully resolved entitlement details
Begin MonoManager ReloadAssembly
'Packages/com.unity.render-pipelines.core/Editor/Deprecated.cs' contains partial class of Unity.Object, exactly 1 of the partial classes needs to be in a file with the same filename. This is to know the one that can be referenced from ie. GameObjects
'Packages/com.unity.render-pipelines.core/Editor/Deprecated.cs' contains partial class of Unity.Object, exactly 1 of the partial classes needs to be in a file with the same filename. This is to know the one that can be referenced from ie. GameObjects
Refreshing native plugins compatible for Editor in 2.41 ms, found 5 plugins.
Native extension for WindowsStandalone target not found
Native extension for WebGL target not found
[Package Manager] Failed to launch server process. Reason: Unity was launched with the -noUpm command-line argument
[Package Manager] Unable to send message (not connected to server process).
[Package Manager] Cannot connect to Unity Package Manager local server
[Package Manager] Failed to launch server process. Reason: Unity was launched with the -noUpm command-line argument
[Package Manager] Unable to send message (not connected to server process).
[Package Manager] Cannot connect to Unity Package Manager local server
ScheduleIndexationOnStartup MainProcess:False IndexOnStartup:True
Scripting: successfully reloaded assembly
- Finished resetting the current domain, in  1.260 seconds
Domain Reload Profiling: 2526ms
	BeginReloadAssembly (429ms)
		DisableScriptedObjects (36ms)
		CreateAndSetChildDomain (88ms)
	RebuildCommonClasses (20ms)
	RebuildNativeTypeToScriptingClass (29ms)
	initialDomainReloadingComplete (102ms)
	LoadAllAssembliesAndSetupDomain (683ms)
		LoadAssemblies (539ms)
		TypeCache.Refresh (10ms)
		AnalyzeDomain (13ms)
			ResolveRequiredComponents (8ms)
	FinalizeReload (1262ms)
		SetupLoadedEditorAssemblies (0ms)
			LogAssemblyErrors (6ms)
			InitializePlatformSupportModulesInManaged (3ms)
			BeforeProcessingInitializeOnLoad (196ms)
			ProcessInitializeOnLoadAttributes (418ms)
			ProcessInitializeOnLoadMethodAttributes (166ms)
			AfterProcessingInitializeOnLoad (8ms)
		AwakeInstancesAfterBackupRestoration (41ms)
Refreshing native plugins compatible for Editor in 4.37 ms, found 5 plugins.
Unloading 24 Unused Serialized files (Serialized files now loaded: 0)
Unloading 6986 unused Assets / (6.8 MB). Loaded Objects now: 7992.
Memory consumption went from 414.8 MB to 408.0 MB.
Total: 14.291900 ms (FindLiveObjects: 0.964000 ms CreateObjectMapping: 0.357800 ms MarkObjects: 8.409800 ms  DeleteObjects: 4.234800 ms)

Prepare: number of updated asset objects reloaded= 0
========================================================================
Received Prepare
AcceleratorClientConnectionCallback - disconnected - :0
Begin MonoManager ReloadAssembly
'Packages/com.unity.render-pipelines.core/Editor/Deprecated.cs' contains partial class of Unity.Object, exactly 1 of the partial classes needs to be in a file with the same filename. This is to know the one that can be referenced from ie. GameObjects
'Packages/com.unity.render-pipelines.core/Editor/Deprecated.cs' contains partial class of Unity.Object, exactly 1 of the partial classes needs to be in a file with the same filename. This is to know the one that can be referenced from ie. GameObjects
Refreshing native plugins compatible for Editor in 2.94 ms, found 5 plugins.
Native extension for WindowsStandalone target not found
Native extension for WebGL target not found
[Package Manager] Failed to launch server process. Reason: Unity was launched with the -noUpm command-line argument
[Package Manager] Unable to send message (not connected to server process).
[Package Manager] Cannot connect to Unity Package Manager local server
[Package Manager] Failed to launch server process. Reason: Unity was launched with the -noUpm command-line argument
[Package Manager] Unable to send message (not connected to server process).
[Package Manager] Cannot connect to Unity Package Manager local server
ScheduleIndexationOnStartup MainProcess:False IndexOnStartup:True
Scripting: successfully reloaded assembly
- Finished resetting the current domain, in  1.304 seconds
Domain Reload Profiling: 2554ms
	BeginReloadAssembly (447ms)
		DisableScriptedObjects (36ms)
		CreateAndSetChildDomain (104ms)
	RebuildCommonClasses (20ms)
	RebuildNativeTypeToScriptingClass (36ms)
	initialDomainReloadingComplete (91ms)
	LoadAllAssembliesAndSetupDomain (655ms)
		LoadAssemblies (527ms)
		TypeCache.Refresh (10ms)
		AnalyzeDomain (15ms)
			ResolveRequiredComponents (10ms)
	FinalizeReload (1305ms)
		SetupLoadedEditorAssemblies (0ms)
			LogAssemblyErrors (5ms)
			InitializePlatformSupportModulesInManaged (4ms)
			BeforeProcessingInitializeOnLoad (229ms)
			ProcessInitializeOnLoadAttributes (430ms)
			ProcessInitializeOnLoadMethodAttributes (162ms)
			AfterProcessingInitializeOnLoad (12ms)
		AwakeInstancesAfterBackupRestoration (42ms)
Refreshing native plugins compatible for Editor in 3.08 ms, found 5 plugins.
Unloading 24 Unused Serialized files (Serialized files now loaded: 0)
Unloading 6986 unused Assets / (5.4 MB). Loaded Objects now: 7995.
Memory consumption went from 420.5 MB to 415.1 MB.
Total: 13.722200 ms (FindLiveObjects: 1.002700 ms CreateObjectMapping: 0.337700 ms MarkObjects: 9.335500 ms  DeleteObjects: 2.739500 ms)

Prepare: number of updated asset objects reloaded= 0
========================================================================
Received Prepare
AcceleratorClientConnectionCallback - disconnected - :0
Begin MonoManager ReloadAssembly
'Packages/com.unity.render-pipelines.core/Editor/Deprecated.cs' contains partial class of Unity.Object, exactly 1 of the partial classes needs to be in a file with the same filename. This is to know the one that can be referenced from ie. GameObjects
'Packages/com.unity.render-pipelines.core/Editor/Deprecated.cs' contains partial class of Unity.Object, exactly 1 of the partial classes needs to be in a file with the same filename. This is to know the one that can be referenced from ie. GameObjects
Refreshing native plugins compatible for Editor in 2.49 ms, found 5 plugins.
Native extension for WindowsStandalone target not found
Native extension for WebGL target not found
[Package Manager] Failed to launch server process. Reason: Unity was launched with the -noUpm command-line argument
[Package Manager] Unable to send message (not connected to server process).
[Package Manager] Cannot connect to Unity Package Manager local server
[Package Manager] Failed to launch server process. Reason: Unity was launched with the -noUpm command-line argument
[Package Manager] Unable to send message (not connected to server process).
[Package Manager] Cannot connect to Unity Package Manager local server
ScheduleIndexationOnStartup MainProcess:False IndexOnStartup:True
Scripting: successfully reloaded assembly
- Finished resetting the current domain, in  1.363 seconds
Domain Reload Profiling: 2638ms
	BeginReloadAssembly (437ms)
		DisableScriptedObjects (35ms)
		CreateAndSetChildDomain (103ms)
	RebuildCommonClasses (19ms)
	RebuildNativeTypeToScriptingClass (34ms)
	initialDomainReloadingComplete (104ms)
	LoadAllAssembliesAndSetupDomain (679ms)
		LoadAssemblies (541ms)
		TypeCache.Refresh (10ms)
		AnalyzeDomain (14ms)
			ResolveRequiredComponents (9ms)
	FinalizeReload (1365ms)
		SetupLoadedEditorAssemblies (0ms)
			LogAssemblyErrors (6ms)
			InitializePlatformSupportModulesInManaged (4ms)
			BeforeProcessingInitializeOnLoad (240ms)
			ProcessInitializeOnLoadAttributes (433ms)
			ProcessInitializeOnLoadMethodAttributes (188ms)
			AfterProcessingInitializeOnLoad (10ms)
		AwakeInstancesAfterBackupRestoration (45ms)
Refreshing native plugins compatible for Editor in 3.23 ms, found 5 plugins.
Unloading 24 Unused Serialized files (Serialized files now loaded: 0)
Unloading 6986 unused Assets / (6.2 MB). Loaded Objects now: 7998.
Memory consumption went from 425.9 MB to 419.7 MB.
Total: 12.741800 ms (FindLiveObjects: 1.042900 ms CreateObjectMapping: 0.559700 ms MarkObjects: 8.458200 ms  DeleteObjects: 2.363500 ms)

Prepare: number of updated asset objects reloaded= 0
========================================================================
Received Prepare
AcceleratorClientConnectionCallback - disconnected - :0
[Licensing::Client] Successfully resolved entitlement details
Begin MonoManager ReloadAssembly
'Packages/com.unity.render-pipelines.core/Editor/Deprecated.cs' contains partial class of Unity.Object, exactly 1 of the partial classes needs to be in a file with the same filename. This is to know the one that can be referenced from ie. GameObjects
'Packages/com.unity.render-pipelines.core/Editor/Deprecated.cs' contains partial class of Unity.Object, exactly 1 of the partial classes needs to be in a file with the same filename. This is to know the one that can be referenced from ie. GameObjects
Refreshing native plugins compatible for Editor in 3.81 ms, found 5 plugins.
Native extension for WindowsStandalone target not found
Native extension for WebGL target not found
[Package Manager] Failed to launch server process. Reason: Unity was launched with the -noUpm command-line argument
[Package Manager] Unable to send message (not connected to server process).
[Package Manager] Cannot connect to Unity Package Manager local server
[Package Manager] Failed to launch server process. Reason: Unity was launched with the -noUpm command-line argument
[Package Manager] Unable to send message (not connected to server process).
[Package Manager] Cannot connect to Unity Package Manager local server
ScheduleIndexationOnStartup MainProcess:False IndexOnStartup:True
Scripting: successfully reloaded assembly
- Finished resetting the current domain, in  1.259 seconds
Domain Reload Profiling: 2495ms
	BeginReloadAssembly (410ms)
		DisableScriptedObjects (34ms)
		CreateAndSetChildDomain (100ms)
	RebuildCommonClasses (18ms)
	RebuildNativeTypeToScriptingClass (28ms)
	initialDomainReloadingComplete (92ms)
	LoadAllAssembliesAndSetupDomain (686ms)
		LoadAssemblies (525ms)
		TypeCache.Refresh (11ms)
		AnalyzeDomain (16ms)
			ResolveRequiredComponents (10ms)
	FinalizeReload (1260ms)
		SetupLoadedEditorAssemblies (0ms)
			LogAssemblyErrors (5ms)
			InitializePlatformSupportModulesInManaged (3ms)
			BeforeProcessingInitializeOnLoad (203ms)
			ProcessInitializeOnLoadAttributes (409ms)
			ProcessInitializeOnLoadMethodAttributes (159ms)
			AfterProcessingInitializeOnLoad (10ms)
		AwakeInstancesAfterBackupRestoration (42ms)
Refreshing native plugins compatible for Editor in 4.05 ms, found 5 plugins.
Unloading 24 Unused Serialized files (Serialized files now loaded: 0)
Unloading 6986 unused Assets / (6.6 MB). Loaded Objects now: 8001.
Memory consumption went from 431.3 MB to 424.7 MB.
Total: 14.407600 ms (FindLiveObjects: 1.177900 ms CreateObjectMapping: 0.582300 ms MarkObjects: 8.678900 ms  DeleteObjects: 3.649400 ms)

Prepare: number of updated asset objects reloaded= 0
========================================================================
Received Prepare
AcceleratorClientConnectionCallback - disconnected - :0
[Licensing::Client] Successfully resolved entitlement details
Begin MonoManager ReloadAssembly
'Packages/com.unity.render-pipelines.core/Editor/Deprecated.cs' contains partial class of Unity.Object, exactly 1 of the partial classes needs to be in a file with the same filename. This is to know the one that can be referenced from ie. GameObjects
'Packages/com.unity.render-pipelines.core/Editor/Deprecated.cs' contains partial class of Unity.Object, exactly 1 of the partial classes needs to be in a file with the same filename. This is to know the one that can be referenced from ie. GameObjects
Refreshing native plugins compatible for Editor in 3.09 ms, found 5 plugins.
Native extension for WindowsStandalone target not found
Native extension for WebGL target not found
[Package Manager] Failed to launch server process. Reason: Unity was launched with the -noUpm command-line argument
[Package Manager] Unable to send message (not connected to server process).
[Package Manager] Cannot connect to Unity Package Manager local server
[Package Manager] Failed to launch server process. Reason: Unity was launched with the -noUpm command-line argument
[Package Manager] Unable to send message (not connected to server process).
[Package Manager] Cannot connect to Unity Package Manager local server
ScheduleIndexationOnStartup MainProcess:False IndexOnStartup:True
Scripting: successfully reloaded assembly
- Finished resetting the current domain, in  1.390 seconds
Domain Reload Profiling: 2730ms
	BeginReloadAssembly (502ms)
		DisableScriptedObjects (37ms)
		CreateAndSetChildDomain (112ms)
	RebuildCommonClasses (21ms)
	RebuildNativeTypeToScriptingClass (30ms)
	initialDomainReloadingComplete (107ms)
	LoadAllAssembliesAndSetupDomain (678ms)
		LoadAssemblies (589ms)
		TypeCache.Refresh (10ms)
		AnalyzeDomain (15ms)
			ResolveRequiredComponents (9ms)
	FinalizeReload (1391ms)
		SetupLoadedEditorAssemblies (0ms)
			LogAssemblyErrors (5ms)
			InitializePlatformSupportModulesInManaged (4ms)
			BeforeProcessingInitializeOnLoad (241ms)
			ProcessInitializeOnLoadAttributes (445ms)
			ProcessInitializeOnLoadMethodAttributes (192ms)
			AfterProcessingInitializeOnLoad (9ms)
		AwakeInstancesAfterBackupRestoration (42ms)
Refreshing native plugins compatible for Editor in 4.10 ms, found 5 plugins.
Unloading 24 Unused Serialized files (Serialized files now loaded: 0)
Unloading 6986 unused Assets / (6.7 MB). Loaded Objects now: 8004.
Memory consumption went from 436.9 MB to 430.3 MB.
Total: 12.387900 ms (FindLiveObjects: 1.148100 ms CreateObjectMapping: 0.415600 ms MarkObjects: 7.969700 ms  DeleteObjects: 2.464600 ms)

Prepare: number of updated asset objects reloaded= 0
========================================================================
Received Prepare
AcceleratorClientConnectionCallback - disconnected - :0
Refreshing native plugins compatible for Editor in 4.19 ms, found 5 plugins.
Unloading 24 Unused Serialized files (Serialized files now loaded: 0)
Unloading 24 unused Assets / (3.0 MB). Loaded Objects now: 8004.
Memory consumption went from 435.1 MB to 432.1 MB.
Total: 14.124500 ms (FindLiveObjects: 1.181800 ms CreateObjectMapping: 0.236700 ms MarkObjects: 11.245300 ms  DeleteObjects: 1.030100 ms)

Prepare: number of updated asset objects reloaded= 0
========================================================================
Received Prepare
AcceleratorClientConnectionCallback - disconnected - :0
[Licensing::Client] Successfully resolved entitlement details
Begin MonoManager ReloadAssembly
'Packages/com.unity.render-pipelines.core/Editor/Deprecated.cs' contains partial class of Unity.Object, exactly 1 of the partial classes needs to be in a file with the same filename. This is to know the one that can be referenced from ie. GameObjects
'Packages/com.unity.render-pipelines.core/Editor/Deprecated.cs' contains partial class of Unity.Object, exactly 1 of the partial classes needs to be in a file with the same filename. This is to know the one that can be referenced from ie. GameObjects
Refreshing native plugins compatible for Editor in 3.33 ms, found 5 plugins.
Native extension for WindowsStandalone target not found
Native extension for WebGL target not found
[Package Manager] Failed to launch server process. Reason: Unity was launched with the -noUpm command-line argument
[Package Manager] Unable to send message (not connected to server process).
[Package Manager] Cannot connect to Unity Package Manager local server
[Package Manager] Failed to launch server process. Reason: Unity was launched with the -noUpm command-line argument
[Package Manager] Unable to send message (not connected to server process).
[Package Manager] Cannot connect to Unity Package Manager local server
ScheduleIndexationOnStartup MainProcess:False IndexOnStartup:True
Scripting: successfully reloaded assembly
- Finished resetting the current domain, in  1.235 seconds
Domain Reload Profiling: 2544ms
	BeginReloadAssembly (401ms)
		DisableScriptedObjects (33ms)
		CreateAndSetChildDomain (90ms)
	RebuildCommonClasses (17ms)
	RebuildNativeTypeToScriptingClass (32ms)
	initialDomainReloadingComplete (108ms)
	LoadAllAssembliesAndSetupDomain (750ms)
		LoadAssemblies (570ms)
		TypeCache.Refresh (16ms)
		AnalyzeDomain (18ms)
			ResolveRequiredComponents (12ms)
	FinalizeReload (1237ms)
		SetupLoadedEditorAssemblies (0ms)
			LogAssemblyErrors (7ms)
			InitializePlatformSupportModulesInManaged (4ms)
			BeforeProcessingInitializeOnLoad (214ms)
			ProcessInitializeOnLoadAttributes (387ms)
			ProcessInitializeOnLoadMethodAttributes (161ms)
			AfterProcessingInitializeOnLoad (9ms)
		AwakeInstancesAfterBackupRestoration (40ms)
Refreshing native plugins compatible for Editor in 2.96 ms, found 5 plugins.
Unloading 24 Unused Serialized files (Serialized files now loaded: 0)
Unloading 6986 unused Assets / (6.1 MB). Loaded Objects now: 8007.
Memory consumption went from 445.9 MB to 439.8 MB.
Total: 15.893000 ms (FindLiveObjects: 1.255100 ms CreateObjectMapping: 0.414300 ms MarkObjects: 10.817000 ms  DeleteObjects: 3.092100 ms)

Prepare: number of updated asset objects reloaded= 0
========================================================================
Received Prepare
AcceleratorClientConnectionCallback - disconnected - :0
Begin MonoManager ReloadAssembly
'Packages/com.unity.render-pipelines.core/Editor/Deprecated.cs' contains partial class of Unity.Object, exactly 1 of the partial classes needs to be in a file with the same filename. This is to know the one that can be referenced from ie. GameObjects
'Packages/com.unity.render-pipelines.core/Editor/Deprecated.cs' contains partial class of Unity.Object, exactly 1 of the partial classes needs to be in a file with the same filename. This is to know the one that can be referenced from ie. GameObjects
Refreshing native plugins compatible for Editor in 3.48 ms, found 5 plugins.
Native extension for WindowsStandalone target not found
Native extension for WebGL target not found
[Package Manager] Failed to launch server process. Reason: Unity was launched with the -noUpm command-line argument
[Package Manager] Unable to send message (not connected to server process).
[Package Manager] Cannot connect to Unity Package Manager local server
[Package Manager] Failed to launch server process. Reason: Unity was launched with the -noUpm command-line argument
[Package Manager] Unable to send message (not connected to server process).
[Package Manager] Cannot connect to Unity Package Manager local server
ScheduleIndexationOnStartup MainProcess:False IndexOnStartup:True
Scripting: successfully reloaded assembly
- Finished resetting the current domain, in  1.325 seconds
Domain Reload Profiling: 2613ms
	BeginReloadAssembly (438ms)
		DisableScriptedObjects (32ms)
		CreateAndSetChildDomain (102ms)
	RebuildCommonClasses (16ms)
	RebuildNativeTypeToScriptingClass (35ms)
	initialDomainReloadingComplete (97ms)
	LoadAllAssembliesAndSetupDomain (701ms)
		LoadAssemblies (537ms)
		TypeCache.Refresh (9ms)
		AnalyzeDomain (13ms)
			ResolveRequiredComponents (9ms)
	FinalizeReload (1326ms)
		SetupLoadedEditorAssemblies (0ms)
			LogAssemblyErrors (5ms)
			InitializePlatformSupportModulesInManaged (3ms)
			BeforeProcessingInitializeOnLoad (236ms)
			ProcessInitializeOnLoadAttributes (447ms)
			ProcessInitializeOnLoadMethodAttributes (161ms)
			AfterProcessingInitializeOnLoad (11ms)
			EditorAssembliesLoaded (3ms)
		AwakeInstancesAfterBackupRestoration (39ms)
Refreshing native plugins compatible for Editor in 3.80 ms, found 5 plugins.
Unloading 24 Unused Serialized files (Serialized files now loaded: 0)
Unloading 6986 unused Assets / (6.7 MB). Loaded Objects now: 8010.
Memory consumption went from 451.4 MB to 444.7 MB.
Total: 12.712300 ms (FindLiveObjects: 1.570500 ms CreateObjectMapping: 0.440100 ms MarkObjects: 8.066800 ms  DeleteObjects: 2.324700 ms)

Prepare: number of updated asset objects reloaded= 0
========================================================================
Received Prepare
AcceleratorClientConnectionCallback - disconnected - :0
[Licensing::Client] Successfully resolved entitlement details
Begin MonoManager ReloadAssembly
'Packages/com.unity.render-pipelines.core/Editor/Deprecated.cs' contains partial class of Unity.Object, exactly 1 of the partial classes needs to be in a file with the same filename. This is to know the one that can be referenced from ie. GameObjects
'Packages/com.unity.render-pipelines.core/Editor/Deprecated.cs' contains partial class of Unity.Object, exactly 1 of the partial classes needs to be in a file with the same filename. This is to know the one that can be referenced from ie. GameObjects
Refreshing native plugins compatible for Editor in 2.31 ms, found 5 plugins.
Native extension for WindowsStandalone target not found
Native extension for WebGL target not found
[Package Manager] Failed to launch server process. Reason: Unity was launched with the -noUpm command-line argument
[Package Manager] Unable to send message (not connected to server process).
[Package Manager] Cannot connect to Unity Package Manager local server
[Package Manager] Failed to launch server process. Reason: Unity was launched with the -noUpm command-line argument
[Package Manager] Unable to send message (not connected to server process).
[Package Manager] Cannot connect to Unity Package Manager local server
ScheduleIndexationOnStartup MainProcess:False IndexOnStartup:True
Scripting: successfully reloaded assembly
- Finished resetting the current domain, in  1.237 seconds
Domain Reload Profiling: 2554ms
	BeginReloadAssembly (419ms)
		DisableScriptedObjects (33ms)
		CreateAndSetChildDomain (95ms)
	RebuildCommonClasses (16ms)
	RebuildNativeTypeToScriptingClass (28ms)
	initialDomainReloadingComplete (94ms)
	LoadAllAssembliesAndSetupDomain (758ms)
		LoadAssemblies (577ms)
		TypeCache.Refresh (14ms)
		AnalyzeDomain (16ms)
			ResolveRequiredComponents (9ms)
	FinalizeReload (1239ms)
		SetupLoadedEditorAssemblies (0ms)
			LogAssemblyErrors (6ms)
			InitializePlatformSupportModulesInManaged (5ms)
			BeforeProcessingInitializeOnLoad (200ms)
			ProcessInitializeOnLoadAttributes (433ms)
			ProcessInitializeOnLoadMethodAttributes (151ms)
			AfterProcessingInitializeOnLoad (10ms)
		AwakeInstancesAfterBackupRestoration (37ms)
Refreshing native plugins compatible for Editor in 3.92 ms, found 5 plugins.
Unloading 24 Unused Serialized files (Serialized files now loaded: 0)
Unloading 6986 unused Assets / (6.2 MB). Loaded Objects now: 8013.
Memory consumption went from 456.9 MB to 450.7 MB.
Total: 14.744400 ms (FindLiveObjects: 1.445600 ms CreateObjectMapping: 0.621700 ms MarkObjects: 9.176700 ms  DeleteObjects: 3.190300 ms)

Prepare: number of updated asset objects reloaded= 0
========================================================================
Received Import Request.
  Time of request: 2026-09-30T10:20:35.0916316Z
  Time since last request: 2507.95121930000005 seconds.
  importAddress: GUID: 95955d85f35be20478f4d7c4e396e970 - Path: Assets/brackeys_platformer_assets/sprites/coin.png - Importer: PreviewImporter
Importing 'GUID: 95955d85f35be20478f4d7c4e396e970 - Path: Assets/brackeys_platformer_assets/sprites/coin.png - Importer: PreviewImporter' with importer (PreviewImporter)
Imported 'GUID: 95955d85f35be20478f4d7c4e396e970' -> (Import Result ID: '9179d8c15683b13e9c951c60b6bb88ae') in 0.629 seconds [static and dynamic dependencies]. Details - ImportResultOutputID=d47c0423b1ef39e66dcd98efcb111960 DependenciesID=9adb96b7561921caec7294af1b0bf01c StaticDependenciesID=b392d3fffc8d629a0f9134c70cd22bb5 
Number of updated asset objects reloaded before import = 0
Number of asset objects unloaded after import = 14
========================================================================
Received Import Request.
  Time of request: 2026-09-30T10:20:38.0961474Z
  Time since last request: 2.3360155 seconds.
  importAddress: GUID: 430b91cad5bcd3541a45733ab7311d9a - Path: Assets/brackeys_platformer_assets/sprites/fruit.png - Importer: PreviewImporter
Importing 'GUID: 430b91cad5bcd3541a45733ab7311d9a - Path: Assets/brackeys_platformer_assets/sprites/fruit.png - Importer: PreviewImporter' with importer (PreviewImporter)
Imported 'GUID: 430b91cad5bcd3541a45733ab7311d9a' -> (Import Result ID: 'd081c6ff8f02aa3a8a101a79d17bd287') in 0.060 seconds [static and dynamic dependencies]. Details - ImportResultOutputID=6479e44f5d4a6b5529ec97377cac456c DependenciesID=3d45ba6b46131426912ee31add15ab35 StaticDependenciesID=6cdf91ac01a549507b887176eeeb95d1 
Number of updated asset objects reloaded before import = 0
Number of asset objects unloaded after import = 14
========================================================================
Received Import Request.
  Time of request: 2026-09-30T10:20:39.9726261Z
  Time since last request: 1.7851446 seconds.
  importAddress: GUID: 99c067491c239ff45b2455fda4b381bd - Path: Assets/brackeys_platformer_assets/sprites/knight.png - Importer: PreviewImporter
Importing 'GUID: 99c067491c239ff45b2455fda4b381bd - Path: Assets/brackeys_platformer_assets/sprites/knight.png - Importer: PreviewImporter' with importer (PreviewImporter)
Imported 'GUID: 99c067491c239ff45b2455fda4b381bd' -> (Import Result ID: '851973b7b517e16976f2b56ece5b37ad') in 0.168 seconds [static and dynamic dependencies]. Details - ImportResultOutputID=6bff7f6886e52d97f54ac684adf988a3 DependenciesID=c39f4662280a286ee867955de17bcb16 StaticDependenciesID=8db778a15a703a0da5192041bf3b528c 
Number of updated asset objects reloaded before import = 0
Number of asset objects unloaded after import = 49
========================================================================
Received Import Request.
  Time of request: 2026-09-30T10:20:55.3687682Z
  Time since last request: 15.2002098 seconds.
  importAddress: GUID: 0ae2b74b1edd14bb18dd7b65ae916a54 - Path: Packages/com.unity.2d.spriteshape/Editor/ObjectMenuCreation/DefaultAssets/Sprite Shapes/SpriteShapeEdge.png - Importer: PreviewImporter
Importing 'GUID: 0ae2b74b1edd14bb18dd7b65ae916a54 - Path: Packages/com.unity.2d.spriteshape/Editor/ObjectMenuCreation/DefaultAssets/Sprite Shapes/SpriteShapeEdge.png - Importer: PreviewImporter' with importer (PreviewImporter)
Imported 'GUID: 0ae2b74b1edd14bb18dd7b65ae916a54' -> (Import Result ID: '9ef7115cbc3c404913d7f9129d94faf3') in 0.172 seconds [static and dynamic dependencies]. Details - ImportResultOutputID=cd7c52807836e3ba6fcaac03afef9d91 DependenciesID=74275e93628d8e6a9cac72c7a2929ac7 StaticDependenciesID=1f564333d4eab5aee8585878d35a1a0a 
Number of updated asset objects reloaded before import = 0
Number of asset objects unloaded after import = 3
========================================================================
Received Import Request.
  Time of request: 2026-09-30T10:20:55.5704183Z
  Time since last request: 0.0014409 seconds.
  importAddress: GUID: ee5df01235032491c8b180741ea820fe - Path: Packages/com.unity.2d.spriteshape/Editor/Handles/ss_rightrange.png - Importer: PreviewImporter
Importing 'GUID: ee5df01235032491c8b180741ea820fe - Path: Packages/com.unity.2d.spriteshape/Editor/Handles/ss_rightrange.png - Importer: PreviewImporter' with importer (PreviewImporter)
Imported 'GUID: ee5df01235032491c8b180741ea820fe' -> (Import Result ID: '1743c838b381e15df8ebaaffab9ebc51') in 0.014 seconds [static and dynamic dependencies]. Details - ImportResultOutputID=6b4030aea22f82489a6957e66cebb4ec DependenciesID=16ea55f757e1a8bdbbed037ab2138424 StaticDependenciesID=6068775eec9b589b0205177a2d4480ef 
Number of updated asset objects reloaded before import = 0
Number of asset objects unloaded after import = 3
========================================================================
Received Import Request.
  Time of request: 2026-09-30T10:20:55.6165689Z
  Time since last request: 0.0013872 seconds.
  importAddress: GUID: db750325989564987a34393247d883b4 - Path: Packages/com.unity.2d.sprite/Editor/ObjectMenuCreation/DefaultAssets/Textures/SquareWithBorder.png - Importer: PreviewImporter
Importing 'GUID: db750325989564987a34393247d883b4 - Path: Packages/com.unity.2d.sprite/Editor/ObjectMenuCreation/DefaultAssets/Textures/SquareWithBorder.png - Importer: PreviewImporter' with importer (PreviewImporter)
Imported 'GUID: db750325989564987a34393247d883b4' -> (Import Result ID: 'c5025a8b1d26446c0857d5524b7f4fd6') in 0.018 seconds [static and dynamic dependencies]. Details - ImportResultOutputID=47e119a232fd81c954407536e109cde4 DependenciesID=c10c7de4be5c5f640c03d9f173c83a43 StaticDependenciesID=81ecd4d38b717986985d470c0115e575 
Number of updated asset objects reloaded before import = 0
Number of asset objects unloaded after import = 3
========================================================================
Received Import Request.
  Time of request: 2026-09-30T10:20:55.6592947Z
  Time since last request: 0.001457 seconds.
  importAddress: GUID: 9417efc47083f4a1598c1966a6345cdb - Path: Packages/com.unity.2d.spriteshape/Editor/Handles/ss_leftrange.png - Importer: PreviewImporter
Importing 'GUID: 9417efc47083f4a1598c1966a6345cdb - Path: Packages/com.unity.2d.spriteshape/Editor/Handles/ss_leftrange.png - Importer: PreviewImporter' with importer (PreviewImporter)
Imported 'GUID: 9417efc47083f4a1598c1966a6345cdb' -> (Import Result ID: 'e92b53d420c3437ce2eefcc2c03b06b4') in 0.015 seconds [static and dynamic dependencies]. Details - ImportResultOutputID=73e94cffb3f3867d820d94f3b7dd9c89 DependenciesID=79f9ba9d34949f1716f1162bed30337e StaticDependenciesID=b2edb7679d1e60843e3d83a293790e03 
Number of updated asset objects reloaded before import = 0
Number of asset objects unloaded after import = 3
========================================================================
Received Import Request.
  Time of request: 2026-09-30T10:20:55.697724Z
  Time since last request: 0.0006501 seconds.
  importAddress: GUID: fe95aee6edcd44a18bb5f5ff8269e300 - Path: Packages/com.unity.2d.common/Path/Editor/Handles/TangentBroken.png - Importer: PreviewImporter
Importing 'GUID: fe95aee6edcd44a18bb5f5ff8269e300 - Path: Packages/com.unity.2d.common/Path/Editor/Handles/TangentBroken.png - Importer: PreviewImporter' with importer (PreviewImporter)
Imported 'GUID: fe95aee6edcd44a18bb5f5ff8269e300' -> (Import Result ID: 'f9de7a2a3b14ee7d54187c282bb458be') in 0.053 seconds [static and dynamic dependencies]. Details - ImportResultOutputID=a0436f5a06edf754e10546cc4f7111df DependenciesID=55e8e0890d926131045ac37965564bf5 StaticDependenciesID=ce2f679acbcd9872332315af007060c6 
Number of updated asset objects reloaded before import = 0
Number of asset objects unloaded after import = 3
========================================================================
Received Import Request.
  Time of request: 2026-09-30T10:20:55.7737776Z
  Time since last request: 0.0011832 seconds.
  importAddress: GUID: 311925a002f4447b3a28927169b83ea6 - Path: Packages/com.unity.2d.sprite/Editor/ObjectMenuCreation/DefaultAssets/Textures/v2/Square.png - Importer: PreviewImporter
Importing 'GUID: 311925a002f4447b3a28927169b83ea6 - Path: Packages/com.unity.2d.sprite/Editor/ObjectMenuCreation/DefaultAssets/Textures/v2/Square.png - Importer: PreviewImporter' with importer (PreviewImporter)
Imported 'GUID: 311925a002f4447b3a28927169b83ea6' -> (Import Result ID: 'b1d5de6567ebe8982c6f8cca9e614387') in 0.015 seconds [static and dynamic dependencies]. Details - ImportResultOutputID=1c1da05b7d621f739545de63286cc42c DependenciesID=fbd296eb0525dec12dd162163a5521b7 StaticDependenciesID=4cfdb2e2e46b13d63809b8cbbd2efc3b 
Number of updated asset objects reloaded before import = 0
Number of asset objects unloaded after import = 3
========================================================================
Received Import Request.
  Time of request: 2026-09-30T10:20:55.8163366Z
  Time since last request: 0.0013269 seconds.
  importAddress: GUID: 9ea72647c24be493ba6f15a9cd2a24ae - Path: Packages/com.unity.2d.spriteshape/Editor/Handles/ss_playhead.png - Importer: PreviewImporter
Importing 'GUID: 9ea72647c24be493ba6f15a9cd2a24ae - Path: Packages/com.unity.2d.spriteshape/Editor/Handles/ss_playhead.png - Importer: PreviewImporter' with importer (PreviewImporter)
Imported 'GUID: 9ea72647c24be493ba6f15a9cd2a24ae' -> (Import Result ID: '4dfd66338c3353efd83081f05ec97657') in 0.053 seconds [static and dynamic dependencies]. Details - ImportResultOutputID=f7e87f2d0cc23639a9cfcc4c1ec21ba3 DependenciesID=881236d8100e6dd99862f1bcdd01e0c8 StaticDependenciesID=5188c40fefd714f5dc7711a150eaeaea 
Number of updated asset objects reloaded before import = 0
Number of asset objects unloaded after import = 3
========================================================================
Received Import Request.
  Time of request: 2026-09-30T10:20:56.3356175Z
  Time since last request: 0.4436369 seconds.
  importAddress: GUID: f180c07cee9924980a0af50a95afe6b2 - Path: Packages/com.unity.2d.common/Path/Editor/Handles/TangentContinuous.png - Importer: PreviewImporter
Importing 'GUID: f180c07cee9924980a0af50a95afe6b2 - Path: Packages/com.unity.2d.common/Path/Editor/Handles/TangentContinuous.png - Importer: PreviewImporter' with importer (PreviewImporter)
Imported 'GUID: f180c07cee9924980a0af50a95afe6b2' -> (Import Result ID: '218f9926957e47b4c9afb68f1efef358') in 0.010 seconds [static and dynamic dependencies]. Details - ImportResultOutputID=2155516497697b2b7aa603b6d8ce46e8 DependenciesID=c4ff5060dcaccfe848e4af02e832dec2 StaticDependenciesID=0cb9b67302aefa12a289b8d57761b408 
Number of updated asset objects reloaded before import = 0
Number of asset objects unloaded after import = 3
========================================================================
Received Import Request.
  Time of request: 2026-09-30T10:20:56.3740246Z
  Time since last request: 0.0010318 seconds.
  importAddress: GUID: 5315c047999aa4d869298f6988dfeb30 - Path: Packages/com.unity.2d.common/Path/Editor/Handles/TangentLinearPro.png - Importer: PreviewImporter
Importing 'GUID: 5315c047999aa4d869298f6988dfeb30 - Path: Packages/com.unity.2d.common/Path/Editor/Handles/TangentLinearPro.png - Importer: PreviewImporter' with importer (PreviewImporter)
Imported 'GUID: 5315c047999aa4d869298f6988dfeb30' -> (Import Result ID: '0d004248dd499e422f1e578e8190506d') in 0.008 seconds [static and dynamic dependencies]. Details - ImportResultOutputID=424254516ec534b1840b91330107a4cc DependenciesID=c5e5e9c749ef21e076cc0fc1d6f1a6f6 StaticDependenciesID=cc2651d9e09b6648f033352340771545 
Number of updated asset objects reloaded before import = 0
Number of asset objects unloaded after import = 3
========================================================================
Received Import Request.
  Time of request: 2026-09-30T10:20:56.4050037Z
  Time since last request: 0.0007857 seconds.
  importAddress: GUID: d5e72ab52355f594fb3b3ba0deba9b4a - Path: Packages/com.unity.2d.tilemap/Editor/Icons/Tilemap.BrushPicks.png - Importer: PreviewImporter
Importing 'GUID: d5e72ab52355f594fb3b3ba0deba9b4a - Path: Packages/com.unity.2d.tilemap/Editor/Icons/Tilemap.BrushPicks.png - Importer: PreviewImporter' with importer (PreviewImporter)
Imported 'GUID: d5e72ab52355f594fb3b3ba0deba9b4a' -> (Import Result ID: '124afaac6d90bb981da775093b5d9163') in 0.010 seconds [static and dynamic dependencies]. Details - ImportResultOutputID=cfc55ed461f2a949394caa89cf2e3242 DependenciesID=c40558d28681cfd69282c2d9f1979d2e StaticDependenciesID=0cd86e88fafbfd5efcfad2e9fa6e416a 
Number of updated asset objects reloaded before import = 0
Number of asset objects unloaded after import = 3
========================================================================
Received Import Request.
  Time of request: 2026-09-30T10:20:56.4363455Z
  Time since last request: 0.0007135 seconds.
  importAddress: GUID: 70769958773904c02bc91efe3db06047 - Path: Packages/com.unity.2d.common/Path/Editor/Handles/TangentLinear.png - Importer: PreviewImporter
Importing 'GUID: 70769958773904c02bc91efe3db06047 - Path: Packages/com.unity.2d.common/Path/Editor/Handles/TangentLinear.png - Importer: PreviewImporter' with importer (PreviewImporter)
Imported 'GUID: 70769958773904c02bc91efe3db06047' -> (Import Result ID: '6064ccd896216ff452a525156be0f7b1') in 0.011 seconds [static and dynamic dependencies]. Details - ImportResultOutputID=bd1c5379fd3a3ac26ac9c23874b5e0e1 DependenciesID=8f03bd72638e9949ac4cd89aa1b68f8a StaticDependenciesID=a500ba1c2861619706c9c67eed750fde 
Number of updated asset objects reloaded before import = 0
Number of asset objects unloaded after import = 3
========================================================================
Received Import Request.
  Time of request: 2026-09-30T10:20:56.5736552Z
  Time since last request: 0.102894 seconds.
  importAddress: GUID: 7befde712044bf34d8d765aba01a52c9 - Path: Packages/com.unity.2d.tilemap/Editor/Icons/Tilemap.BrushPicks@2x.png - Importer: PreviewImporter
Importing 'GUID: 7befde712044bf34d8d765aba01a52c9 - Path: Packages/com.unity.2d.tilemap/Editor/Icons/Tilemap.BrushPicks@2x.png - Importer: PreviewImporter' with importer (PreviewImporter)
Imported 'GUID: 7befde712044bf34d8d765aba01a52c9' -> (Import Result ID: '68943178c07161b0ff0a5773618b0852') in 0.017 seconds [static and dynamic dependencies]. Details - ImportResultOutputID=e277530b33c4db7481a568ed87c1b0bc DependenciesID=5135822c3187963578ad56abbf2c3e32 StaticDependenciesID=69c984b8ce76839d6e8fad0af3c18c2e 
Number of updated asset objects reloaded before import = 0
Number of asset objects unloaded after import = 3
========================================================================
Received Import Request.
  Time of request: 2026-09-30T10:20:57.0163563Z
  Time since last request: 0.4043102 seconds.
  importAddress: GUID: 7a17912541de348408b722a40b972ea3 - Path: Packages/com.unity.2d.tilemap/Editor/Icons/Tilemap.BrushSettings.png - Importer: PreviewImporter
Importing 'GUID: 7a17912541de348408b722a40b972ea3 - Path: Packages/com.unity.2d.tilemap/Editor/Icons/Tilemap.BrushSettings.png - Importer: PreviewImporter' with importer (PreviewImporter)
Imported 'GUID: 7a17912541de348408b722a40b972ea3' -> (Import Result ID: 'f542870003de1ca0a6786aa199f9e5b8') in 0.017 seconds [static and dynamic dependencies]. Details - ImportResultOutputID=fc9fb17f247845f45c7e88b811642c7b DependenciesID=12dc811a9a7f7805632c1adafaa15cfb StaticDependenciesID=4a2682e232ec8b691f69a45735d4df03 
Number of updated asset objects reloaded before import = 0
Number of asset objects unloaded after import = 3
========================================================================
Received Import Request.
  Time of request: 2026-09-30T10:20:57.0989236Z
  Time since last request: 0.0402063 seconds.
  importAddress: GUID: ff827e3a021bd1b4493ddbcd90ed460f - Path: Packages/com.unity.2d.tilemap/Editor/Icons/Tilemap.BrushSettings@4x.png - Importer: PreviewImporter
Importing 'GUID: ff827e3a021bd1b4493ddbcd90ed460f - Path: Packages/com.unity.2d.tilemap/Editor/Icons/Tilemap.BrushSettings@4x.png - Importer: PreviewImporter' with importer (PreviewImporter)
Imported 'GUID: ff827e3a021bd1b4493ddbcd90ed460f' -> (Import Result ID: 'c798e0ae288cc014f8d6bf8d7c509bbe') in 0.010 seconds [static and dynamic dependencies]. Details - ImportResultOutputID=c1dc47fdf4b6679e562b965547605dd1 DependenciesID=e3971fa81a9adaa35698f798d5cf28f4 StaticDependenciesID=ee7333fee982bd14418a9278d5bd8847 
Number of updated asset objects reloaded before import = 0
Number of asset objects unloaded after import = 3
========================================================================
Received Import Request.
  Time of request: 2026-09-30T10:20:57.1347171Z
  Time since last request: 0.0021484 seconds.
  importAddress: GUID: 53439e5dcebe4d74e8358cf7104c4666 - Path: Packages/com.unity.2d.tilemap/Editor/Icons/Tilemap.DefaultBrush.png - Importer: PreviewImporter
Importing 'GUID: 53439e5dcebe4d74e8358cf7104c4666 - Path: Packages/com.unity.2d.tilemap/Editor/Icons/Tilemap.DefaultBrush.png - Importer: PreviewImporter' with importer (PreviewImporter)
Imported 'GUID: 53439e5dcebe4d74e8358cf7104c4666' -> (Import Result ID: '6f84e0172ae86d6d7da34a4f61e5e82e') in 0.055 seconds [static and dynamic dependencies]. Details - ImportResultOutputID=99cbef5a00b013332138d8218faee1e7 DependenciesID=0df472ca06aa1271e81664aa2e8d153d StaticDependenciesID=b8e594e460fe61cfdddcd331f98ea3b8 
Number of updated asset objects reloaded before import = 0
Number of asset objects unloaded after import = 3
========================================================================
Received Import Request.
  Time of request: 2026-09-30T10:20:57.4400903Z
  Time since last request: 0.2262874 seconds.
  importAddress: GUID: 9182e08d6d8be424a98050562de5b053 - Path: Packages/com.unity.2d.tilemap/Editor/Icons/Tilemap.DefaultBrush@2x.png - Importer: PreviewImporter
Importing 'GUID: 9182e08d6d8be424a98050562de5b053 - Path: Packages/com.unity.2d.tilemap/Editor/Icons/Tilemap.DefaultBrush@2x.png - Importer: PreviewImporter' with importer (PreviewImporter)
Imported 'GUID: 9182e08d6d8be424a98050562de5b053' -> (Import Result ID: '7cc6dc0fb1b3da9ad209db9e3ddc21cc') in 0.015 seconds [static and dynamic dependencies]. Details - ImportResultOutputID=4edde99d321a879c763aef9436eb12bb DependenciesID=f849777e0dc5f4d655506edcbdbd7c7a StaticDependenciesID=fe3d2a78eae3ea0992ef2de607a44e14 
Number of updated asset objects reloaded before import = 0
Number of asset objects unloaded after import = 3
========================================================================
Received Import Request.
  Time of request: 2026-09-30T10:20:57.4765621Z
  Time since last request: 0.0009172 seconds.
  importAddress: GUID: 4858e04232af5e340922812cd3697086 - Path: Packages/com.unity.2d.tilemap/Editor/Icons/Tilemap.EditPalette.png - Importer: PreviewImporter
Importing 'GUID: 4858e04232af5e340922812cd3697086 - Path: Packages/com.unity.2d.tilemap/Editor/Icons/Tilemap.EditPalette.png - Importer: PreviewImporter' with importer (PreviewImporter)
Imported 'GUID: 4858e04232af5e340922812cd3697086' -> (Import Result ID: '8fb49e01ed2243e816ad014a1a7c0965') in 0.014 seconds [static and dynamic dependencies]. Details - ImportResultOutputID=9dd8225865fede8741bd254bd65f6485 DependenciesID=9cacb31a0250a7fe3eff986f1d891665 StaticDependenciesID=e905b99a185d4d5b3cee2cefd12acc37 
Number of updated asset objects reloaded before import = 0
Number of asset objects unloaded after import = 3
========================================================================
Received Import Request.
  Time of request: 2026-09-30T10:20:57.5114173Z
  Time since last request: 0.0014283 seconds.
  importAddress: GUID: 0838dba95105e7148a96012c2778a2d5 - Path: Packages/com.unity.2d.tilemap/Editor/Icons/Tilemap.FocusGrid.png - Importer: PreviewImporter
Importing 'GUID: 0838dba95105e7148a96012c2778a2d5 - Path: Packages/com.unity.2d.tilemap/Editor/Icons/Tilemap.FocusGrid.png - Importer: PreviewImporter' with importer (PreviewImporter)
Imported 'GUID: 0838dba95105e7148a96012c2778a2d5' -> (Import Result ID: '9986aa42a2e8c0d0d8f9a72e4234562b') in 0.009 seconds [static and dynamic dependencies]. Details - ImportResultOutputID=d52659ab71d4c53a633802e89eea35c2 DependenciesID=6f4b32743a449e47e8cc98068b44636a StaticDependenciesID=216260202d28d0719fe70dcc765cc34d 
Number of updated asset objects reloaded before import = 0
Number of asset objects unloaded after import = 3
========================================================================
Received Import Request.
  Time of request: 2026-09-30T10:20:57.5411501Z
  Time since last request: 0.0008282 seconds.
  importAddress: GUID: a1bd3db90f5f7314e822ba2e38f901c6 - Path: Packages/com.unity.2d.tilemap/Editor/Icons/Tilemap.FocusGrid@4x.png - Importer: PreviewImporter
Importing 'GUID: a1bd3db90f5f7314e822ba2e38f901c6 - Path: Packages/com.unity.2d.tilemap/Editor/Icons/Tilemap.FocusGrid@4x.png - Importer: PreviewImporter' with importer (PreviewImporter)
Imported 'GUID: a1bd3db90f5f7314e822ba2e38f901c6' -> (Import Result ID: 'ec89792da7692db5a09b18e42ea5e10c') in 0.012 seconds [static and dynamic dependencies]. Details - ImportResultOutputID=c0adc2f880eab73d1dd1984b5d2df0c8 DependenciesID=fb52d808ce7e6e19ef572e80ecbab2f4 StaticDependenciesID=f8ff01219bf4642c694a8d299428a3f8 
Number of updated asset objects reloaded before import = 0
Number of asset objects unloaded after import = 3
========================================================================
Received Import Request.
  Time of request: 2026-09-30T10:20:57.5719833Z
  Time since last request: 0.0004221 seconds.
  importAddress: GUID: 592cc37b962a5604599e514ecc35f4b2 - Path: Packages/com.unity.2d.tilemap/Editor/Icons/Tilemap.FocusNone.png - Importer: PreviewImporter
Importing 'GUID: 592cc37b962a5604599e514ecc35f4b2 - Path: Packages/com.unity.2d.tilemap/Editor/Icons/Tilemap.FocusNone.png - Importer: PreviewImporter' with importer (PreviewImporter)
Imported 'GUID: 592cc37b962a5604599e514ecc35f4b2' -> (Import Result ID: '3118bc6b60983dc5e671294ecb27c2b5') in 0.013 seconds [static and dynamic dependencies]. Details - ImportResultOutputID=d2da433c40070d9fc8db61680e382b27 DependenciesID=03b0deabd130c448efaf9f7c79622545 StaticDependenciesID=bb3ba1293e736787240e5407a7b5108c 
Number of updated asset objects reloaded before import = 0
Number of asset objects unloaded after import = 3
========================================================================
Received Import Request.
  Time of request: 2026-09-30T10:20:57.6389981Z
  Time since last request: 0.0333493 seconds.
  importAddress: GUID: 070c631c5a8d05e41baf0a64b742067d - Path: Packages/com.unity.2d.tilemap/Editor/Icons/Tilemap.FocusNone@4x.png - Importer: PreviewImporter
Importing 'GUID: 070c631c5a8d05e41baf0a64b742067d - Path: Packages/com.unity.2d.tilemap/Editor/Icons/Tilemap.FocusNone@4x.png - Importer: PreviewImporter' with importer (PreviewImporter)
Imported 'GUID: 070c631c5a8d05e41baf0a64b742067d' -> (Import Result ID: '98b5a6519f146b369b0652211e0a930e') in 0.014 seconds [static and dynamic dependencies]. Details - ImportResultOutputID=0a560fb9fbec75094a4708e2eb9494a0 DependenciesID=a29d025927de566d55def038d5dcc1bc StaticDependenciesID=20f7b1e51f6643e5b30314e2c7c8f870 
Number of updated asset objects reloaded before import = 0
Number of asset objects unloaded after import = 3
========================================================================
Received Import Request.
  Time of request: 2026-09-30T10:20:57.7489456Z
  Time since last request: 0.0759367 seconds.
  importAddress: GUID: 6b80cdd1d5ce20c4189553f129f4d175 - Path: Packages/com.unity.2d.tilemap/Editor/Icons/Tilemap.FocusTilemap@2x.png - Importer: PreviewImporter
Importing 'GUID: 6b80cdd1d5ce20c4189553f129f4d175 - Path: Packages/com.unity.2d.tilemap/Editor/Icons/Tilemap.FocusTilemap@2x.png - Importer: PreviewImporter' with importer (PreviewImporter)
Imported 'GUID: 6b80cdd1d5ce20c4189553f129f4d175' -> (Import Result ID: '517a0443e17dc4e491b35b9fa6a127b7') in 0.012 seconds [static and dynamic dependencies]. Details - ImportResultOutputID=65281b16f3830824ce3a6aecc8097785 DependenciesID=faf6409542b3f6c38708878b405234c8 StaticDependenciesID=27b909994b5b710c32cb5505c36a48ad 
Number of updated asset objects reloaded before import = 0
Number of asset objects unloaded after import = 3
========================================================================
Received Import Request.
  Time of request: 2026-09-30T10:20:58.0479812Z
  Time since last request: 0.2616225 seconds.
  importAddress: GUID: 1915f55bbb9484044b7829d1df0b4abf - Path: Packages/com.unity.2d.tilemap/Editor/Icons/Tilemap.GridPaint.png - Importer: PreviewImporter
Importing 'GUID: 1915f55bbb9484044b7829d1df0b4abf - Path: Packages/com.unity.2d.tilemap/Editor/Icons/Tilemap.GridPaint.png - Importer: PreviewImporter' with importer (PreviewImporter)
Imported 'GUID: 1915f55bbb9484044b7829d1df0b4abf' -> (Import Result ID: '8d807f9f0531ca9497058b1273d9a5a7') in 0.013 seconds [static and dynamic dependencies]. Details - ImportResultOutputID=8a8f6ff681d1c985fef22687f6cf14e0 DependenciesID=aed3db867e643009a1ec0a77702c7036 StaticDependenciesID=7573f01eab1b0c9a0dd42ba422768312 
Number of updated asset objects reloaded before import = 0
Number of asset objects unloaded after import = 3
========================================================================
Received Import Request.
  Time of request: 2026-09-30T10:20:58.0851917Z
  Time since last request: 0.0005799 seconds.
  importAddress: GUID: 4b6b0d10629b2ea40846b0eed5b74f43 - Path: Packages/com.unity.2d.tilemap/Editor/Icons/Tilemap.ShowTilePalette.png - Importer: PreviewImporter
Importing 'GUID: 4b6b0d10629b2ea40846b0eed5b74f43 - Path: Packages/com.unity.2d.tilemap/Editor/Icons/Tilemap.ShowTilePalette.png - Importer: PreviewImporter' with importer (PreviewImporter)
Imported 'GUID: 4b6b0d10629b2ea40846b0eed5b74f43' -> (Import Result ID: '443999f7ae08203f91874838fccb2f06') in 0.016 seconds [static and dynamic dependencies]. Details - ImportResultOutputID=5e22c7841c162ed2971db84cefac002d DependenciesID=2396916a7e23fb5cae12f2f6c221cbc0 StaticDependenciesID=95f4b042a30a3459fb9305412f06bb6d 
Number of updated asset objects reloaded before import = 0
Number of asset objects unloaded after import = 3
========================================================================
Received Import Request.
  Time of request: 2026-09-30T10:20:58.123733Z
  Time since last request: 0.0009693 seconds.
  importAddress: GUID: b375422385f769844a35ff7743e8f1bb - Path: Packages/com.unity.2d.tilemap/Editor/Icons/Tilemap.ShowGrid@4x.png - Importer: PreviewImporter
Importing 'GUID: b375422385f769844a35ff7743e8f1bb - Path: Packages/com.unity.2d.tilemap/Editor/Icons/Tilemap.ShowGrid@4x.png - Importer: PreviewImporter' with importer (PreviewImporter)
Imported 'GUID: b375422385f769844a35ff7743e8f1bb' -> (Import Result ID: '08480b563262dd6d19c15b5e3acc8042') in 0.010 seconds [static and dynamic dependencies]. Details - ImportResultOutputID=08c65bf1abf1103e62f759e270fb31c1 DependenciesID=985453883f1baeb680563c3fe6e992e4 StaticDependenciesID=da084800ecedeb818ff06984b8ebc1f4 
Number of updated asset objects reloaded before import = 0
Number of asset objects unloaded after import = 3
========================================================================
Received Import Request.
  Time of request: 2026-09-30T10:20:58.1544106Z
  Time since last request: 0.0005435 seconds.
  importAddress: GUID: e5c0078b94743b5468d137f0728f414e - Path: Packages/com.unity.shadergraph/Editor/Resources/GraphView/Nodes/UITKShaderPreview-Texture.png - Importer: PreviewImporter
Importing 'GUID: e5c0078b94743b5468d137f0728f414e - Path: Packages/com.unity.shadergraph/Editor/Resources/GraphView/Nodes/UITKShaderPreview-Texture.png - Importer: PreviewImporter' with importer (PreviewImporter)
Imported 'GUID: e5c0078b94743b5468d137f0728f414e' -> (Import Result ID: '5f93a0d4c36118cd64454eedb26bbb19') in 0.020 seconds [static and dynamic dependencies]. Details - ImportResultOutputID=e54ce0605044ab3583e7db8e499328fd DependenciesID=36584cd836c53202aacde9ae1b56f146 StaticDependenciesID=ce12b309c0ce1a9e8cb6763e6a448ec8 
Number of updated asset objects reloaded before import = 0
Number of asset objects unloaded after import = 3
========================================================================
Received Import Request.
  Time of request: 2026-09-30T10:20:58.1938584Z
  Time since last request: 0.000455 seconds.
  importAddress: GUID: 75f5f34dc1b5347e0b8351032682f224 - Path: Packages/com.unity.2d.sprite/Editor/ObjectMenuCreation/DefaultAssets/Textures/v2/Triangle.png - Importer: PreviewImporter
Importing 'GUID: 75f5f34dc1b5347e0b8351032682f224 - Path: Packages/com.unity.2d.sprite/Editor/ObjectMenuCreation/DefaultAssets/Textures/v2/Triangle.png - Importer: PreviewImporter' with importer (PreviewImporter)
Imported 'GUID: 75f5f34dc1b5347e0b8351032682f224' -> (Import Result ID: '201886695bae6955702d37c4c8e5b54b') in 0.013 seconds [static and dynamic dependencies]. Details - ImportResultOutputID=69e4aaa44d93116c318304f4dbf1e1d1 DependenciesID=0b83e961b3ec968ea05897733e5f1cc7 StaticDependenciesID=0b0afd454a0fb19498b1955842490ffc 
Number of updated asset objects reloaded before import = 0
Number of asset objects unloaded after import = 3
========================================================================
Received Import Request.
  Time of request: 2026-09-30T10:20:58.229536Z
  Time since last request: 0.0007428 seconds.
  importAddress: GUID: aa97306f968594504818c53dbe8778c7 - Path: Packages/com.unity.2d.animation/Editor/Assets/EditorIcons/ViewToolZoom.png - Importer: PreviewImporter
Importing 'GUID: aa97306f968594504818c53dbe8778c7 - Path: Packages/com.unity.2d.animation/Editor/Assets/EditorIcons/ViewToolZoom.png - Importer: PreviewImporter' with importer (PreviewImporter)
Imported 'GUID: aa97306f968594504818c53dbe8778c7' -> (Import Result ID: 'b0a53f3d6852aaa8667aac9a7c70498a') in 0.013 seconds [static and dynamic dependencies]. Details - ImportResultOutputID=2d7dc4b01eb41f7c45013e32fd4b471a DependenciesID=a5d12c5444f4819e78ead4958fd809a0 StaticDependenciesID=c42656d0a1c8cbb830bcd8f3ee1f2b2e 
Number of updated asset objects reloaded before import = 0
Number of asset objects unloaded after import = 3
========================================================================
Received Import Request.
  Time of request: 2026-09-30T10:20:58.2649959Z
  Time since last request: 0.0004207 seconds.
  importAddress: GUID: f3940f64802892746b2ec336d3b0c5f4 - Path: Packages/com.unity.2d.animation/Editor/Assets/EditorIcons/Visibility_Hidded@2x.png - Importer: PreviewImporter
Importing 'GUID: f3940f64802892746b2ec336d3b0c5f4 - Path: Packages/com.unity.2d.animation/Editor/Assets/EditorIcons/Visibility_Hidded@2x.png - Importer: PreviewImporter' with importer (PreviewImporter)
Imported 'GUID: f3940f64802892746b2ec336d3b0c5f4' -> (Import Result ID: '77a5862d58d9a4dd8d01eaee289f4f80') in 0.009 seconds [static and dynamic dependencies]. Details - ImportResultOutputID=a82afc6c7892855008dd8726bca20a92 DependenciesID=43133a26945c8fbecb70ec42bb49541d StaticDependenciesID=6813446677b033ec15a5aab514402711 
Number of updated asset objects reloaded before import = 0
Number of asset objects unloaded after import = 3
========================================================================
Received Import Request.
  Time of request: 2026-09-30T10:20:58.296531Z
  Time since last request: 0.0005675 seconds.
  importAddress: GUID: db1e8fc8f15be484bb9f866640b84c04 - Path: Packages/com.unity.2d.tilemap/Editor/Icons/Tilemap.ShowGrid@2x.png - Importer: PreviewImporter
Importing 'GUID: db1e8fc8f15be484bb9f866640b84c04 - Path: Packages/com.unity.2d.tilemap/Editor/Icons/Tilemap.ShowGrid@2x.png - Importer: PreviewImporter' with importer (PreviewImporter)
Imported 'GUID: db1e8fc8f15be484bb9f866640b84c04' -> (Import Result ID: '111c0273a15a8ef0898a3457b2b32352') in 0.010 seconds [static and dynamic dependencies]. Details - ImportResultOutputID=af11e4a83c191974ebbb79add485f993 DependenciesID=58781b74c66aabc1fdf7dda4c64358fe StaticDependenciesID=8fa5d54dff82ffb5ea6722c02bf566e2 
Number of updated asset objects reloaded before import = 0
Number of asset objects unloaded after import = 3
========================================================================
Received Import Request.
  Time of request: 2026-09-30T10:20:58.3292045Z
  Time since last request: 0.0005234 seconds.
  importAddress: GUID: a20f7223e2252fc4d813fc92d0f3a614 - Path: Packages/com.unity.2d.animation/Editor/Assets/EditorIcons/Visibility_Hidded.png - Importer: PreviewImporter
Importing 'GUID: a20f7223e2252fc4d813fc92d0f3a614 - Path: Packages/com.unity.2d.animation/Editor/Assets/EditorIcons/Visibility_Hidded.png - Importer: PreviewImporter' with importer (PreviewImporter)
Imported 'GUID: a20f7223e2252fc4d813fc92d0f3a614' -> (Import Result ID: 'fe7c9cad595d0dac21a381e5c02857dd') in 0.009 seconds [static and dynamic dependencies]. Details - ImportResultOutputID=29e66d2b91580a70b98723c6c3209499 DependenciesID=1c24e2517e72147491169810b95128c2 StaticDependenciesID=2a9bb41acccebab20ce26dd9c9ceb99f 
Number of updated asset objects reloaded before import = 0
Number of asset objects unloaded after import = 3
========================================================================
Received Import Request.
  Time of request: 2026-09-30T10:20:58.3592668Z
  Time since last request: 0.0005209 seconds.
  importAddress: GUID: 920ecfdb532776b4cb32b37e5bd9e6ff - Path: Packages/com.unity.2d.tilemap/Editor/Icons/Tilemap.TilePalette@4x.png - Importer: PreviewImporter
Importing 'GUID: 920ecfdb532776b4cb32b37e5bd9e6ff - Path: Packages/com.unity.2d.tilemap/Editor/Icons/Tilemap.TilePalette@4x.png - Importer: PreviewImporter' with importer (PreviewImporter)
Imported 'GUID: 920ecfdb532776b4cb32b37e5bd9e6ff' -> (Import Result ID: '35e295eb9c0216f68c8f315571711bce') in 0.013 seconds [static and dynamic dependencies]. Details - ImportResultOutputID=919a6455e7b22ba004fbe75cd8b4735c DependenciesID=d793195de74555fb64944415a6f7980c StaticDependenciesID=3593fb02e4d7cc6b5f89198dc1f25969 
Number of updated asset objects reloaded before import = 0
Number of asset objects unloaded after import = 3
========================================================================
Received Import Request.
  Time of request: 2026-09-30T10:20:58.39379Z
  Time since last request: 0.0004125 seconds.
  importAddress: GUID: 821e48735df96f34f82ba30397ac2990 - Path: Assets/brackeys_platformer_assets/sprites/slime_purple.png - Importer: PreviewImporter
Importing 'GUID: 821e48735df96f34f82ba30397ac2990 - Path: Assets/brackeys_platformer_assets/sprites/slime_purple.png - Importer: PreviewImporter' with importer (PreviewImporter)
Imported 'GUID: 821e48735df96f34f82ba30397ac2990' -> (Import Result ID: '5bcbb4512514e4866291a9cb6e56d6b2') in 0.057 seconds [static and dynamic dependencies]. Details - ImportResultOutputID=ec21a812b4750af38d831df77f0272a9 DependenciesID=0bcf89de85a2344efa7c7ce059a858b3 StaticDependenciesID=8eeb2160556e872e394cc6fa5971b64d 
Number of updated asset objects reloaded before import = 0
Number of asset objects unloaded after import = 14
========================================================================
Received Import Request.
  Time of request: 2026-09-30T10:20:58.4712244Z
  Time since last request: 0.0006103 seconds.
  importAddress: GUID: 401e910567b72dd4abf58be9f7e0518b - Path: Packages/com.unity.2d.tilemap/Editor/Icons/Tilemap.ShowTilePalette@4x.png - Importer: PreviewImporter
Importing 'GUID: 401e910567b72dd4abf58be9f7e0518b - Path: Packages/com.unity.2d.tilemap/Editor/Icons/Tilemap.ShowTilePalette@4x.png - Importer: PreviewImporter' with importer (PreviewImporter)
Imported 'GUID: 401e910567b72dd4abf58be9f7e0518b' -> (Import Result ID: 'ac83c9674d9129fca62c693754fe6afc') in 0.013 seconds [static and dynamic dependencies]. Details - ImportResultOutputID=b8c356fb8265a7b36eb032c15bb7415c DependenciesID=7d862f40085995ce3ef321d4438f6d80 StaticDependenciesID=62708b4578242d19d064d6051141f6c8 
Number of updated asset objects reloaded before import = 0
Number of asset objects unloaded after import = 3
========================================================================
Received Import Request.
  Time of request: 2026-09-30T10:20:58.516625Z
  Time since last request: 0.0132989 seconds.
  importAddress: GUID: fc9e5a25e0610a347b46fd10daa3f0cd - Path: Packages/com.unity.2d.animation/Editor/Assets/EditorIcons/Parent_Bone@2x.png - Importer: PreviewImporter
Importing 'GUID: fc9e5a25e0610a347b46fd10daa3f0cd - Path: Packages/com.unity.2d.animation/Editor/Assets/EditorIcons/Parent_Bone@2x.png - Importer: PreviewImporter' with importer (PreviewImporter)
Imported 'GUID: fc9e5a25e0610a347b46fd10daa3f0cd' -> (Import Result ID: '432641135eb65e735f3b3ea5ee17d170') in 0.011 seconds [static and dynamic dependencies]. Details - ImportResultOutputID=9decd9a4e5d5250fb336474bc00d34ae DependenciesID=6db022620720e233110c4b5734f22846 StaticDependenciesID=0c8f7367f8a4767eaa3c315028b3064b 
Number of updated asset objects reloaded before import = 0
Number of asset objects unloaded after import = 3
========================================================================
Received Import Request.
  Time of request: 2026-09-30T10:20:58.5468634Z
  Time since last request: 0.0006976 seconds.
  importAddress: GUID: 54b8604d8a7085842917d5b83ca73854 - Path: Packages/com.unity.2d.animation/Editor/Assets/EditorIcons/Paste@2x.png - Importer: PreviewImporter
Importing 'GUID: 54b8604d8a7085842917d5b83ca73854 - Path: Packages/com.unity.2d.animation/Editor/Assets/EditorIcons/Paste@2x.png - Importer: PreviewImporter' with importer (PreviewImporter)
Imported 'GUID: 54b8604d8a7085842917d5b83ca73854' -> (Import Result ID: '311a40dd0ed365bb47d2b303441979c3') in 0.010 seconds [static and dynamic dependencies]. Details - ImportResultOutputID=1f313b05b6574215e3f3a130d17fb6e5 DependenciesID=32a853f4874ffb8a5364eb9f702ef86e StaticDependenciesID=43d1d507cf5ac41773b6239734fa4949 
Number of updated asset objects reloaded before import = 0
Number of asset objects unloaded after import = 3
========================================================================
Received Import Request.
  Time of request: 2026-09-30T10:20:58.5766826Z
  Time since last request: 0.0005211 seconds.
  importAddress: GUID: cd0250057a3f07346b60675b355c3e06 - Path: Packages/com.unity.2d.animation/Editor/Assets/EditorIcons/Selected/Paste@2x.png - Importer: PreviewImporter
Importing 'GUID: cd0250057a3f07346b60675b355c3e06 - Path: Packages/com.unity.2d.animation/Editor/Assets/EditorIcons/Selected/Paste@2x.png - Importer: PreviewImporter' with importer (PreviewImporter)
Imported 'GUID: cd0250057a3f07346b60675b355c3e06' -> (Import Result ID: '89b9c239cf172520cff972b6be1bf9e0') in 0.014 seconds [static and dynamic dependencies]. Details - ImportResultOutputID=b1f2ab0dd7c4bab6163546ca5ec89729 DependenciesID=1c76426ab56882c15b5ba4206f51c813 StaticDependenciesID=37e8fe13e1d2a3ffbbb8029b97fab6cf 
Number of updated asset objects reloaded before import = 0
Number of asset objects unloaded after import = 3
========================================================================
Received Import Request.
  Time of request: 2026-09-30T10:20:58.6112681Z
  Time since last request: 0.0005313 seconds.
  importAddress: GUID: 4b3e1d5f95a1a455c917ca9403d9283d - Path: Packages/com.unity.2d.psdimporter/Editor/Assets/Icons/Light/Layers Mixed@4x.png - Importer: PreviewImporter
Importing 'GUID: 4b3e1d5f95a1a455c917ca9403d9283d - Path: Packages/com.unity.2d.psdimporter/Editor/Assets/Icons/Light/Layers Mixed@4x.png - Importer: PreviewImporter' with importer (PreviewImporter)
Imported 'GUID: 4b3e1d5f95a1a455c917ca9403d9283d' -> (Import Result ID: 'bd8d3bf746d00e208b25f6817e6aa734') in 0.010 seconds [static and dynamic dependencies]. Details - ImportResultOutputID=dc77f8031cd024d99e9ffe15a11ba6f3 DependenciesID=b8422dc08610f29a10ce18ba528b54a9 StaticDependenciesID=d88499f40fb89dd30d8e8972a42bc99f 
Number of updated asset objects reloaded before import = 0
Number of asset objects unloaded after import = 3
========================================================================
Received Import Request.
  Time of request: 2026-09-30T10:20:58.6396351Z
  Time since last request: 0.0004432 seconds.
  importAddress: GUID: 1088bf24503634e7dbadf455fdcf78b6 - Path: Packages/com.unity.2d.psdimporter/Editor/Assets/Icons/Dark/Layers Mixed@8x.png - Importer: PreviewImporter
Importing 'GUID: 1088bf24503634e7dbadf455fdcf78b6 - Path: Packages/com.unity.2d.psdimporter/Editor/Assets/Icons/Dark/Layers Mixed@8x.png - Importer: PreviewImporter' with importer (PreviewImporter)
Imported 'GUID: 1088bf24503634e7dbadf455fdcf78b6' -> (Import Result ID: '7eaf0fc9450fd8b2210d1b06081aa83e') in 0.014 seconds [static and dynamic dependencies]. Details - ImportResultOutputID=828239555a15bb56099dea40e81b6ace DependenciesID=43fca50f6755b50dfac6567806ad1bc7 StaticDependenciesID=7daf9caf2c3d46db3f376951ac9a1120 
Number of updated asset objects reloaded before import = 0
Number of asset objects unloaded after import = 3
========================================================================
Received Import Request.
  Time of request: 2026-09-30T10:20:58.6725605Z
  Time since last request: 0.0006863 seconds.
  importAddress: GUID: dd04679f252ec40a8b931fbb52bd3f8b - Path: Packages/com.unity.2d.psdimporter/Editor/Assets/Icons/Dark/Layers Collapsed@1x.png - Importer: PreviewImporter
Importing 'GUID: dd04679f252ec40a8b931fbb52bd3f8b - Path: Packages/com.unity.2d.psdimporter/Editor/Assets/Icons/Dark/Layers Collapsed@1x.png - Importer: PreviewImporter' with importer (PreviewImporter)
Imported 'GUID: dd04679f252ec40a8b931fbb52bd3f8b' -> (Import Result ID: 'dd9a9a485ac6571fba6e2cbb53d887ec') in 0.011 seconds [static and dynamic dependencies]. Details - ImportResultOutputID=34f9669a201d4c8198d7ea6631b03432 DependenciesID=47ce4a22dfe63bb8254869fe5bae87ee StaticDependenciesID=0040d6a2073fd5b9ba9acd15a78f7665 
Number of updated asset objects reloaded before import = 0
Number of asset objects unloaded after import = 3
========================================================================
Received Import Request.
  Time of request: 2026-09-30T10:20:58.7036989Z
  Time since last request: 0.0007286 seconds.
  importAddress: GUID: ca434c866082043f589e32d65b0d1369 - Path: Packages/com.unity.2d.psdimporter/Editor/Assets/Icons/Light/Layers Collapsed@1x.png - Importer: PreviewImporter
Importing 'GUID: ca434c866082043f589e32d65b0d1369 - Path: Packages/com.unity.2d.psdimporter/Editor/Assets/Icons/Light/Layers Collapsed@1x.png - Importer: PreviewImporter' with importer (PreviewImporter)
Imported 'GUID: ca434c866082043f589e32d65b0d1369' -> (Import Result ID: '47b78a0238fd36f75b55f1c3c0181f22') in 0.009 seconds [static and dynamic dependencies]. Details - ImportResultOutputID=b0db3736f02ea72465915757431258d6 DependenciesID=fc0be453339d6ad4865afbcf6e189755 StaticDependenciesID=b91c5ebc3b692ac6b12b61e3742f1595 
Number of updated asset objects reloaded before import = 0
Number of asset objects unloaded after import = 3
========================================================================
Received Import Request.
  Time of request: 2026-09-30T10:20:58.7348152Z
  Time since last request: 0.0005879 seconds.
  importAddress: GUID: 830164d71b9d60c40b606822b957d10b - Path: Packages/com.unity.collab-proxy/Editor/Assets/Images/iconinfobellnotification@2x.png - Importer: PreviewImporter
Importing 'GUID: 830164d71b9d60c40b606822b957d10b - Path: Packages/com.unity.collab-proxy/Editor/Assets/Images/iconinfobellnotification@2x.png - Importer: PreviewImporter' with importer (PreviewImporter)
Imported 'GUID: 830164d71b9d60c40b606822b957d10b' -> (Import Result ID: '8be5ae7459de0fc89402cf5c553bfc3b') in 0.015 seconds [static and dynamic dependencies]. Details - ImportResultOutputID=54a57b94be63d940b5d166301a612a61 DependenciesID=120b5a6afda50e9d9ab1d8dcd2108e59 StaticDependenciesID=c12bd22a1276a2814dcc2e89514af3dd 
Number of updated asset objects reloaded before import = 0
Number of asset objects unloaded after import = 3
========================================================================
Received Import Request.
  Time of request: 2026-09-30T10:20:58.772981Z
  Time since last request: 0.0006978 seconds.
  importAddress: GUID: 4999348b6ce1c4d5fa3854f4e16dad48 - Path: Packages/com.unity.collab-proxy/Editor/Assets/Images/iconlast.png - Importer: PreviewImporter
Importing 'GUID: 4999348b6ce1c4d5fa3854f4e16dad48 - Path: Packages/com.unity.collab-proxy/Editor/Assets/Images/iconlast.png - Importer: PreviewImporter' with importer (PreviewImporter)
Imported 'GUID: 4999348b6ce1c4d5fa3854f4e16dad48' -> (Import Result ID: '71ce884207c7d98595c7f70f69c6039e') in 0.010 seconds [static and dynamic dependencies]. Details - ImportResultOutputID=12afb38dcaf4ad3ccd31edea225b09ce DependenciesID=e625370f61c21e459bfb2602b3dd8eb2 StaticDependenciesID=0a6a0435b4a93f8606478ecb82d95b0c 
Number of updated asset objects reloaded before import = 0
Number of asset objects unloaded after import = 3
========================================================================
Received Import Request.
  Time of request: 2026-09-30T10:20:58.8042818Z
  Time since last request: 0.0007195 seconds.
  importAddress: GUID: ba96945b6a1b743579931a87e98041fe - Path: Packages/com.unity.collab-proxy/Editor/Assets/Images/iconlock@2x.png - Importer: PreviewImporter
Importing 'GUID: ba96945b6a1b743579931a87e98041fe - Path: Packages/com.unity.collab-proxy/Editor/Assets/Images/iconlock@2x.png - Importer: PreviewImporter' with importer (PreviewImporter)
Imported 'GUID: ba96945b6a1b743579931a87e98041fe' -> (Import Result ID: '7435b8ac3c4330558248cc5b280bf584') in 0.013 seconds [static and dynamic dependencies]. Details - ImportResultOutputID=d5141862dc25df141af99cd7f2bf2751 DependenciesID=aaf5f72a0d2e6273cab1ed9d455c2bc9 StaticDependenciesID=4332a5bf2072de45fa1627759313b987 
Number of updated asset objects reloaded before import = 0
Number of asset objects unloaded after import = 3
========================================================================
Received Import Request.
  Time of request: 2026-09-30T10:20:58.8395107Z
  Time since last request: 0.000847 seconds.
  importAddress: GUID: 8d91317e8f7610f41a30fcb9c0d99196 - Path: Packages/com.unity.collab-proxy/Editor/Assets/Images/iconclipboard.png - Importer: PreviewImporter
Importing 'GUID: 8d91317e8f7610f41a30fcb9c0d99196 - Path: Packages/com.unity.collab-proxy/Editor/Assets/Images/iconclipboard.png - Importer: PreviewImporter' with importer (PreviewImporter)
Imported 'GUID: 8d91317e8f7610f41a30fcb9c0d99196' -> (Import Result ID: '52f67c056b4282c9ce1e2aa41469ea5f') in 0.010 seconds [static and dynamic dependencies]. Details - ImportResultOutputID=7b30573f19960b80282d092acbf9df58 DependenciesID=a52cf24051d9f453001ff0815ac8e6a6 StaticDependenciesID=24debe49dda9d6521ffdf2ebe783770d 
Number of updated asset objects reloaded before import = 0
Number of asset objects unloaded after import = 3
========================================================================
Received Import Request.
  Time of request: 2026-09-30T10:20:58.8703317Z
  Time since last request: 0.0004101 seconds.
  importAddress: GUID: 68f9e990182e8491b9c0f3dc88cd0158 - Path: Packages/com.unity.2d.psdimporter/Editor/Assets/Icons/Selected/Layers Collapsed@2x.png - Importer: PreviewImporter
Importing 'GUID: 68f9e990182e8491b9c0f3dc88cd0158 - Path: Packages/com.unity.2d.psdimporter/Editor/Assets/Icons/Selected/Layers Collapsed@2x.png - Importer: PreviewImporter' with importer (PreviewImporter)
Imported 'GUID: 68f9e990182e8491b9c0f3dc88cd0158' -> (Import Result ID: 'e9d48d4423dbe1458de22674102863ef') in 0.011 seconds [static and dynamic dependencies]. Details - ImportResultOutputID=3a106adeb095be9e423f42afd1bd68f4 DependenciesID=d15b7f06ee494aafa1633b4dfdf35362 StaticDependenciesID=49b08bd3e19ec4a61cf610f0e3079de7 
Number of updated asset objects reloaded before import = 0
Number of asset objects unloaded after import = 3
========================================================================
Received Import Request.
  Time of request: 2026-09-30T10:20:58.9046808Z
  Time since last request: 0.0006811 seconds.
  importAddress: GUID: 16037dbd798344f57a526d53d48f5ead - Path: Packages/com.unity.2d.sprite/Editor/ObjectMenuCreation/DefaultAssets/Textures/HexagonFlatTop.png - Importer: PreviewImporter
Importing 'GUID: 16037dbd798344f57a526d53d48f5ead - Path: Packages/com.unity.2d.sprite/Editor/ObjectMenuCreation/DefaultAssets/Textures/HexagonFlatTop.png - Importer: PreviewImporter' with importer (PreviewImporter)
Imported 'GUID: 16037dbd798344f57a526d53d48f5ead' -> (Import Result ID: '7ca35740a07812191f47d235edb8dd1e') in 0.015 seconds [static and dynamic dependencies]. Details - ImportResultOutputID=b33b80441d7c7ec792d510db618877d2 DependenciesID=63e73488de5264856d40a4df7f50aacc StaticDependenciesID=76711e07047eedcbc25cdd655d4e0c1a 
Number of updated asset objects reloaded before import = 0
Number of asset objects unloaded after import = 3
========================================================================
Received Import Request.
  Time of request: 2026-09-30T10:20:58.9385899Z
  Time since last request: 0.0005 seconds.
  importAddress: GUID: eed45a33cd08446c8b88325cf82fc52f - Path: Packages/com.unity.2d.sprite/Editor/ObjectMenuCreation/DefaultAssets/Textures/HexagonPointTop.png - Importer: PreviewImporter
Importing 'GUID: eed45a33cd08446c8b88325cf82fc52f - Path: Packages/com.unity.2d.sprite/Editor/ObjectMenuCreation/DefaultAssets/Textures/HexagonPointTop.png - Importer: PreviewImporter' with importer (PreviewImporter)
Imported 'GUID: eed45a33cd08446c8b88325cf82fc52f' -> (Import Result ID: 'a4def15b5b2d923701cc130833be6d48') in 0.015 seconds [static and dynamic dependencies]. Details - ImportResultOutputID=6c07d4e2cfc408f946c990a9d2f5ab50 DependenciesID=691921a2dbbb6bbb967b620671bf4e11 StaticDependenciesID=46f2e4c1356e8f6cff1edb9ee5945bb7 
Number of updated asset objects reloaded before import = 0
Number of asset objects unloaded after import = 3
========================================================================
Received Import Request.
  Time of request: 2026-09-30T10:20:58.9750256Z
  Time since last request: 0.0005179 seconds.
  importAddress: GUID: eb591dd22aae343468cc4dd017c550d0 - Path: Packages/com.unity.collab-proxy/Editor/Assets/Images/iconcheckedoutlocaloverlay.png - Importer: PreviewImporter
Importing 'GUID: eb591dd22aae343468cc4dd017c550d0 - Path: Packages/com.unity.collab-proxy/Editor/Assets/Images/iconcheckedoutlocaloverlay.png - Importer: PreviewImporter' with importer (PreviewImporter)
Imported 'GUID: eb591dd22aae343468cc4dd017c550d0' -> (Import Result ID: '12a0076049d30ce6917f239618688890') in 0.011 seconds [static and dynamic dependencies]. Details - ImportResultOutputID=0f8f1b15f1e7c2b83912c995a975f010 DependenciesID=fa5a749926002c62131ebd52225dd7aa StaticDependenciesID=e718774c28cc21ae6c2b2adac86d8fe0 
Number of updated asset objects reloaded before import = 0
Number of asset objects unloaded after import = 3
========================================================================
Received Import Request.
  Time of request: 2026-09-30T10:20:59.0075496Z
  Time since last request: 0.0008702 seconds.
  importAddress: GUID: a9716c16a44a94eed9b5c90fbf4d9bdd - Path: Packages/com.unity.2d.sprite/Editor/ObjectMenuCreation/DefaultAssets/Textures/HexagonFlatTopWithBorder.png - Importer: PreviewImporter
Importing 'GUID: a9716c16a44a94eed9b5c90fbf4d9bdd - Path: Packages/com.unity.2d.sprite/Editor/ObjectMenuCreation/DefaultAssets/Textures/HexagonFlatTopWithBorder.png - Importer: PreviewImporter' with importer (PreviewImporter)
Imported 'GUID: a9716c16a44a94eed9b5c90fbf4d9bdd' -> (Import Result ID: '23a454ef0c2a665039315c4628078e57') in 0.054 seconds [static and dynamic dependencies]. Details - ImportResultOutputID=085a9a57e8f275f00ebacd9db314a881 DependenciesID=29c7e3ec5c772cde76b4fef8e9f59cd4 StaticDependenciesID=67f934488e348f81498e3ea80b7be1dd 
Number of updated asset objects reloaded before import = 0
Number of asset objects unloaded after import = 3
========================================================================
Received Import Request.
  Time of request: 2026-09-30T10:20:59.0830067Z
  Time since last request: 0.0014765 seconds.
  importAddress: GUID: 1318ab8bf649dcf43b922511fa5e155b - Path: Packages/com.unity.collab-proxy/Editor/Assets/Images/iconconflictresolvedoverlay.png - Importer: PreviewImporter
Importing 'GUID: 1318ab8bf649dcf43b922511fa5e155b - Path: Packages/com.unity.collab-proxy/Editor/Assets/Images/iconconflictresolvedoverlay.png - Importer: PreviewImporter' with importer (PreviewImporter)
Imported 'GUID: 1318ab8bf649dcf43b922511fa5e155b' -> (Import Result ID: '1aae737b00cb4548d32848d0eba436ee') in 0.010 seconds [static and dynamic dependencies]. Details - ImportResultOutputID=2de03ecd9a805370f55612b2bdbd43f4 DependenciesID=2229eab9ed948d4120c7e77da1984c77 StaticDependenciesID=fe25e55f1d49a3fb9c684598820f8bc3 
Number of updated asset objects reloaded before import = 0
Number of asset objects unloaded after import = 3
========================================================================
Received Import Request.
  Time of request: 2026-09-30T10:20:59.1141506Z
  Time since last request: 0.001506 seconds.
  importAddress: GUID: 0a08fa9ec51507e488400cee024073a7 - Path: Packages/com.unity.collab-proxy/Editor/Assets/Images/hideversioncontrol.png - Importer: PreviewImporter
Importing 'GUID: 0a08fa9ec51507e488400cee024073a7 - Path: Packages/com.unity.collab-proxy/Editor/Assets/Images/hideversioncontrol.png - Importer: PreviewImporter' with importer (PreviewImporter)
Imported 'GUID: 0a08fa9ec51507e488400cee024073a7' -> (Import Result ID: '5763fc39402350628350079a036984a3') in 0.010 seconds [static and dynamic dependencies]. Details - ImportResultOutputID=a2bad8c3c1b296e5b9036c71dff9a375 DependenciesID=8811133aa7cefaff50569938db816a84 StaticDependenciesID=16705b38481594071a1a814ec156b9f8 
Number of updated asset objects reloaded before import = 0
Number of asset objects unloaded after import = 3
========================================================================
Received Import Request.
  Time of request: 2026-09-30T10:20:59.1492082Z
  Time since last request: 0.0004667 seconds.
  importAddress: GUID: b43651fb085b38445ade3f9de3ab0636 - Path: Packages/com.unity.collab-proxy/Editor/Assets/Images/iconinviteusers@2x.png - Importer: PreviewImporter
Importing 'GUID: b43651fb085b38445ade3f9de3ab0636 - Path: Packages/com.unity.collab-proxy/Editor/Assets/Images/iconinviteusers@2x.png - Importer: PreviewImporter' with importer (PreviewImporter)
Imported 'GUID: b43651fb085b38445ade3f9de3ab0636' -> (Import Result ID: '730123bd102fbc67490faebbb4ba7177') in 0.011 seconds [static and dynamic dependencies]. Details - ImportResultOutputID=73749fa51c161756520e4de6214061a1 DependenciesID=e2cebf29c037828e2f62d158ad204719 StaticDependenciesID=8b9e0f6ea65f3beb382161764a701991 
Number of updated asset objects reloaded before import = 0
Number of asset objects unloaded after import = 3
========================================================================
Received Import Request.
  Time of request: 2026-09-30T10:20:59.1831329Z
  Time since last request: 0.0007396 seconds.
  importAddress: GUID: 99d1cf315f771ae48ab6f41c99a8d7cb - Path: Packages/com.unity.collab-proxy/Editor/Assets/Images/iconadd.png - Importer: PreviewImporter
Importing 'GUID: 99d1cf315f771ae48ab6f41c99a8d7cb - Path: Packages/com.unity.collab-proxy/Editor/Assets/Images/iconadd.png - Importer: PreviewImporter' with importer (PreviewImporter)
Imported 'GUID: 99d1cf315f771ae48ab6f41c99a8d7cb' -> (Import Result ID: '92b669beb3b7b2c2a5fb5316e312369d') in 0.012 seconds [static and dynamic dependencies]. Details - ImportResultOutputID=d96ce0fed6ea4ff3d5b6539601cab55d DependenciesID=930d05d6e3cf710f07946c9352109355 StaticDependenciesID=6f5cbdd159f4958852ff92d29da876e5 
Number of updated asset objects reloaded before import = 0
Number of asset objects unloaded after import = 3
========================================================================
Received Import Request.
  Time of request: 2026-09-30T10:20:59.2160036Z
  Time since last request: 0.0003591 seconds.
  importAddress: GUID: 155b8a0cbfb7948baab0167cb548c0f6 - Path: Packages/com.unity.collab-proxy/Editor/Assets/Images/iconcheckmark@2x.png - Importer: PreviewImporter
Importing 'GUID: 155b8a0cbfb7948baab0167cb548c0f6 - Path: Packages/com.unity.collab-proxy/Editor/Assets/Images/iconcheckmark@2x.png - Importer: PreviewImporter' with importer (PreviewImporter)
Imported 'GUID: 155b8a0cbfb7948baab0167cb548c0f6' -> (Import Result ID: '4df7b5f9ff081c0b107f76e24ec8f389') in 0.011 seconds [static and dynamic dependencies]. Details - ImportResultOutputID=1c6270a41566f6c416d2eacd6286b807 DependenciesID=2b8abafe35439bb37514d3ce67d126ca StaticDependenciesID=963a1f1a0e9e68c5f9798a32d3705085 
Number of updated asset objects reloaded before import = 0
Number of asset objects unloaded after import = 3
========================================================================
Received Import Request.
  Time of request: 2026-09-30T10:20:59.2489651Z
  Time since last request: 0.0007643 seconds.
  importAddress: GUID: e883969672bd261498f38ec9e9fc393f - Path: Packages/com.unity.2d.tilemap/Editor/Icons/Grid.FlipX.png - Importer: PreviewImporter
Importing 'GUID: e883969672bd261498f38ec9e9fc393f - Path: Packages/com.unity.2d.tilemap/Editor/Icons/Grid.FlipX.png - Importer: PreviewImporter' with importer (PreviewImporter)
Imported 'GUID: e883969672bd261498f38ec9e9fc393f' -> (Import Result ID: 'cfc46fdbd5b87b26e9248386dc89482a') in 0.027 seconds [static and dynamic dependencies]. Details - ImportResultOutputID=a4630c6d72b8e7406e349b1ea172e3df DependenciesID=927ddec5dc28cdb632fcfc12f3ff7302 StaticDependenciesID=c481cc3a4332c4ceb4ed99f8a1f0a8c3 
Number of updated asset objects reloaded before import = 0
Number of asset objects unloaded after import = 3
========================================================================
Received Import Request.
  Time of request: 2026-09-30T10:20:59.2984606Z
  Time since last request: 0.0002717 seconds.
  importAddress: GUID: 8174b068fa7b788459b03cec80d0641a - Path: Packages/com.unity.2d.animation/Editor/Assets/EditorIcons/Selected/Generate_Weights@3x.png - Importer: PreviewImporter
Importing 'GUID: 8174b068fa7b788459b03cec80d0641a - Path: Packages/com.unity.2d.animation/Editor/Assets/EditorIcons/Selected/Generate_Weights@3x.png - Importer: PreviewImporter' with importer (PreviewImporter)
Imported 'GUID: 8174b068fa7b788459b03cec80d0641a' -> (Import Result ID: '2066b40a870ee8a312290ee765007353') in 0.018 seconds [static and dynamic dependencies]. Details - ImportResultOutputID=161654fb3d5d326bcea24e176aefaa56 DependenciesID=358967ee0b738351fd0d66227eca6f6d StaticDependenciesID=f6fcb074402014b8f151e93fdada8e28 
Number of updated asset objects reloaded before import = 0
Number of asset objects unloaded after import = 3
========================================================================
Received Import Request.
  Time of request: 2026-09-30T10:20:59.3391565Z
  Time since last request: 0.0009229 seconds.
  importAddress: GUID: a56b84f780e8aef439e9a83d60ca7420 - Path: Packages/com.unity.2d.animation/Editor/Assets/EditorIcons/Generate_Weights@4x.png - Importer: PreviewImporter
Importing 'GUID: a56b84f780e8aef439e9a83d60ca7420 - Path: Packages/com.unity.2d.animation/Editor/Assets/EditorIcons/Generate_Weights@4x.png - Importer: PreviewImporter' with importer (PreviewImporter)
Imported 'GUID: a56b84f780e8aef439e9a83d60ca7420' -> (Import Result ID: '5a8757417670d33758205b483a73eb16') in 0.009 seconds [static and dynamic dependencies]. Details - ImportResultOutputID=09490ba877e93f3f1d68f341b5cd8824 DependenciesID=f3b252153723a5f2a97b26a99b641b66 StaticDependenciesID=5b3a12d34e4ebde228d3cf0b343ff836 
Number of updated asset objects reloaded before import = 0
Number of asset objects unloaded after import = 3
========================================================================
Received Import Request.
  Time of request: 2026-09-30T10:20:59.3690806Z
  Time since last request: 0.0002581 seconds.
  importAddress: GUID: baab1bab0820d0942bb79c6da94b1688 - Path: Packages/com.unity.2d.tilemap/Editor/Icons/Grid.FlipY@2x.png - Importer: PreviewImporter
Importing 'GUID: baab1bab0820d0942bb79c6da94b1688 - Path: Packages/com.unity.2d.tilemap/Editor/Icons/Grid.FlipY@2x.png - Importer: PreviewImporter' with importer (PreviewImporter)
Imported 'GUID: baab1bab0820d0942bb79c6da94b1688' -> (Import Result ID: '198184942dffe1ca03546d07812ec2f4') in 0.012 seconds [static and dynamic dependencies]. Details - ImportResultOutputID=21e30cf2cd1eaf02717e9cc07227d5f0 DependenciesID=068971d5e8220eff6d9320e5ff967016 StaticDependenciesID=f4d5fcb55e0d9fe9228a6929b93b14bb 
Number of updated asset objects reloaded before import = 0
Number of asset objects unloaded after import = 3
========================================================================
Received Import Request.
  Time of request: 2026-09-30T10:20:59.4023531Z
  Time since last request: 0.0006817 seconds.
  importAddress: GUID: 0e6407347fc834e6a8b46f9528bcf7b3 - Path: Packages/com.unity.2d.psdimporter/Editor/Assets/Icons/Light/Layers Mixed@8x.png - Importer: PreviewImporter
Importing 'GUID: 0e6407347fc834e6a8b46f9528bcf7b3 - Path: Packages/com.unity.2d.psdimporter/Editor/Assets/Icons/Light/Layers Mixed@8x.png - Importer: PreviewImporter' with importer (PreviewImporter)
Imported 'GUID: 0e6407347fc834e6a8b46f9528bcf7b3' -> (Import Result ID: 'f12815f098f441ca8b4ea8532b0c69ae') in 0.011 seconds [static and dynamic dependencies]. Details - ImportResultOutputID=954162922f02bffd453fd7e83be4473c DependenciesID=9fd18ee151e65f64e9da31807625a101 StaticDependenciesID=632f1f07143a8640cdcaa93cb32f4185 
Number of updated asset objects reloaded before import = 0
Number of asset objects unloaded after import = 3
========================================================================
Received Import Request.
  Time of request: 2026-09-30T10:20:59.4331857Z
  Time since last request: 0.0005083 seconds.
  importAddress: GUID: fbfdd7d489e0bd54f946ebc8e19db8bd - Path: Packages/com.unity.collab-proxy/Editor/Assets/Images/hideversioncontrol@2x.png - Importer: PreviewImporter
Importing 'GUID: fbfdd7d489e0bd54f946ebc8e19db8bd - Path: Packages/com.unity.collab-proxy/Editor/Assets/Images/hideversioncontrol@2x.png - Importer: PreviewImporter' with importer (PreviewImporter)
Imported 'GUID: fbfdd7d489e0bd54f946ebc8e19db8bd' -> (Import Result ID: 'fd8886ece8adac17be250f5655ff76a7') in 0.009 seconds [static and dynamic dependencies]. Details - ImportResultOutputID=944fa941e4bb6dd5821f6fe9d430abe0 DependenciesID=08c78be0dbf21d14927d296f6f36f2be StaticDependenciesID=b22c625e1207546df051f6f8a2255176 
Number of updated asset objects reloaded before import = 0
Number of asset objects unloaded after import = 3
========================================================================
Received Import Request.
  Time of request: 2026-09-30T10:20:59.4619142Z
  Time since last request: 0.0004078 seconds.
  importAddress: GUID: ea292d445b1c4cb48897511cd9453f1c - Path: Packages/com.unity.2d.animation/Editor/Assets/EditorIcons/Selected/Generate_Weights@4x.png - Importer: PreviewImporter
Importing 'GUID: ea292d445b1c4cb48897511cd9453f1c - Path: Packages/com.unity.2d.animation/Editor/Assets/EditorIcons/Selected/Generate_Weights@4x.png - Importer: PreviewImporter' with importer (PreviewImporter)
Imported 'GUID: ea292d445b1c4cb48897511cd9453f1c' -> (Import Result ID: '11532409f7b2696890930df8cbfcf0e7') in 0.009 seconds [static and dynamic dependencies]. Details - ImportResultOutputID=20455c11a4d94bd44fcf0e7403f13beb DependenciesID=c2146676e073f919c038779c8605935d StaticDependenciesID=1dd068b6e870ec1a38007978b0cb9b84 
Number of updated asset objects reloaded before import = 0
Number of asset objects unloaded after import = 3
========================================================================
Received Import Request.
  Time of request: 2026-09-30T10:20:59.4895773Z
  Time since last request: 0.0004636 seconds.
  importAddress: GUID: 40e23f4f2fddc724db517c63f4d8990d - Path: Packages/com.unity.collab-proxy/Editor/Assets/Images/iconinviteusers.png - Importer: PreviewImporter
Importing 'GUID: 40e23f4f2fddc724db517c63f4d8990d - Path: Packages/com.unity.collab-proxy/Editor/Assets/Images/iconinviteusers.png - Importer: PreviewImporter' with importer (PreviewImporter)
Imported 'GUID: 40e23f4f2fddc724db517c63f4d8990d' -> (Import Result ID: '2e8552b6e79f95e14dd2e3da9a88b09c') in 0.009 seconds [static and dynamic dependencies]. Details - ImportResultOutputID=3096622906473f841bb44950ecb2ea94 DependenciesID=c55d2b82617191161d59e126b3ff50c2 StaticDependenciesID=94f171ccc657227f305d23f2cfa5d819 
Number of updated asset objects reloaded before import = 0
Number of asset objects unloaded after import = 3
========================================================================
Received Import Request.
  Time of request: 2026-09-30T10:20:59.5197654Z
  Time since last request: 0.0003394 seconds.
  importAddress: GUID: 42540fa3b3cef1340bebdf077d0e2030 - Path: Packages/com.unity.collab-proxy/Editor/Assets/Images/iconlabel.png - Importer: PreviewImporter
Importing 'GUID: 42540fa3b3cef1340bebdf077d0e2030 - Path: Packages/com.unity.collab-proxy/Editor/Assets/Images/iconlabel.png - Importer: PreviewImporter' with importer (PreviewImporter)
Imported 'GUID: 42540fa3b3cef1340bebdf077d0e2030' -> (Import Result ID: 'dc105527003fdc73a02bbef91e11f80e') in 0.010 seconds [static and dynamic dependencies]. Details - ImportResultOutputID=4ec887be3fb9f102e1cdf2fc29d15bfa DependenciesID=206ecf30f4d6fe328b5df60e585510a2 StaticDependenciesID=9326c58d9ae9cd87661dabe1facb867a 
Number of updated asset objects reloaded before import = 0
Number of asset objects unloaded after import = 3
========================================================================
Received Import Request.
  Time of request: 2026-09-30T10:20:59.7494973Z
  Time since last request: 0.2010944 seconds.
  importAddress: GUID: 902d611ab43afe940bd891d4a3a480f3 - Path: Packages/com.unity.2d.animation/Editor/Assets/EditorIcons/Generate_Geometry@3x.png - Importer: PreviewImporter
Importing 'GUID: 902d611ab43afe940bd891d4a3a480f3 - Path: Packages/com.unity.2d.animation/Editor/Assets/EditorIcons/Generate_Geometry@3x.png - Importer: PreviewImporter' with importer (PreviewImporter)
Imported 'GUID: 902d611ab43afe940bd891d4a3a480f3' -> (Import Result ID: '35a628bd7f52017367b0671f7eddaf25') in 0.015 seconds [static and dynamic dependencies]. Details - ImportResultOutputID=00c83d93005001a9b79eb6e0f49e6e77 DependenciesID=09bca40668a5c7afc30c7043ba573be2 StaticDependenciesID=ccb17b85cd17526d4e3f2b9d65249487 
Number of updated asset objects reloaded before import = 0
Number of asset objects unloaded after import = 3
========================================================================
Received Import Request.
  Time of request: 2026-09-30T10:20:59.785356Z
  Time since last request: 0.0008921 seconds.
  importAddress: GUID: a4c77cea19fd0f84581d6e437a86290c - Path: Packages/com.unity.2d.animation/Editor/Assets/EditorIcons/Generate_Geometry@4x.png - Importer: PreviewImporter
Importing 'GUID: a4c77cea19fd0f84581d6e437a86290c - Path: Packages/com.unity.2d.animation/Editor/Assets/EditorIcons/Generate_Geometry@4x.png - Importer: PreviewImporter' with importer (PreviewImporter)
Imported 'GUID: a4c77cea19fd0f84581d6e437a86290c' -> (Import Result ID: 'cbd866c8904eb619b0532ef8f04df9f3') in 0.012 seconds [static and dynamic dependencies]. Details - ImportResultOutputID=efcccfffbf2c534b659734296781c067 DependenciesID=3d3629c2ca4de3dc31380c8081ec102d StaticDependenciesID=8e4f448b847f2b986f13439501fcdd46 
Number of updated asset objects reloaded before import = 0
Number of asset objects unloaded after import = 3
========================================================================
Received Import Request.
  Time of request: 2026-09-30T10:20:59.8155163Z
  Time since last request: 0.0004666 seconds.
  importAddress: GUID: 27fcf2ee0895b467f980e5c3c57b655c - Path: Packages/com.unity.2d.tilemap.extras/Editor/Brushes/GameObjectBrush/GameObjectBrush@4x.png - Importer: PreviewImporter
Importing 'GUID: 27fcf2ee0895b467f980e5c3c57b655c - Path: Packages/com.unity.2d.tilemap.extras/Editor/Brushes/GameObjectBrush/GameObjectBrush@4x.png - Importer: PreviewImporter' with importer (PreviewImporter)
Imported 'GUID: 27fcf2ee0895b467f980e5c3c57b655c' -> (Import Result ID: '308cce587fa40e9e238bf7ca0a163eac') in 0.050 seconds [static and dynamic dependencies]. Details - ImportResultOutputID=576af109b306453dcf19355e8a5fb0e7 DependenciesID=468e09ccef6ba9653a17e21e24c6f213 StaticDependenciesID=22eed4b9212ed98ce4780e7401618ecd 
Number of updated asset objects reloaded before import = 0
Number of asset objects unloaded after import = 3
========================================================================
Received Import Request.
  Time of request: 2026-09-30T10:20:59.8896699Z
  Time since last request: 0.000843 seconds.
  importAddress: GUID: 3b1f1c1705419448398bbfafa99724cc - Path: Packages/com.unity.2d.tilemap.extras/Editor/Brushes/GameObjectBrush/GameObjectBrush@2x.png - Importer: PreviewImporter
Importing 'GUID: 3b1f1c1705419448398bbfafa99724cc - Path: Packages/com.unity.2d.tilemap.extras/Editor/Brushes/GameObjectBrush/GameObjectBrush@2x.png - Importer: PreviewImporter' with importer (PreviewImporter)
Imported 'GUID: 3b1f1c1705419448398bbfafa99724cc' -> (Import Result ID: 'a00ac027e3e7fe51261f311ec28190ab') in 0.009 seconds [static and dynamic dependencies]. Details - ImportResultOutputID=9b80ac5249560d5a42bae3c88231af58 DependenciesID=1539fcb5081e8471ee4099234d5cc062 StaticDependenciesID=6f66aede0c28537abac28daedd8f1a54 
Number of updated asset objects reloaded before import = 0
Number of asset objects unloaded after import = 3
========================================================================
Received Import Request.
  Time of request: 2026-09-30T10:20:59.91784Z
  Time since last request: 0.0005345 seconds.
  importAddress: GUID: 2892d6ec6ca2a1f45adbd52fdb96fcfe - Path: Packages/com.unity.2d.animation/Editor/Assets/EditorIcons/Selected/Generate_Weights.png - Importer: PreviewImporter
Importing 'GUID: 2892d6ec6ca2a1f45adbd52fdb96fcfe - Path: Packages/com.unity.2d.animation/Editor/Assets/EditorIcons/Selected/Generate_Weights.png - Importer: PreviewImporter' with importer (PreviewImporter)
Imported 'GUID: 2892d6ec6ca2a1f45adbd52fdb96fcfe' -> (Import Result ID: 'b9a11859faa93f9bf5e6aa565830de39') in 0.012 seconds [static and dynamic dependencies]. Details - ImportResultOutputID=d3e9b6298db7533166651226269f9883 DependenciesID=71cf9fe7fff48cba9379eda4a0d93b52 StaticDependenciesID=18f8e362cf200a1958d04c11be265105 
Number of updated asset objects reloaded before import = 0
Number of asset objects unloaded after import = 3
========================================================================
Received Import Request.
  Time of request: 2026-09-30T10:20:59.9513614Z
  Time since last request: 0.001158 seconds.
  importAddress: GUID: 7b0bba6a9b6960a4fb500a75d4a4caa0 - Path: Packages/com.unity.2d.animation/Editor/Assets/EditorIcons/Selected/Generate_Geometry@4x.png - Importer: PreviewImporter
Importing 'GUID: 7b0bba6a9b6960a4fb500a75d4a4caa0 - Path: Packages/com.unity.2d.animation/Editor/Assets/EditorIcons/Selected/Generate_Geometry@4x.png - Importer: PreviewImporter' with importer (PreviewImporter)
Imported 'GUID: 7b0bba6a9b6960a4fb500a75d4a4caa0' -> (Import Result ID: '49f61389e58892c6711acdac7dfb88fc') in 0.011 seconds [static and dynamic dependencies]. Details - ImportResultOutputID=1ac21db39dd3d71a60f904ee40b0d6ae DependenciesID=cbfc6b30acc72438ed6abada503271d5 StaticDependenciesID=509ecb204ecbf30f0ba4f4f656e9ffa8 
Number of updated asset objects reloaded before import = 0
Number of asset objects unloaded after import = 3
========================================================================
Received Import Request.
  Time of request: 2026-09-30T10:20:59.9831315Z
  Time since last request: 0.0004974 seconds.
  importAddress: GUID: ba75d79a1a0723e488112808560789b7 - Path: Packages/com.unity.2d.animation/Editor/Assets/EditorIcons/Selected/Generate_Weights@2x.png - Importer: PreviewImporter
Importing 'GUID: ba75d79a1a0723e488112808560789b7 - Path: Packages/com.unity.2d.animation/Editor/Assets/EditorIcons/Selected/Generate_Weights@2x.png - Importer: PreviewImporter' with importer (PreviewImporter)
Imported 'GUID: ba75d79a1a0723e488112808560789b7' -> (Import Result ID: 'bfb980ebf8e3d11a2dc8dbb0cff8f908') in 0.012 seconds [static and dynamic dependencies]. Details - ImportResultOutputID=06c815a97c181fecea3a0929288c79f5 DependenciesID=5e22d9ffea676f2a8ee22a97d2883148 StaticDependenciesID=eedd23f6a9b8b2f838b59b3a41da33fe 
Number of updated asset objects reloaded before import = 0
Number of asset objects unloaded after import = 3
========================================================================
Received Import Request.
  Time of request: 2026-09-30T10:21:00.0153482Z
  Time since last request: 0.0010227 seconds.
  importAddress: GUID: 007c4dbed3f8be9429c39de72ee3c2d7 - Path: Packages/com.unity.2d.animation/Editor/Assets/EditorIcons/Generate_Weights.png - Importer: PreviewImporter
Importing 'GUID: 007c4dbed3f8be9429c39de72ee3c2d7 - Path: Packages/com.unity.2d.animation/Editor/Assets/EditorIcons/Generate_Weights.png - Importer: PreviewImporter' with importer (PreviewImporter)
Imported 'GUID: 007c4dbed3f8be9429c39de72ee3c2d7' -> (Import Result ID: 'd94ddc7c8f173e14b1be5ec51ac54634') in 0.013 seconds [static and dynamic dependencies]. Details - ImportResultOutputID=8fa7ef43f5d3ad6957d50d190068a126 DependenciesID=6b1b65802694a0ab2ce8b3d859d23bb6 StaticDependenciesID=d52845fad685f45cf5bdd45508af972e 
Number of updated asset objects reloaded before import = 0
Number of asset objects unloaded after import = 3
========================================================================
Received Import Request.
  Time of request: 2026-09-30T10:21:00.1961156Z
  Time since last request: 0.1501446 seconds.
  importAddress: GUID: 9cdb1d83bdac1554287041973d268c1d - Path: Packages/com.unity.2d.tilemap/Editor/Icons/EditorUI.TargetHover@4x.png - Importer: PreviewImporter
Importing 'GUID: 9cdb1d83bdac1554287041973d268c1d - Path: Packages/com.unity.2d.tilemap/Editor/Icons/EditorUI.TargetHover@4x.png - Importer: PreviewImporter' with importer (PreviewImporter)
Imported 'GUID: 9cdb1d83bdac1554287041973d268c1d' -> (Import Result ID: '41e5a9b3ef29efcaff483f674aac1bd4') in 0.009 seconds [static and dynamic dependencies]. Details - ImportResultOutputID=aa34efa4c0a5b35621d30cee72d80b79 DependenciesID=2ef450388b46549e7c78e34fd32ff96e StaticDependenciesID=8c51ecb7eee410425e00d0118a880094 
Number of updated asset objects reloaded before import = 0
Number of asset objects unloaded after import = 3
========================================================================
Received Import Request.
  Time of request: 2026-09-30T10:21:00.226126Z
  Time since last request: 0.000345 seconds.
  importAddress: GUID: 4c635bf514a064e8d9688218d937fe77 - Path: Packages/com.unity.collab-proxy/Editor/Assets/Images/exclusionrule@2x.png - Importer: PreviewImporter
Importing 'GUID: 4c635bf514a064e8d9688218d937fe77 - Path: Packages/com.unity.collab-proxy/Editor/Assets/Images/exclusionrule@2x.png - Importer: PreviewImporter' with importer (PreviewImporter)
Imported 'GUID: 4c635bf514a064e8d9688218d937fe77' -> (Import Result ID: 'f6008dfb10525e1479af82b3eb8b8759') in 0.009 seconds [static and dynamic dependencies]. Details - ImportResultOutputID=a1eb089a44c0a5c4623db16ba306663a DependenciesID=0411e6527a0be93ecb78c3d4a378b48f StaticDependenciesID=f120be5cff61a9879a13d1d9e09573f7 
Number of updated asset objects reloaded before import = 0
Number of asset objects unloaded after import = 3
========================================================================
Received Import Request.
  Time of request: 2026-09-30T10:21:00.2543664Z
  Time since last request: 0.0008204 seconds.
  importAddress: GUID: fdc8bace2b7ef504d91d22cca2a5d905 - Path: Packages/com.unity.2d.tilemap/Editor/Icons/EditorUI.TargetHover.png - Importer: PreviewImporter
Importing 'GUID: fdc8bace2b7ef504d91d22cca2a5d905 - Path: Packages/com.unity.2d.tilemap/Editor/Icons/EditorUI.TargetHover.png - Importer: PreviewImporter' with importer (PreviewImporter)
Imported 'GUID: fdc8bace2b7ef504d91d22cca2a5d905' -> (Import Result ID: '1681ef61d3a43ec858d4d7323acc41b2') in 0.009 seconds [static and dynamic dependencies]. Details - ImportResultOutputID=3cbf6604b0c233b520c8a5636f06cd24 DependenciesID=646728b38e87bbf7577694af88efb2a2 StaticDependenciesID=8fc13f8222bbaa00233eb01638551cef 
Number of updated asset objects reloaded before import = 0
Number of asset objects unloaded after import = 3
========================================================================
Received Import Request.
  Time of request: 2026-09-30T10:21:00.323574Z
  Time since last request: 0.0403278 seconds.
  importAddress: GUID: 2e12ff2cc7983784eab0dfe0bb7ff17e - Path: Packages/com.unity.2d.tilemap/Editor/Icons/EditorUI.TargetHover@2x.png - Importer: PreviewImporter
Importing 'GUID: 2e12ff2cc7983784eab0dfe0bb7ff17e - Path: Packages/com.unity.2d.tilemap/Editor/Icons/EditorUI.TargetHover@2x.png - Importer: PreviewImporter' with importer (PreviewImporter)
Imported 'GUID: 2e12ff2cc7983784eab0dfe0bb7ff17e' -> (Import Result ID: 'e6583ee39a9dc027878c34f71638f5b3') in 0.014 seconds [static and dynamic dependencies]. Details - ImportResultOutputID=f282051387d9dcaae2ee5bf49d3d1539 DependenciesID=2e355225b67cf21e7872eb2de0cea4a2 StaticDependenciesID=b86fa563dd1d7662fdd53757130f103d 
Number of updated asset objects reloaded before import = 0
Number of asset objects unloaded after import = 3
========================================================================
Received Import Request.
  Time of request: 2026-09-30T10:21:00.5045848Z
  Time since last request: 0.1458554 seconds.
  importAddress: GUID: f8eef1ebd82d467428620ec2c02bc50a - Path: Packages/com.unity.2d.tilemap/Editor/Icons/EditorUI.Target@2x.png - Importer: PreviewImporter
Importing 'GUID: f8eef1ebd82d467428620ec2c02bc50a - Path: Packages/com.unity.2d.tilemap/Editor/Icons/EditorUI.Target@2x.png - Importer: PreviewImporter' with importer (PreviewImporter)
Imported 'GUID: f8eef1ebd82d467428620ec2c02bc50a' -> (Import Result ID: 'aebea0d6b73857f0e21af5ae7c2b6894') in 0.016 seconds [static and dynamic dependencies]. Details - ImportResultOutputID=cba955098397f4148b20e66225aef982 DependenciesID=fbd62b16c2cadd3394982abf8bb6b1d6 StaticDependenciesID=f011bc141e028ab01cfcd78290de7689 
Number of updated asset objects reloaded before import = 0
Number of asset objects unloaded after import = 3
========================================================================
Received Import Request.
  Time of request: 2026-09-30T10:21:00.5482659Z
  Time since last request: 0.0007172 seconds.
  importAddress: GUID: 40c6c4b2db0874b608f545e256a67283 - Path: Packages/com.unity.2d.animation/Editor/Assets/EditorIcons/EditorUI.Filter@2x.png - Importer: PreviewImporter
Importing 'GUID: 40c6c4b2db0874b608f545e256a67283 - Path: Packages/com.unity.2d.animation/Editor/Assets/EditorIcons/EditorUI.Filter@2x.png - Importer: PreviewImporter' with importer (PreviewImporter)
Imported 'GUID: 40c6c4b2db0874b608f545e256a67283' -> (Import Result ID: '22bcc1445b80ef68448a82196906edeb') in 0.009 seconds [static and dynamic dependencies]. Details - ImportResultOutputID=79be4e01de107c6d5aa390aa7ab5f45d DependenciesID=33ad7646795794c9a42c3f4f7c4700b6 StaticDependenciesID=f4b760051a661390fb8247af2cc6610f 
Number of updated asset objects reloaded before import = 0
Number of asset objects unloaded after import = 3
========================================================================
Received Import Request.
  Time of request: 2026-09-30T10:21:00.5776203Z
  Time since last request: 0.0004721 seconds.
  importAddress: GUID: cf94b5ae9bca88f4a97ce96847235ba3 - Path: Packages/com.unity.2d.tilemap/Editor/Icons/EditorUI.Target.png - Importer: PreviewImporter
Importing 'GUID: cf94b5ae9bca88f4a97ce96847235ba3 - Path: Packages/com.unity.2d.tilemap/Editor/Icons/EditorUI.Target.png - Importer: PreviewImporter' with importer (PreviewImporter)
Imported 'GUID: cf94b5ae9bca88f4a97ce96847235ba3' -> (Import Result ID: '762d6ee1f2c4d30ede2792367bf34753') in 0.010 seconds [static and dynamic dependencies]. Details - ImportResultOutputID=54d264c4ea6e108328a873b52fb413c1 DependenciesID=bb9aece15063231f90e1c4d1705df228 StaticDependenciesID=6404c47764138703d8b1d7ed16162525 
Number of updated asset objects reloaded before import = 0
Number of asset objects unloaded after import = 3
========================================================================
Received Import Request.
  Time of request: 2026-09-30T10:21:00.6071375Z
  Time since last request: 0.0005431 seconds.
  importAddress: GUID: 943f98e6f10ab4d4883cdc5198a68118 - Path: Packages/com.unity.2d.tilemap/Editor/Icons/EditorUI.Filter@2x.png - Importer: PreviewImporter
Importing 'GUID: 943f98e6f10ab4d4883cdc5198a68118 - Path: Packages/com.unity.2d.tilemap/Editor/Icons/EditorUI.Filter@2x.png - Importer: PreviewImporter' with importer (PreviewImporter)
Imported 'GUID: 943f98e6f10ab4d4883cdc5198a68118' -> (Import Result ID: 'eec19737aac2ef0c7789ad527c8ae807') in 0.013 seconds [static and dynamic dependencies]. Details - ImportResultOutputID=2bc9fad6dc59926ad7d9645b780b82ea DependenciesID=b7048a105291f50d7adde9af20dc6050 StaticDependenciesID=239e0f28a32de964c75317316fd20954 
Number of updated asset objects reloaded before import = 0
Number of asset objects unloaded after import = 3
========================================================================
Received Import Request.
  Time of request: 2026-09-30T10:21:00.8103386Z
  Time since last request: 0.1734966 seconds.
  importAddress: GUID: 558997ec9158c584a9ba9ee3eddbe8b0 - Path: Packages/com.unity.2d.animation/Editor/Assets/EditorIcons/Selected/Edit_Pose@3x.png - Importer: PreviewImporter
Importing 'GUID: 558997ec9158c584a9ba9ee3eddbe8b0 - Path: Packages/com.unity.2d.animation/Editor/Assets/EditorIcons/Selected/Edit_Pose@3x.png - Importer: PreviewImporter' with importer (PreviewImporter)
Imported 'GUID: 558997ec9158c584a9ba9ee3eddbe8b0' -> (Import Result ID: '360b7e98e0edb4f47946ece3e1274253') in 0.014 seconds [static and dynamic dependencies]. Details - ImportResultOutputID=0978da22d742989e2bca3da3849673f5 DependenciesID=df81ab9b70b900b8189ac96be32077f5 StaticDependenciesID=79dab804ea8b64815883233d60d524eb 
Number of updated asset objects reloaded before import = 0
Number of asset objects unloaded after import = 3
========================================================================
Received Import Request.
  Time of request: 2026-09-30T10:21:01.0138023Z
  Time since last request: 0.1695612 seconds.
  importAddress: GUID: 9369d4108c727134a8f5a9618cfbbf18 - Path: Packages/com.unity.2d.animation/Editor/Assets/EditorIcons/Edit_Pose.png - Importer: PreviewImporter
Importing 'GUID: 9369d4108c727134a8f5a9618cfbbf18 - Path: Packages/com.unity.2d.animation/Editor/Assets/EditorIcons/Edit_Pose.png - Importer: PreviewImporter' with importer (PreviewImporter)
Imported 'GUID: 9369d4108c727134a8f5a9618cfbbf18' -> (Import Result ID: '42269619413d9dc5b80ea495310c462e') in 0.011 seconds [static and dynamic dependencies]. Details - ImportResultOutputID=dce95acceb1c47b7fed8a65845cb658f DependenciesID=e756cc24dfd80eb5c676458129974398 StaticDependenciesID=15a808f5c86096525e50014c7d9f3d63 
Number of updated asset objects reloaded before import = 0
Number of asset objects unloaded after import = 3
========================================================================
Received Import Request.
  Time of request: 2026-09-30T10:21:01.0494553Z
  Time since last request: 0.0005084 seconds.
  importAddress: GUID: d7b47eae8bab6b94798f1c25eabe65c2 - Path: Packages/com.unity.2d.animation/Editor/Assets/EditorIcons/Selected/Edit_Joints@4x.png - Importer: PreviewImporter
Importing 'GUID: d7b47eae8bab6b94798f1c25eabe65c2 - Path: Packages/com.unity.2d.animation/Editor/Assets/EditorIcons/Selected/Edit_Joints@4x.png - Importer: PreviewImporter' with importer (PreviewImporter)
Imported 'GUID: d7b47eae8bab6b94798f1c25eabe65c2' -> (Import Result ID: '3f2f1c39688cb2f02e82c7cd12ea6675') in 0.009 seconds [static and dynamic dependencies]. Details - ImportResultOutputID=7b659489549a9524e7246caa4f7cef37 DependenciesID=e80d2c2548cf862698fb65d7930f612b StaticDependenciesID=e4484a401c6ebe5d486cb145df2a4d60 
Number of updated asset objects reloaded before import = 0
Number of asset objects unloaded after import = 3
========================================================================
Received Import Request.
  Time of request: 2026-09-30T10:21:01.078964Z
  Time since last request: 0.0005579 seconds.
  importAddress: GUID: 1a96ab5f501a8e84c9016458682e1ccb - Path: Packages/com.unity.2d.animation/Editor/Assets/EditorIcons/Selected/Edit_Geometry@4x.png - Importer: PreviewImporter
Importing 'GUID: 1a96ab5f501a8e84c9016458682e1ccb - Path: Packages/com.unity.2d.animation/Editor/Assets/EditorIcons/Selected/Edit_Geometry@4x.png - Importer: PreviewImporter' with importer (PreviewImporter)
Imported 'GUID: 1a96ab5f501a8e84c9016458682e1ccb' -> (Import Result ID: '49c746dc15d1546d1a8b924ddf04e369') in 0.009 seconds [static and dynamic dependencies]. Details - ImportResultOutputID=dc79183d54b52229fd18d306aa1dfe29 DependenciesID=a94dd6d31446e349f54e81ae4fc597d9 StaticDependenciesID=a7b854cc2e901a71ffff658d50fb3398 
Number of updated asset objects reloaded before import = 0
Number of asset objects unloaded after import = 3
========================================================================
Received Import Request.
  Time of request: 2026-09-30T10:21:01.1118296Z
  Time since last request: 0.0004455 seconds.
  importAddress: GUID: da6b55611e420f443a65d0be7a8f8719 - Path: Packages/com.unity.2d.animation/Editor/Assets/EditorIcons/Edit_Joints@3x.png - Importer: PreviewImporter
Importing 'GUID: da6b55611e420f443a65d0be7a8f8719 - Path: Packages/com.unity.2d.animation/Editor/Assets/EditorIcons/Edit_Joints@3x.png - Importer: PreviewImporter' with importer (PreviewImporter)
Imported 'GUID: da6b55611e420f443a65d0be7a8f8719' -> (Import Result ID: '5b98af9c0e437838716b2561500d2353') in 0.012 seconds [static and dynamic dependencies]. Details - ImportResultOutputID=f43da97afccff5dc851b3bfa32161439 DependenciesID=c8a0bd245f17f0557916fc354b6aef18 StaticDependenciesID=dca8eab152f5d3b7e23493af9786fbd2 
Number of updated asset objects reloaded before import = 0
Number of asset objects unloaded after import = 3
========================================================================
Received Import Request.
  Time of request: 2026-09-30T10:21:01.145855Z
  Time since last request: 0.0007459 seconds.
  importAddress: GUID: b37297243655c064a8cd48d76a074ca0 - Path: Packages/com.unity.2d.animation/Editor/Assets/EditorIcons/Edit_Geometry@3x.png - Importer: PreviewImporter
Importing 'GUID: b37297243655c064a8cd48d76a074ca0 - Path: Packages/com.unity.2d.animation/Editor/Assets/EditorIcons/Edit_Geometry@3x.png - Importer: PreviewImporter' with importer (PreviewImporter)
Imported 'GUID: b37297243655c064a8cd48d76a074ca0' -> (Import Result ID: '5a842c7c829b1f0014c2724adb7623c3') in 0.010 seconds [static and dynamic dependencies]. Details - ImportResultOutputID=052f935c1fc507d42defbaf785f75ba7 DependenciesID=ad8537d62fa39d8cca68fb7397a53d98 StaticDependenciesID=ea11a47a21a6db1b967669bf5484b063 
Number of updated asset objects reloaded before import = 0
Number of asset objects unloaded after import = 3
========================================================================
Received Import Request.
  Time of request: 2026-09-30T10:21:01.1777012Z
  Time since last request: 0.0004437 seconds.
  importAddress: GUID: e7b30dca77466b8478690c280b0010ea - Path: Packages/com.unity.2d.animation/Editor/Assets/EditorIcons/Edit_Joints.png - Importer: PreviewImporter
Importing 'GUID: e7b30dca77466b8478690c280b0010ea - Path: Packages/com.unity.2d.animation/Editor/Assets/EditorIcons/Edit_Joints.png - Importer: PreviewImporter' with importer (PreviewImporter)
Imported 'GUID: e7b30dca77466b8478690c280b0010ea' -> (Import Result ID: '14126120ce076af5edfb8365e4cba7df') in 0.008 seconds [static and dynamic dependencies]. Details - ImportResultOutputID=fc2dcf615bc38938472675cf982b67a6 DependenciesID=1faa78cff669d0a88b6b61197279c4c2 StaticDependenciesID=0249f8658321234c2ea633544b5beef3 
Number of updated asset objects reloaded before import = 0
Number of asset objects unloaded after import = 3
========================================================================
Received Import Request.
  Time of request: 2026-09-30T10:21:01.2304323Z
  Time since last request: 0.0237565 seconds.
  importAddress: GUID: 088ce4ab56060504083daeb4556a09c1 - Path: Packages/com.unity.2d.animation/Editor/Assets/EditorIcons/Edit_Geometry@4x.png - Importer: PreviewImporter
Importing 'GUID: 088ce4ab56060504083daeb4556a09c1 - Path: Packages/com.unity.2d.animation/Editor/Assets/EditorIcons/Edit_Geometry@4x.png - Importer: PreviewImporter' with importer (PreviewImporter)
Imported 'GUID: 088ce4ab56060504083daeb4556a09c1' -> (Import Result ID: 'fbe9226cb5218927c5a5f590f5633bd5') in 0.024 seconds [static and dynamic dependencies]. Details - ImportResultOutputID=60f45a193cb5b0f81818938754f0d7c2 DependenciesID=048d007939fc38fe3f48f1e7da0da290 StaticDependenciesID=2c1ab88d22efa449e499ad71f6454809 
Number of updated asset objects reloaded before import = 0
Number of asset objects unloaded after import = 3
========================================================================
Received Import Request.
  Time of request: 2026-09-30T10:21:01.2766051Z
  Time since last request: 0.0004531 seconds.
  importAddress: GUID: dd736f22fa93fe9468b8b8b405413957 - Path: Packages/com.unity.2d.animation/Editor/Assets/EditorIcons/Selected/Edit_Geometry@3x.png - Importer: PreviewImporter
Importing 'GUID: dd736f22fa93fe9468b8b8b405413957 - Path: Packages/com.unity.2d.animation/Editor/Assets/EditorIcons/Selected/Edit_Geometry@3x.png - Importer: PreviewImporter' with importer (PreviewImporter)
Imported 'GUID: dd736f22fa93fe9468b8b8b405413957' -> (Import Result ID: 'e94e722c63c7fc3dccf8aa26841751ab') in 0.012 seconds [static and dynamic dependencies]. Details - ImportResultOutputID=b5901499e778eba3aca7df2f029864ed DependenciesID=4437fd8a2d54362823dfdf67daea7665 StaticDependenciesID=66f02594518a251e4492df90c4fb1871 
Number of updated asset objects reloaded before import = 0
Number of asset objects unloaded after import = 3
========================================================================
Received Import Request.
  Time of request: 2026-09-30T10:21:01.3085979Z
  Time since last request: 0.0004807 seconds.
  importAddress: GUID: 4bcd27377338b8440bda5ecf26ea2fb5 - Path: Packages/com.unity.2d.animation/Editor/Assets/EditorIcons/Edit_Geometry@2x.png - Importer: PreviewImporter
Importing 'GUID: 4bcd27377338b8440bda5ecf26ea2fb5 - Path: Packages/com.unity.2d.animation/Editor/Assets/EditorIcons/Edit_Geometry@2x.png - Importer: PreviewImporter' with importer (PreviewImporter)
Imported 'GUID: 4bcd27377338b8440bda5ecf26ea2fb5' -> (Import Result ID: 'bc2d0c3b0bfc1835c0cc024c95837342') in 0.014 seconds [static and dynamic dependencies]. Details - ImportResultOutputID=07b262fd31aafe99a7d846ea3c88fe1e DependenciesID=5c71e6cfc1a7d5d6707a50f0f74f928d StaticDependenciesID=21d385c2beb19e1ff220bb52dd836814 
Number of updated asset objects reloaded before import = 0
Number of asset objects unloaded after import = 3
========================================================================
Received Import Request.
  Time of request: 2026-09-30T10:21:01.343928Z
  Time since last request: 0.0009401 seconds.
  importAddress: GUID: f169a69b888768d44906789625031d45 - Path: Packages/com.unity.2d.animation/Editor/Assets/EditorIcons/Edit_Pose@2x.png - Importer: PreviewImporter
Importing 'GUID: f169a69b888768d44906789625031d45 - Path: Packages/com.unity.2d.animation/Editor/Assets/EditorIcons/Edit_Pose@2x.png - Importer: PreviewImporter' with importer (PreviewImporter)
Imported 'GUID: f169a69b888768d44906789625031d45' -> (Import Result ID: '5c1fb5d98bccac2da8f30e8d9cf3d0c9') in 0.013 seconds [static and dynamic dependencies]. Details - ImportResultOutputID=493be7890066d9b56b6e794354068784 DependenciesID=de3f80e42d6e4541673a002d2b65e111 StaticDependenciesID=bd92e8b24f3e625ddd65c8fbdd390f04 
Number of updated asset objects reloaded before import = 0
Number of asset objects unloaded after import = 3
========================================================================
Received Import Request.
  Time of request: 2026-09-30T10:21:01.3799546Z
  Time since last request: 0.0005118 seconds.
  importAddress: GUID: 6fd5a08a269c8544095b5c02ab57696b - Path: Packages/com.unity.2d.animation/Editor/Assets/EditorIcons/Selected/Edit_Joints.png - Importer: PreviewImporter
Importing 'GUID: 6fd5a08a269c8544095b5c02ab57696b - Path: Packages/com.unity.2d.animation/Editor/Assets/EditorIcons/Selected/Edit_Joints.png - Importer: PreviewImporter' with importer (PreviewImporter)
Imported 'GUID: 6fd5a08a269c8544095b5c02ab57696b' -> (Import Result ID: '98a198a0f5f4fc7f063414420a6bf4f9') in 0.013 seconds [static and dynamic dependencies]. Details - ImportResultOutputID=f3e16af0855b935353fdf9d45688b973 DependenciesID=422883ff5560ee23a515db7ed71e3b3d StaticDependenciesID=cd674833ae874e992ed7e80f6327a1f8 
Number of updated asset objects reloaded before import = 0
Number of asset objects unloaded after import = 3
========================================================================
Received Import Request.
  Time of request: 2026-09-30T10:21:01.4115593Z
  Time since last request: 0.0004804 seconds.
  importAddress: GUID: b668cd73b0ac4ba4db9f21a167c80e6b - Path: Packages/com.unity.2d.animation/Editor/Assets/EditorIcons/Selected/Edit_Geometry.png - Importer: PreviewImporter
Importing 'GUID: b668cd73b0ac4ba4db9f21a167c80e6b - Path: Packages/com.unity.2d.animation/Editor/Assets/EditorIcons/Selected/Edit_Geometry.png - Importer: PreviewImporter' with importer (PreviewImporter)
Imported 'GUID: b668cd73b0ac4ba4db9f21a167c80e6b' -> (Import Result ID: '6a948cdf989bb6b321090f865c3a5168') in 0.053 seconds [static and dynamic dependencies]. Details - ImportResultOutputID=36d0a4fe5f8b9313f14bb381021f33fe DependenciesID=a28b6993806d085aeef8c6edce4b53ac StaticDependenciesID=4996d34f471bfedb5011ebb9540a4950 
Number of updated asset objects reloaded before import = 0
Number of asset objects unloaded after import = 3
========================================================================
Received Import Request.
  Time of request: 2026-09-30T10:21:01.5090422Z
  Time since last request: 0.0264029 seconds.
  importAddress: GUID: ad72aefbbd03ec744b3cf61cf766d320 - Path: Packages/com.unity.2d.tilemap/Editor/Icons/d_Tilemap.ShowGrid.png - Importer: PreviewImporter
Importing 'GUID: ad72aefbbd03ec744b3cf61cf766d320 - Path: Packages/com.unity.2d.tilemap/Editor/Icons/d_Tilemap.ShowGrid.png - Importer: PreviewImporter' with importer (PreviewImporter)
Imported 'GUID: ad72aefbbd03ec744b3cf61cf766d320' -> (Import Result ID: '65a53696ed1c8828bb4e4b6a5325ba92') in 0.011 seconds [static and dynamic dependencies]. Details - ImportResultOutputID=4b680aa9e55b557510be171df51274e9 DependenciesID=0def0a1e5b128c0d8672895ae0f0958b StaticDependenciesID=95177efed2e45ae426bae039017a1723 
Number of updated asset objects reloaded before import = 0
Number of asset objects unloaded after import = 3
========================================================================
Received Import Request.
  Time of request: 2026-09-30T10:21:01.5386708Z
  Time since last request: 0.0004287 seconds.
  importAddress: GUID: a16432554ffe69042985d012d1df2637 - Path: Packages/com.unity.2d.tilemap/Editor/Icons/d_Tilemap.TilePalette.png - Importer: PreviewImporter
Importing 'GUID: a16432554ffe69042985d012d1df2637 - Path: Packages/com.unity.2d.tilemap/Editor/Icons/d_Tilemap.TilePalette.png - Importer: PreviewImporter' with importer (PreviewImporter)
Imported 'GUID: a16432554ffe69042985d012d1df2637' -> (Import Result ID: '8ac09668f56410ff9c9fa3710eb9fa6e') in 0.018 seconds [static and dynamic dependencies]. Details - ImportResultOutputID=a772c666ea97b00df0c1f05f22ee9e3b DependenciesID=d58f70d76e4341669ddf4d219d9dd22f StaticDependenciesID=a352d39c39247e52eb3203dc55d545ed 
Number of updated asset objects reloaded before import = 0
Number of asset objects unloaded after import = 3
========================================================================
Received Import Request.
  Time of request: 2026-09-30T10:21:01.5756578Z
  Time since last request: 0.0004044 seconds.
  importAddress: GUID: 86408806ba4819c4494d51cb88d34da4 - Path: Packages/com.unity.2d.tilemap/Editor/Icons/d_Tilemap.TilePalette@4x.png - Importer: PreviewImporter
Importing 'GUID: 86408806ba4819c4494d51cb88d34da4 - Path: Packages/com.unity.2d.tilemap/Editor/Icons/d_Tilemap.TilePalette@4x.png - Importer: PreviewImporter' with importer (PreviewImporter)
Imported 'GUID: 86408806ba4819c4494d51cb88d34da4' -> (Import Result ID: 'd4596b1f636d4f24d852943e984ebe56') in 0.016 seconds [static and dynamic dependencies]. Details - ImportResultOutputID=6b7ecd30f28eaf67419ba1002651ca86 DependenciesID=3f39889b942c677aa8748dd801310e2f StaticDependenciesID=4aef03d29b2152651a4da436bac273b3 
Number of updated asset objects reloaded before import = 0
Number of asset objects unloaded after import = 3
========================================================================
Received Import Request.
  Time of request: 2026-09-30T10:21:01.6102858Z
  Time since last request: 0.0002656 seconds.
  importAddress: GUID: 2d8829bed74ac1940856f77a49d02bfb - Path: Packages/com.unity.2d.tilemap/Editor/Icons/d_Tilemap.ShowTilePalette@4x.png - Importer: PreviewImporter
Importing 'GUID: 2d8829bed74ac1940856f77a49d02bfb - Path: Packages/com.unity.2d.tilemap/Editor/Icons/d_Tilemap.ShowTilePalette@4x.png - Importer: PreviewImporter' with importer (PreviewImporter)
Imported 'GUID: 2d8829bed74ac1940856f77a49d02bfb' -> (Import Result ID: '7f3a90f8db312287768c7843b18a41a0') in 0.009 seconds [static and dynamic dependencies]. Details - ImportResultOutputID=df7577845b9dce7c9c008b44268bd830 DependenciesID=1c1ae43aef97f32234aae1f12628b6fc StaticDependenciesID=5d3649d7e178eaa49e0b26a515d10b98 
Number of updated asset objects reloaded before import = 0
Number of asset objects unloaded after import = 3
========================================================================
Received Import Request.
  Time of request: 2026-09-30T10:21:01.6364293Z
  Time since last request: 0.0004634 seconds.
  importAddress: GUID: 3451731abc835d44993075b3bc0935bd - Path: Packages/com.unity.2d.tilemap/Editor/Icons/d_Tilemap.GridPaint@2x.png - Importer: PreviewImporter
Importing 'GUID: 3451731abc835d44993075b3bc0935bd - Path: Packages/com.unity.2d.tilemap/Editor/Icons/d_Tilemap.GridPaint@2x.png - Importer: PreviewImporter' with importer (PreviewImporter)
Imported 'GUID: 3451731abc835d44993075b3bc0935bd' -> (Import Result ID: '983ea9bc155f399e9f5518bf3065558d') in 0.051 seconds [static and dynamic dependencies]. Details - ImportResultOutputID=385a1b434b91fe6655539a96f878c45a DependenciesID=3e9cd00a06a85540363bbc72f8b2a905 StaticDependenciesID=a1056750e1ccbad2e36031397f85995b 
Number of updated asset objects reloaded before import = 0
Number of asset objects unloaded after import = 3
========================================================================
Received Import Request.
  Time of request: 2026-09-30T10:21:01.7088306Z
  Time since last request: 0.0006004 seconds.
  importAddress: GUID: 479801e1f49ea2d4baf2b4c12f674bcb - Path: Packages/com.unity.2d.tilemap/Editor/Icons/d_Tilemap.FocusNone@2x.png - Importer: PreviewImporter
Importing 'GUID: 479801e1f49ea2d4baf2b4c12f674bcb - Path: Packages/com.unity.2d.tilemap/Editor/Icons/d_Tilemap.FocusNone@2x.png - Importer: PreviewImporter' with importer (PreviewImporter)
Imported 'GUID: 479801e1f49ea2d4baf2b4c12f674bcb' -> (Import Result ID: '49345d14bf10a915428b51f340ff3350') in 0.007 seconds [static and dynamic dependencies]. Details - ImportResultOutputID=f2307186631a771c34e278a7da0a3e3f DependenciesID=0e1fccc0c537341ceaf310501071b275 StaticDependenciesID=2644195bf5e2059414d0599b673c962b 
Number of updated asset objects reloaded before import = 0
Number of asset objects unloaded after import = 3
========================================================================
Received Import Request.
  Time of request: 2026-09-30T10:21:01.7361108Z
  Time since last request: 0.0006238 seconds.
  importAddress: GUID: 4e62fa74d1eac074cac268c2997a658c - Path: Packages/com.unity.2d.tilemap/Editor/Icons/d_Tilemap.GridPaint@4x.png - Importer: PreviewImporter
Importing 'GUID: 4e62fa74d1eac074cac268c2997a658c - Path: Packages/com.unity.2d.tilemap/Editor/Icons/d_Tilemap.GridPaint@4x.png - Importer: PreviewImporter' with importer (PreviewImporter)
Imported 'GUID: 4e62fa74d1eac074cac268c2997a658c' -> (Import Result ID: '8ebb08c19d54783875511d035789cae3') in 0.051 seconds [static and dynamic dependencies]. Details - ImportResultOutputID=839daf656e74b37804bd6626e200930e DependenciesID=f65a2f8f5c9820eee45579fbefc96fac StaticDependenciesID=596fa5e11637843f4f4d07bfc837896a 
Number of updated asset objects reloaded before import = 0
Number of asset objects unloaded after import = 3
========================================================================
Received Import Request.
  Time of request: 2026-09-30T10:21:01.8077592Z
  Time since last request: 0.0005565 seconds.
  importAddress: GUID: 26f3d342b8e95b24da7ec4638d7f2322 - Path: Packages/com.unity.2d.tilemap/Editor/Icons/d_Tilemap.GridPaint.png - Importer: PreviewImporter
Importing 'GUID: 26f3d342b8e95b24da7ec4638d7f2322 - Path: Packages/com.unity.2d.tilemap/Editor/Icons/d_Tilemap.GridPaint.png - Importer: PreviewImporter' with importer (PreviewImporter)
Imported 'GUID: 26f3d342b8e95b24da7ec4638d7f2322' -> (Import Result ID: 'daf3fda66ec0cdc5e42e55d13b41fd85') in 0.012 seconds [static and dynamic dependencies]. Details - ImportResultOutputID=235b015e1f11dbaf566f3a290f13e9d1 DependenciesID=99cc8def7eed9c45f202b69df0872045 StaticDependenciesID=34bd46d8f4452604bf7951f757401aca 
Number of updated asset objects reloaded before import = 0
Number of asset objects unloaded after import = 3
========================================================================
Received Import Request.
  Time of request: 2026-09-30T10:21:01.8622671Z
  Time since last request: 0.0232711 seconds.
  importAddress: GUID: b46d3a07716bc8b4296166d5ac10e492 - Path: Packages/com.unity.2d.tilemap/Editor/Icons/d_Tilemap.FocusGrid.png - Importer: PreviewImporter
Importing 'GUID: b46d3a07716bc8b4296166d5ac10e492 - Path: Packages/com.unity.2d.tilemap/Editor/Icons/d_Tilemap.FocusGrid.png - Importer: PreviewImporter' with importer (PreviewImporter)
Imported 'GUID: b46d3a07716bc8b4296166d5ac10e492' -> (Import Result ID: '93ee8c00430e6b8da7930545b4da3fc3') in 0.009 seconds [static and dynamic dependencies]. Details - ImportResultOutputID=c0cd78fc7e4f86e09e34446611906ab1 DependenciesID=0d55e24ce85171fbef2be6a3d8b14241 StaticDependenciesID=80dbc566d1b1a6395f83b9ae7351b780 
Number of updated asset objects reloaded before import = 0
Number of asset objects unloaded after import = 3
========================================================================
Received Import Request.
  Time of request: 2026-09-30T10:21:01.8910411Z
  Time since last request: 0.0003991 seconds.
  importAddress: GUID: 6c05763976bcac64ebefb1f097e6ef84 - Path: Packages/com.unity.2d.tilemap/Editor/Icons/d_Tilemap.FocusGrid@2x.png - Importer: PreviewImporter
Importing 'GUID: 6c05763976bcac64ebefb1f097e6ef84 - Path: Packages/com.unity.2d.tilemap/Editor/Icons/d_Tilemap.FocusGrid@2x.png - Importer: PreviewImporter' with importer (PreviewImporter)
Imported 'GUID: 6c05763976bcac64ebefb1f097e6ef84' -> (Import Result ID: '5a89ae69bc5455fe7c7ba71d7a6d98bd') in 0.008 seconds [static and dynamic dependencies]. Details - ImportResultOutputID=636e83213efe62599360e9921f014f7c DependenciesID=e5d5fd19866950bb55e63850bda304c2 StaticDependenciesID=f4d85911cd174c38e7cdeaade56100b9 
Number of updated asset objects reloaded before import = 0
Number of asset objects unloaded after import = 3
========================================================================
Received Import Request.
  Time of request: 2026-09-30T10:21:01.9454479Z
  Time since last request: 0.0253881 seconds.
  importAddress: GUID: 12e04f72413abf04fb4a5f79e70822ff - Path: Packages/com.unity.2d.tilemap/Editor/Icons/d_Tilemap.DefaultBrush.png - Importer: PreviewImporter
Importing 'GUID: 12e04f72413abf04fb4a5f79e70822ff - Path: Packages/com.unity.2d.tilemap/Editor/Icons/d_Tilemap.DefaultBrush.png - Importer: PreviewImporter' with importer (PreviewImporter)
Imported 'GUID: 12e04f72413abf04fb4a5f79e70822ff' -> (Import Result ID: '25be51efdbbeaa2e4fc169198b1ca2d3') in 0.013 seconds [static and dynamic dependencies]. Details - ImportResultOutputID=d5e908f3d9d8bcd267943b350f0de3ff DependenciesID=fbb467d29a5467948d2a6b42cee6794b StaticDependenciesID=b9e7e97b466f1a2f84d9f120a0f6051d 
Number of updated asset objects reloaded before import = 0
Number of asset objects unloaded after import = 3
========================================================================
Received Import Request.
  Time of request: 2026-09-30T10:21:01.9811405Z
  Time since last request: 0.0006827 seconds.
  importAddress: GUID: 9c4b584fdcc16e84391e2a1f5235a9d3 - Path: Packages/com.unity.2d.tilemap/Editor/Icons/d_Tilemap.EditPalette@4x.png - Importer: PreviewImporter
Importing 'GUID: 9c4b584fdcc16e84391e2a1f5235a9d3 - Path: Packages/com.unity.2d.tilemap/Editor/Icons/d_Tilemap.EditPalette@4x.png - Importer: PreviewImporter' with importer (PreviewImporter)
Imported 'GUID: 9c4b584fdcc16e84391e2a1f5235a9d3' -> (Import Result ID: '058e5b54421bbe9a91762b23fe2729ef') in 0.013 seconds [static and dynamic dependencies]. Details - ImportResultOutputID=efbbaa9d41f40bc93ce679c484f0addf DependenciesID=78a72e8c4d4a9eb7d049764be6c36897 StaticDependenciesID=fcc17e24ee75a78cd930e9a5588db72b 
Number of updated asset objects reloaded before import = 0
Number of asset objects unloaded after import = 3
========================================================================
Received Import Request.
  Time of request: 2026-09-30T10:21:02.0158296Z
  Time since last request: 0.0000251 seconds.
  importAddress: GUID: 84cd96391d8e912479adff56b3500191 - Path: Packages/com.unity.2d.tilemap/Editor/Icons/d_Tilemap.EditPalette.png - Importer: PreviewImporter
Importing 'GUID: 84cd96391d8e912479adff56b3500191 - Path: Packages/com.unity.2d.tilemap/Editor/Icons/d_Tilemap.EditPalette.png - Importer: PreviewImporter' with importer (PreviewImporter)
Imported 'GUID: 84cd96391d8e912479adff56b3500191' -> (Import Result ID: '53bfee00aaa54875e344d8db9abe88c0') in 0.014 seconds [static and dynamic dependencies]. Details - ImportResultOutputID=c9a3c5c8ada085b5e2a89726128fd693 DependenciesID=6d652409c68624036efff539fd48c01a StaticDependenciesID=ce9cc2f29849b5b562057d52b99a5017 
Number of updated asset objects reloaded before import = 0
Number of asset objects unloaded after import = 3
========================================================================
Received Import Request.
  Time of request: 2026-09-30T10:21:02.1927444Z
  Time since last request: 0.1419503 seconds.
  importAddress: GUID: ce02df96e1ca9482a8de0ec251e9d4e4 - Path: Packages/com.unity.2d.tilemap/Editor/Icons/d_Tilemap.CustomBrush@2x.png - Importer: PreviewImporter
Importing 'GUID: ce02df96e1ca9482a8de0ec251e9d4e4 - Path: Packages/com.unity.2d.tilemap/Editor/Icons/d_Tilemap.CustomBrush@2x.png - Importer: PreviewImporter' with importer (PreviewImporter)
Imported 'GUID: ce02df96e1ca9482a8de0ec251e9d4e4' -> (Import Result ID: '74734da090d7ecdfe654c482a1005df4') in 0.014 seconds [static and dynamic dependencies]. Details - ImportResultOutputID=d3737286ab9247280e3cbf67abbcd6f3 DependenciesID=bd28082fc327235c53d2aca403236dd3 StaticDependenciesID=5476df5588d2aa074a0a1e9de602d7e8 
Number of updated asset objects reloaded before import = 0
Number of asset objects unloaded after import = 3
========================================================================
Received Import Request.
  Time of request: 2026-09-30T10:21:03.7211913Z
  Time since last request: 1.4893411 seconds.
  importAddress: GUID: 4573e6fe13e8f4b68a6e290c779078cd - Path: Packages/com.unity.2d.animation/Editor/Assets/EditorIcons/d_True.png - Importer: PreviewImporter
Importing 'GUID: 4573e6fe13e8f4b68a6e290c779078cd - Path: Packages/com.unity.2d.animation/Editor/Assets/EditorIcons/d_True.png - Importer: PreviewImporter' with importer (PreviewImporter)
Imported 'GUID: 4573e6fe13e8f4b68a6e290c779078cd' -> (Import Result ID: 'e83d159ee508af7aa383cb10aa743c1e') in 0.014 seconds [static and dynamic dependencies]. Details - ImportResultOutputID=2bcca3909eee21073e0eb400113257ab DependenciesID=1add241a47592c7514a32d9624842786 StaticDependenciesID=894e544a05f1d5348524a239ad695436 
Number of updated asset objects reloaded before import = 0
Number of asset objects unloaded after import = 3
========================================================================
Received Import Request.
  Time of request: 2026-09-30T10:21:03.761522Z
  Time since last request: 0.0005619 seconds.
  importAddress: GUID: daf76ca58c01545899ee8ec12cb269cd - Path: Packages/com.unity.2d.animation/Editor/Assets/EditorIcons/d_ViewToolZoom.png - Importer: PreviewImporter
Importing 'GUID: daf76ca58c01545899ee8ec12cb269cd - Path: Packages/com.unity.2d.animation/Editor/Assets/EditorIcons/d_ViewToolZoom.png - Importer: PreviewImporter' with importer (PreviewImporter)
Imported 'GUID: daf76ca58c01545899ee8ec12cb269cd' -> (Import Result ID: 'f69b5a8f61742bdb88af5b3ae9325c31') in 0.011 seconds [static and dynamic dependencies]. Details - ImportResultOutputID=7f50d9c9ab1a730d98528d4cdee4785d DependenciesID=ccf5f8abbde4b90c3dbc03908fa274fb StaticDependenciesID=ef7fd79b3edc0e4001145dfe3f4e5491 
Number of updated asset objects reloaded before import = 0
Number of asset objects unloaded after import = 3
========================================================================
Received Import Request.
  Time of request: 2026-09-30T10:21:03.7982601Z
  Time since last request: 0.0006355 seconds.
  importAddress: GUID: dc1f494fe190bd54bb487d11e639d5fc - Path: Packages/com.unity.2d.animation/Editor/Assets/EditorIcons/Selected/d_Visibility_Hidded@3x.png - Importer: PreviewImporter
Importing 'GUID: dc1f494fe190bd54bb487d11e639d5fc - Path: Packages/com.unity.2d.animation/Editor/Assets/EditorIcons/Selected/d_Visibility_Hidded@3x.png - Importer: PreviewImporter' with importer (PreviewImporter)
Imported 'GUID: dc1f494fe190bd54bb487d11e639d5fc' -> (Import Result ID: 'acbf1f55e581ad8cd4ac5d976231c83c') in 0.019 seconds [static and dynamic dependencies]. Details - ImportResultOutputID=c4136f8f1eb330e3919b2cf1de015681 DependenciesID=508a9a53e4a446bad18467a7c2657ff0 StaticDependenciesID=95053cb9cdf15e8574131af43adbe0cf 
Number of updated asset objects reloaded before import = 0
Number of asset objects unloaded after import = 3
========================================================================
Received Import Request.
  Time of request: 2026-09-30T10:21:03.8416772Z
  Time since last request: 0.0009409 seconds.
  importAddress: GUID: 6d082a477f1715f498c6a28543125ec8 - Path: Packages/com.unity.2d.animation/Editor/Assets/EditorIcons/d_Visibility_Hidded@3x.png - Importer: PreviewImporter
Importing 'GUID: 6d082a477f1715f498c6a28543125ec8 - Path: Packages/com.unity.2d.animation/Editor/Assets/EditorIcons/d_Visibility_Hidded@3x.png - Importer: PreviewImporter' with importer (PreviewImporter)
Imported 'GUID: 6d082a477f1715f498c6a28543125ec8' -> (Import Result ID: 'e3dc85b97662f0ada3fa5272670a6efc') in 0.016 seconds [static and dynamic dependencies]. Details - ImportResultOutputID=663dea24133f387287a9cc5598b87fa2 DependenciesID=2f2156669ccf35592dd0a61d2efaaa87 StaticDependenciesID=50a38b0f7e74c931e97072788f67cbd1 
Number of updated asset objects reloaded before import = 0
Number of asset objects unloaded after import = 3
========================================================================
Received Import Request.
  Time of request: 2026-09-30T10:21:03.8817754Z
  Time since last request: 0.0004227 seconds.
  importAddress: GUID: 53537648d368cf6459e256af3d925e09 - Path: Packages/com.unity.2d.animation/Editor/Assets/EditorIcons/Selected/d_Visibility_Hidded.png - Importer: PreviewImporter
Importing 'GUID: 53537648d368cf6459e256af3d925e09 - Path: Packages/com.unity.2d.animation/Editor/Assets/EditorIcons/Selected/d_Visibility_Hidded.png - Importer: PreviewImporter' with importer (PreviewImporter)
Imported 'GUID: 53537648d368cf6459e256af3d925e09' -> (Import Result ID: '8b650a0619e4151220f99f6a9afec040') in 0.010 seconds [static and dynamic dependencies]. Details - ImportResultOutputID=b79765fff1fd41f3cca8365fcb13e5c5 DependenciesID=a162878fee54b44efbe6cab0bf3be29c StaticDependenciesID=7ec7dc0002a2dc7d878cda48229c3580 
Number of updated asset objects reloaded before import = 0
Number of asset objects unloaded after import = 3
========================================================================
Received Import Request.
  Time of request: 2026-09-30T10:21:03.9888713Z
  Time since last request: 0.0748464 seconds.
  importAddress: GUID: 8008767850e870a4e8baaf5a6fc8b35c - Path: Packages/com.unity.2d.animation/Editor/Assets/EditorIcons/Selected/d_Visibility_Hidded@4x.png - Importer: PreviewImporter
Importing 'GUID: 8008767850e870a4e8baaf5a6fc8b35c - Path: Packages/com.unity.2d.animation/Editor/Assets/EditorIcons/Selected/d_Visibility_Hidded@4x.png - Importer: PreviewImporter' with importer (PreviewImporter)
Imported 'GUID: 8008767850e870a4e8baaf5a6fc8b35c' -> (Import Result ID: 'b9f2cb9d08c116424b2db7894e6433f3') in 0.015 seconds [static and dynamic dependencies]. Details - ImportResultOutputID=67e791011156ef23698976c2d696294d DependenciesID=2e905f61a87b1636a9052d62fe459aba StaticDependenciesID=0d09ebbf94de618e6c113f1eb4377dee 
Number of updated asset objects reloaded before import = 0
Number of asset objects unloaded after import = 3
========================================================================
Received Import Request.
  Time of request: 2026-09-30T10:21:04.0269617Z
  Time since last request: 0.0003834 seconds.
  importAddress: GUID: cc4d24c10deda874e9f3470976b7d396 - Path: Packages/com.unity.2d.animation/Editor/Assets/EditorIcons/Selected/d_Visibility_Tool.png - Importer: PreviewImporter
Importing 'GUID: cc4d24c10deda874e9f3470976b7d396 - Path: Packages/com.unity.2d.animation/Editor/Assets/EditorIcons/Selected/d_Visibility_Tool.png - Importer: PreviewImporter' with importer (PreviewImporter)
Imported 'GUID: cc4d24c10deda874e9f3470976b7d396' -> (Import Result ID: '5424f01f414866d503f49ea487645666') in 0.010 seconds [static and dynamic dependencies]. Details - ImportResultOutputID=163e2249be681e7e8e674f57e7acdfcd DependenciesID=5ab72b7fce900ff1691fb3c1308e06fd StaticDependenciesID=d99cd67211fccb508dc72cbf02203eba 
Number of updated asset objects reloaded before import = 0
Number of asset objects unloaded after import = 3
========================================================================
Received Import Request.
  Time of request: 2026-09-30T10:21:04.3622205Z
  Time since last request: 0.3040967 seconds.
  importAddress: GUID: 82f78c36add1c2c4795c911a7abfb93e - Path: Packages/com.unity.2d.tilemap/Editor/Icons/d_Tilemap.ActiveTargetLayers@4x.png - Importer: PreviewImporter
Importing 'GUID: 82f78c36add1c2c4795c911a7abfb93e - Path: Packages/com.unity.2d.tilemap/Editor/Icons/d_Tilemap.ActiveTargetLayers@4x.png - Importer: PreviewImporter' with importer (PreviewImporter)
Imported 'GUID: 82f78c36add1c2c4795c911a7abfb93e' -> (Import Result ID: 'b948c380829b0186c57ade9955cd3087') in 0.020 seconds [static and dynamic dependencies]. Details - ImportResultOutputID=557dfa65ea6cb2e084498a0207439f8e DependenciesID=829242bbf281b8bde8848e667f465615 StaticDependenciesID=54940f8c904235b00231a2465ed0295c 
Number of updated asset objects reloaded before import = 0
Number of asset objects unloaded after import = 3
========================================================================
Received Import Request.
  Time of request: 2026-09-30T10:21:04.4135292Z
  Time since last request: 0.0006111 seconds.
  importAddress: GUID: 4e2a3d7e5b5b01843a978d90f553b672 - Path: Packages/com.unity.2d.tilemap/Editor/Icons/d_Tilemap.BrushPicks@2x.png - Importer: PreviewImporter
Importing 'GUID: 4e2a3d7e5b5b01843a978d90f553b672 - Path: Packages/com.unity.2d.tilemap/Editor/Icons/d_Tilemap.BrushPicks@2x.png - Importer: PreviewImporter' with importer (PreviewImporter)
Imported 'GUID: 4e2a3d7e5b5b01843a978d90f553b672' -> (Import Result ID: 'c05f6646d6198c99020595ba5d448eb0') in 0.013 seconds [static and dynamic dependencies]. Details - ImportResultOutputID=a0c2873388bcb51fc301559eb03b63c3 DependenciesID=fadd001ed9c79fbd9a35693b8dbc1170 StaticDependenciesID=3fa08796fddfba1115ffd0488ebc3aa9 
Number of updated asset objects reloaded before import = 0
Number of asset objects unloaded after import = 3
========================================================================
Received Import Request.
  Time of request: 2026-09-30T10:21:04.4474294Z
  Time since last request: 0.0004915 seconds.
  importAddress: GUID: 14e91e4835bce49a0b49a84da2532484 - Path: Packages/com.unity.collab-proxy/Editor/Assets/Images/d_RGBABlue.png - Importer: PreviewImporter
Importing 'GUID: 14e91e4835bce49a0b49a84da2532484 - Path: Packages/com.unity.collab-proxy/Editor/Assets/Images/d_RGBABlue.png - Importer: PreviewImporter' with importer (PreviewImporter)
Imported 'GUID: 14e91e4835bce49a0b49a84da2532484' -> (Import Result ID: '98c0b8cbbf307e77fd6cf246601e5861') in 0.012 seconds [static and dynamic dependencies]. Details - ImportResultOutputID=9ce96e7924a4265007083ac78b6e818e DependenciesID=b6b9836d3bbff5f71d10be2f95f4998d StaticDependenciesID=059e7e859b808fc6192e90be16330baa 
Number of updated asset objects reloaded before import = 0
Number of asset objects unloaded after import = 3
========================================================================
Received Import Request.
  Time of request: 2026-09-30T10:21:04.4837328Z
  Time since last request: 0.0005005 seconds.
  importAddress: GUID: 30fd2fefe692f4f9db682596d88c3039 - Path: Packages/com.unity.2d.animation/Editor/Assets/EditorIcons/d_SetPivot.png - Importer: PreviewImporter
Importing 'GUID: 30fd2fefe692f4f9db682596d88c3039 - Path: Packages/com.unity.2d.animation/Editor/Assets/EditorIcons/d_SetPivot.png - Importer: PreviewImporter' with importer (PreviewImporter)
Imported 'GUID: 30fd2fefe692f4f9db682596d88c3039' -> (Import Result ID: '934d02bd5bc8a2246240e4bff430d0a2') in 0.011 seconds [static and dynamic dependencies]. Details - ImportResultOutputID=c62595c0d2bf0598418e2f061731b087 DependenciesID=452a8c7da434d52a9e9caab04cbe933c StaticDependenciesID=8aa0f6dd35bc2956805b2974b28a369e 
Number of updated asset objects reloaded before import = 0
Number of asset objects unloaded after import = 3
========================================================================
Received Import Request.
  Time of request: 2026-09-30T10:21:04.5170135Z
  Time since last request: 0.0005005 seconds.
  importAddress: GUID: 35a3340b835c797478eb139353421953 - Path: Packages/com.unity.2d.animation/Editor/Assets/EditorIcons/d_Paste@4x.png - Importer: PreviewImporter
Importing 'GUID: 35a3340b835c797478eb139353421953 - Path: Packages/com.unity.2d.animation/Editor/Assets/EditorIcons/d_Paste@4x.png - Importer: PreviewImporter' with importer (PreviewImporter)
Imported 'GUID: 35a3340b835c797478eb139353421953' -> (Import Result ID: 'b6d413581c4c3dffafa671aa08b46206') in 0.010 seconds [static and dynamic dependencies]. Details - ImportResultOutputID=98dc3f4d63e59ce4e1afa69098c95b45 DependenciesID=6c329f78c99f0e878b4310733ddd3ad6 StaticDependenciesID=6ecdffc587c7d99574590f7456fdba0c 
Number of updated asset objects reloaded before import = 0
Number of asset objects unloaded after import = 3
========================================================================
Received Import Request.
  Time of request: 2026-09-30T10:21:04.5478585Z
  Time since last request: 0.0006482 seconds.
  importAddress: GUID: a130d12452aa0484da530281c362fc8b - Path: Packages/com.unity.2d.animation/Editor/Assets/EditorIcons/d_Paste@3x.png - Importer: PreviewImporter
Importing 'GUID: a130d12452aa0484da530281c362fc8b - Path: Packages/com.unity.2d.animation/Editor/Assets/EditorIcons/d_Paste@3x.png - Importer: PreviewImporter' with importer (PreviewImporter)
Imported 'GUID: a130d12452aa0484da530281c362fc8b' -> (Import Result ID: '0413692c3491a352b27dee64318914ff') in 0.012 seconds [static and dynamic dependencies]. Details - ImportResultOutputID=7066b2a7a7ef8da7e81347b8fd953988 DependenciesID=825758fa6a89d8df50c6ffbe85887cbd StaticDependenciesID=0219b4c2e952192775959758eb0b8dc8 
Number of updated asset objects reloaded before import = 0
Number of asset objects unloaded after import = 3
========================================================================
Received Import Request.
  Time of request: 2026-09-30T10:21:04.58187Z
  Time since last request: 0.0004342 seconds.
  importAddress: GUID: 05ba7199286b24c6ca7441e2c454f5c3 - Path: Packages/com.unity.collab-proxy/Editor/Assets/Images/d_inclusionrule.png - Importer: PreviewImporter
Importing 'GUID: 05ba7199286b24c6ca7441e2c454f5c3 - Path: Packages/com.unity.collab-proxy/Editor/Assets/Images/d_inclusionrule.png - Importer: PreviewImporter' with importer (PreviewImporter)
Imported 'GUID: 05ba7199286b24c6ca7441e2c454f5c3' -> (Import Result ID: 'c4c48df7f47563afa1f2cd36efda7820') in 0.011 seconds [static and dynamic dependencies]. Details - ImportResultOutputID=75c2c3541a288001adf6372186702e61 DependenciesID=c320c0d9f68abe5be012a33506be42e4 StaticDependenciesID=5e6787e33782551c1281e4f147dd2138 
Number of updated asset objects reloaded before import = 0
Number of asset objects unloaded after import = 3
========================================================================
Received Import Request.
  Time of request: 2026-09-30T10:21:04.6161335Z
  Time since last request: 0.0004955 seconds.
  importAddress: GUID: 449ceb998ff49400da801fc4d707b896 - Path: Packages/com.unity.2d.animation/Editor/Assets/EditorIcons/d_SetPivot@2x.png - Importer: PreviewImporter
Importing 'GUID: 449ceb998ff49400da801fc4d707b896 - Path: Packages/com.unity.2d.animation/Editor/Assets/EditorIcons/d_SetPivot@2x.png - Importer: PreviewImporter' with importer (PreviewImporter)
Imported 'GUID: 449ceb998ff49400da801fc4d707b896' -> (Import Result ID: '7138913893f4f947a8f1cc30e9f101c1') in 0.010 seconds [static and dynamic dependencies]. Details - ImportResultOutputID=f6c6878477bb1d0ed4805d46f7a5b015 DependenciesID=1e2e5ff847f8756fb73f13e95426f91e StaticDependenciesID=c368d7fb9b5cbdd84607d916f7a3bebb 
Number of updated asset objects reloaded before import = 0
Number of asset objects unloaded after import = 3
========================================================================
Received Import Request.
  Time of request: 2026-09-30T10:21:04.646462Z
  Time since last request: 0.0009591 seconds.
  importAddress: GUID: d83d26a46db2b504fbcfa6f2aae590b6 - Path: Packages/com.unity.collab-proxy/Editor/Assets/Images/d_iconretainedoverlay.png - Importer: PreviewImporter
Importing 'GUID: d83d26a46db2b504fbcfa6f2aae590b6 - Path: Packages/com.unity.collab-proxy/Editor/Assets/Images/d_iconretainedoverlay.png - Importer: PreviewImporter' with importer (PreviewImporter)
Imported 'GUID: d83d26a46db2b504fbcfa6f2aae590b6' -> (Import Result ID: 'c0720691d6334aab5caa90aa4245deca') in 0.013 seconds [static and dynamic dependencies]. Details - ImportResultOutputID=461adcac5bea16b03e6b4a09ebf46de3 DependenciesID=b02da6dff726f80567f2845018a04539 StaticDependenciesID=da797a38fdc9a43a0274710f1b02b9fa 
Number of updated asset objects reloaded before import = 0
Number of asset objects unloaded after import = 3
========================================================================
Received Import Request.
  Time of request: 2026-09-30T10:21:04.678866Z
  Time since last request: 0.0005697 seconds.
  importAddress: GUID: 5544f39aea350784ba1dd4ecc285b777 - Path: Packages/com.unity.collab-proxy/Editor/Assets/Images/d_iconzoomin.png - Importer: PreviewImporter
Importing 'GUID: 5544f39aea350784ba1dd4ecc285b777 - Path: Packages/com.unity.collab-proxy/Editor/Assets/Images/d_iconzoomin.png - Importer: PreviewImporter' with importer (PreviewImporter)
Imported 'GUID: 5544f39aea350784ba1dd4ecc285b777' -> (Import Result ID: '25c4705dc5d6d062186877f22cf40f7a') in 0.027 seconds [static and dynamic dependencies]. Details - ImportResultOutputID=9376b0ea459b3114dc046e4fcfbea110 DependenciesID=32fdd027e336e32039f8a17f168ec174 StaticDependenciesID=15bd0ec20e1452bfe3ccf64f265c8467 
Number of updated asset objects reloaded before import = 0
Number of asset objects unloaded after import = 3
========================================================================
Received Import Request.
  Time of request: 2026-09-30T10:21:04.7257106Z
  Time since last request: 0.0003551 seconds.
  importAddress: GUID: d9f2d0aff557fba4cb316f849b0ccdd1 - Path: Packages/com.unity.2d.tilemap/Editor/Icons/d_Tilemap.BrushSettings@4x.png - Importer: PreviewImporter
Importing 'GUID: d9f2d0aff557fba4cb316f849b0ccdd1 - Path: Packages/com.unity.2d.tilemap/Editor/Icons/d_Tilemap.BrushSettings@4x.png - Importer: PreviewImporter' with importer (PreviewImporter)
Imported 'GUID: d9f2d0aff557fba4cb316f849b0ccdd1' -> (Import Result ID: '08b1a874582e1cd4754fd7c24aab558b') in 0.008 seconds [static and dynamic dependencies]. Details - ImportResultOutputID=b383bd33f49d4ece6fde760a8096275e DependenciesID=e3e533b5ee792e6bace6695e4c4fab51 StaticDependenciesID=d41cdd32dc67a507ba152c8d41eb41df 
Number of updated asset objects reloaded before import = 0
Number of asset objects unloaded after import = 3
========================================================================
Received Import Request.
  Time of request: 2026-09-30T10:21:04.7549121Z
  Time since last request: 0.0005906 seconds.
  importAddress: GUID: 8219bbb48767b46e7b1588dad7f021aa - Path: Packages/com.unity.collab-proxy/Editor/Assets/Images/d_iconhistory.png - Importer: PreviewImporter
Importing 'GUID: 8219bbb48767b46e7b1588dad7f021aa - Path: Packages/com.unity.collab-proxy/Editor/Assets/Images/d_iconhistory.png - Importer: PreviewImporter' with importer (PreviewImporter)
Imported 'GUID: 8219bbb48767b46e7b1588dad7f021aa' -> (Import Result ID: 'b6e9be5c79ff78edc457c04e604a6377') in 0.011 seconds [static and dynamic dependencies]. Details - ImportResultOutputID=475333caaf1611c89577c6e6235bbe57 DependenciesID=bbcb7abcaa714e2028abc8fe90d43c33 StaticDependenciesID=807d960e8e6718324753436e415864a4 
Number of updated asset objects reloaded before import = 0
Number of asset objects unloaded after import = 3
========================================================================
Received Import Request.
  Time of request: 2026-09-30T10:21:04.7865303Z
  Time since last request: 0.0007152 seconds.
  importAddress: GUID: 7f8cc7cc9d461433f943c59487385f04 - Path: Packages/com.unity.collab-proxy/Editor/Assets/Images/d_RGBAGreen.png - Importer: PreviewImporter
Importing 'GUID: 7f8cc7cc9d461433f943c59487385f04 - Path: Packages/com.unity.collab-proxy/Editor/Assets/Images/d_RGBAGreen.png - Importer: PreviewImporter' with importer (PreviewImporter)
Imported 'GUID: 7f8cc7cc9d461433f943c59487385f04' -> (Import Result ID: '61b4e5c114e1e35e43bc7062a872e387') in 0.009 seconds [static and dynamic dependencies]. Details - ImportResultOutputID=b211f584f7efabfb3ca59723fef8f0f6 DependenciesID=8895d8a02cf0ae207542b6a480242dd8 StaticDependenciesID=449488b2f2af9f1bf2dff5499d1a8442 
Number of updated asset objects reloaded before import = 0
Number of asset objects unloaded after import = 3
========================================================================
Received Import Request.
  Time of request: 2026-09-30T10:21:04.8180502Z
  Time since last request: 0.000502 seconds.
  importAddress: GUID: fb6daef73b4fc4a12b9cbd4fb0fc4d0d - Path: Packages/com.unity.collab-proxy/Editor/Assets/Images/d_RGBAGreen@2x.png - Importer: PreviewImporter
Importing 'GUID: fb6daef73b4fc4a12b9cbd4fb0fc4d0d - Path: Packages/com.unity.collab-proxy/Editor/Assets/Images/d_RGBAGreen@2x.png - Importer: PreviewImporter' with importer (PreviewImporter)
Imported 'GUID: fb6daef73b4fc4a12b9cbd4fb0fc4d0d' -> (Import Result ID: 'cf1a185dc583faf40c4a333c6d032ccf') in 0.008 seconds [static and dynamic dependencies]. Details - ImportResultOutputID=d56963ff66cb9c88dcde3e402f6da29b DependenciesID=f5a82c2cdeb2714654622802565e078d StaticDependenciesID=4ad20029cced36209f0f7d82abbf247e 
Number of updated asset objects reloaded before import = 0
Number of asset objects unloaded after import = 3
========================================================================
Received Import Request.
  Time of request: 2026-09-30T10:21:04.8479451Z
  Time since last request: 0.0004795 seconds.
  importAddress: GUID: 292bae633fda01e41b8847fad37495c2 - Path: Packages/com.unity.collab-proxy/Editor/Assets/Images/d_iconshelve.png - Importer: PreviewImporter
Importing 'GUID: 292bae633fda01e41b8847fad37495c2 - Path: Packages/com.unity.collab-proxy/Editor/Assets/Images/d_iconshelve.png - Importer: PreviewImporter' with importer (PreviewImporter)
Imported 'GUID: 292bae633fda01e41b8847fad37495c2' -> (Import Result ID: '50cf9e291053a7ed11ed9e9636531367') in 0.009 seconds [static and dynamic dependencies]. Details - ImportResultOutputID=74579b3ac2bb69fc488223520cebee13 DependenciesID=4eb8cdc36cc24ac697a2fb2998ccf0d4 StaticDependenciesID=c0ade5843230c61ea95617507206ab36 
Number of updated asset objects reloaded before import = 0
Number of asset objects unloaded after import = 3
========================================================================
Received Import Request.
  Time of request: 2026-09-30T10:21:04.8778552Z
  Time since last request: 0.0004092 seconds.
  importAddress: GUID: 03d93c388f90a6248983677a29c72b38 - Path: Packages/com.unity.2d.tilemap/Editor/Icons/d_Tilemap.BrushSettings@2x.png - Importer: PreviewImporter
Importing 'GUID: 03d93c388f90a6248983677a29c72b38 - Path: Packages/com.unity.2d.tilemap/Editor/Icons/d_Tilemap.BrushSettings@2x.png - Importer: PreviewImporter' with importer (PreviewImporter)
Imported 'GUID: 03d93c388f90a6248983677a29c72b38' -> (Import Result ID: '1d2cdf4e14a4b5c6312796fb683af541') in 0.011 seconds [static and dynamic dependencies]. Details - ImportResultOutputID=f6b41f6700e7ad28c10cd833da8fe132 DependenciesID=7fc804acb5d9fcae7dd46da7bbdc180b StaticDependenciesID=71c0a75ee0b93199d1d28f67f8a55466 
Number of updated asset objects reloaded before import = 0
Number of asset objects unloaded after import = 3
========================================================================
Received Import Request.
  Time of request: 2026-09-30T10:21:04.9087937Z
  Time since last request: 0.0004664 seconds.
  importAddress: GUID: fa52298efb877496ab068b8298f7f6aa - Path: Packages/com.unity.2d.tilemap.extras/Editor/Brushes/LineBrush/d_LineBrush@2x.png - Importer: PreviewImporter
Importing 'GUID: fa52298efb877496ab068b8298f7f6aa - Path: Packages/com.unity.2d.tilemap.extras/Editor/Brushes/LineBrush/d_LineBrush@2x.png - Importer: PreviewImporter' with importer (PreviewImporter)
Imported 'GUID: fa52298efb877496ab068b8298f7f6aa' -> (Import Result ID: '89ab9eb958cffb2e9ab364d26c393765') in 0.008 seconds [static and dynamic dependencies]. Details - ImportResultOutputID=82ee41c460660107c4a62a04ec8e7239 DependenciesID=6a47e7d1556c79b0ca595f0227a45d31 StaticDependenciesID=14e64257976d01759946d6baad9c3bca 
Number of updated asset objects reloaded before import = 0
Number of asset objects unloaded after import = 3
========================================================================
Received Import Request.
  Time of request: 2026-09-30T10:21:04.9366988Z
  Time since last request: 0.0004735 seconds.
  importAddress: GUID: f94d06b5a7fc94387a1a212b8dc9b2a5 - Path: Packages/com.unity.collab-proxy/Editor/Assets/Images/d_iconfirst@2x.png - Importer: PreviewImporter
Importing 'GUID: f94d06b5a7fc94387a1a212b8dc9b2a5 - Path: Packages/com.unity.collab-proxy/Editor/Assets/Images/d_iconfirst@2x.png - Importer: PreviewImporter' with importer (PreviewImporter)
Imported 'GUID: f94d06b5a7fc94387a1a212b8dc9b2a5' -> (Import Result ID: '8d7f45352e4b753f0c4e953a38889ae4') in 0.008 seconds [static and dynamic dependencies]. Details - ImportResultOutputID=62ed0d5eea31e87118d9da0bd5b8b4d4 DependenciesID=d2725e3e5fb10de1db274b6d4ed463a1 StaticDependenciesID=214749b550c71604a29fe9004d8dffc8 
Number of updated asset objects reloaded before import = 0
Number of asset objects unloaded after import = 3
========================================================================
Received Import Request.
  Time of request: 2026-09-30T10:21:04.9640398Z
  Time since last request: 0.0004149 seconds.
  importAddress: GUID: c48b8bcda45b63442a7a7c7244c84635 - Path: Packages/com.unity.collab-proxy/Editor/Assets/Images/d_iconcurrentbranch@2x.png - Importer: PreviewImporter
Importing 'GUID: c48b8bcda45b63442a7a7c7244c84635 - Path: Packages/com.unity.collab-proxy/Editor/Assets/Images/d_iconcurrentbranch@2x.png - Importer: PreviewImporter' with importer (PreviewImporter)
Imported 'GUID: c48b8bcda45b63442a7a7c7244c84635' -> (Import Result ID: '2e927278268847ec14c26be4ab48de49') in 0.010 seconds [static and dynamic dependencies]. Details - ImportResultOutputID=bacaeb8e4bab44a2923018100388f200 DependenciesID=161d8db82fff38252fd72011e67d40cd StaticDependenciesID=61a802ddd95bc4599ffc17d69ea24b9f 
Number of updated asset objects reloaded before import = 0
Number of asset objects unloaded after import = 3
========================================================================
Received Import Request.
  Time of request: 2026-09-30T10:21:04.9937029Z
  Time since last request: 0.000465 seconds.
  importAddress: GUID: c115023c6a2060d4da6a7684bd40c5c0 - Path: Packages/com.unity.collab-proxy/Editor/Assets/Images/d_iconclipboard@2x.png - Importer: PreviewImporter
Importing 'GUID: c115023c6a2060d4da6a7684bd40c5c0 - Path: Packages/com.unity.collab-proxy/Editor/Assets/Images/d_iconclipboard@2x.png - Importer: PreviewImporter' with importer (PreviewImporter)
Imported 'GUID: c115023c6a2060d4da6a7684bd40c5c0' -> (Import Result ID: '4a36c6373e4b884b66c47270be31e29b') in 0.009 seconds [static and dynamic dependencies]. Details - ImportResultOutputID=2b39aa5cadfe6eb4f7c008db62f4de36 DependenciesID=70fa8041f9484690ba5783d05a8f9d89 StaticDependenciesID=e789cdf35fb49bb5d63f4dbac2c42669 
Number of updated asset objects reloaded before import = 0
Number of asset objects unloaded after import = 3
========================================================================
Received Import Request.
  Time of request: 2026-09-30T10:21:05.0228687Z
  Time since last request: 0.0006296 seconds.
  importAddress: GUID: efe4b927ec825b242bf70d64c4258c1e - Path: Packages/com.unity.2d.animation/Editor/Assets/EditorIcons/d_Create_Vertex.png - Importer: PreviewImporter
Importing 'GUID: efe4b927ec825b242bf70d64c4258c1e - Path: Packages/com.unity.2d.animation/Editor/Assets/EditorIcons/d_Create_Vertex.png - Importer: PreviewImporter' with importer (PreviewImporter)
Imported 'GUID: efe4b927ec825b242bf70d64c4258c1e' -> (Import Result ID: 'e8a6bcbbf8c449a2c84a333d24d924e8') in 0.010 seconds [static and dynamic dependencies]. Details - ImportResultOutputID=044a9cf08f987caf81f2a7a6651e648c DependenciesID=a8d98fd9c2061b03ff43ca5672b86c5d StaticDependenciesID=91e37c9711d0cea23528b020a1a97803 
Number of updated asset objects reloaded before import = 0
Number of asset objects unloaded after import = 3
========================================================================
Received Import Request.
  Time of request: 2026-09-30T10:21:05.0520695Z
  Time since last request: 0.0004345 seconds.
  importAddress: GUID: 7af5f1b9cb7fc7645a9f27f070fbe2fd - Path: Packages/com.unity.2d.animation/Editor/Assets/EditorIcons/d_Edit_Geometry@4x.png - Importer: PreviewImporter
Importing 'GUID: 7af5f1b9cb7fc7645a9f27f070fbe2fd - Path: Packages/com.unity.2d.animation/Editor/Assets/EditorIcons/d_Edit_Geometry@4x.png - Importer: PreviewImporter' with importer (PreviewImporter)
Imported 'GUID: 7af5f1b9cb7fc7645a9f27f070fbe2fd' -> (Import Result ID: '731c5e5576f76172dded033c644c3dee') in 0.008 seconds [static and dynamic dependencies]. Details - ImportResultOutputID=ab16a5e1a62d943768462271d570ac02 DependenciesID=c5ed7ba72f1cb4b75c5730b5de6a383e StaticDependenciesID=53f2035a50422ba82547da60eb5edc83 
Number of updated asset objects reloaded before import = 0
Number of asset objects unloaded after import = 3
========================================================================
Received Import Request.
  Time of request: 2026-09-30T10:21:05.0791432Z
  Time since last request: 0.0004437 seconds.
  importAddress: GUID: f38e832edef3ab648bcc2ab5dfa2906d - Path: Packages/com.unity.collab-proxy/Editor/Assets/Images/d_iconinfobellnotification.png - Importer: PreviewImporter
Importing 'GUID: f38e832edef3ab648bcc2ab5dfa2906d - Path: Packages/com.unity.collab-proxy/Editor/Assets/Images/d_iconinfobellnotification.png - Importer: PreviewImporter' with importer (PreviewImporter)
Imported 'GUID: f38e832edef3ab648bcc2ab5dfa2906d' -> (Import Result ID: 'ff7c7de08c1d073d3c203ff39c81a126') in 0.008 seconds [static and dynamic dependencies]. Details - ImportResultOutputID=d60589f4c3a9b3b728032f3b416a9651 DependenciesID=0a79fcefc99298f5fa123a7df739e442 StaticDependenciesID=93758293f8103a6a81fe7addac42ee91 
Number of updated asset objects reloaded before import = 0
Number of asset objects unloaded after import = 3
========================================================================
Received Import Request.
  Time of request: 2026-09-30T10:21:05.1084773Z
  Time since last request: 0.0007439 seconds.
  importAddress: GUID: 50d1ea51731fa43db9ce0ec4fe5f0b07 - Path: Packages/com.unity.collab-proxy/Editor/Assets/Images/d_iconhistory@2x.png - Importer: PreviewImporter
Importing 'GUID: 50d1ea51731fa43db9ce0ec4fe5f0b07 - Path: Packages/com.unity.collab-proxy/Editor/Assets/Images/d_iconhistory@2x.png - Importer: PreviewImporter' with importer (PreviewImporter)
Imported 'GUID: 50d1ea51731fa43db9ce0ec4fe5f0b07' -> (Import Result ID: 'b5aa970763638978db33bd66ca9d0424') in 0.011 seconds [static and dynamic dependencies]. Details - ImportResultOutputID=94167e9f50368fa40befbbb30d9fe4ac DependenciesID=02f4702b025387477f7087e297fc6f48 StaticDependenciesID=a2a0edc9c0e7e53ec53b218c2ed30747 
Number of updated asset objects reloaded before import = 0
Number of asset objects unloaded after import = 3
========================================================================
Received Import Request.
  Time of request: 2026-09-30T10:21:05.1394574Z
  Time since last request: 0.0007872 seconds.
  importAddress: GUID: 079f562959995344baea4cd40a9ecea6 - Path: Packages/com.unity.collab-proxy/Editor/Assets/Images/d_iconignoredoverlay@2x.png - Importer: PreviewImporter
Importing 'GUID: 079f562959995344baea4cd40a9ecea6 - Path: Packages/com.unity.collab-proxy/Editor/Assets/Images/d_iconignoredoverlay@2x.png - Importer: PreviewImporter' with importer (PreviewImporter)
Imported 'GUID: 079f562959995344baea4cd40a9ecea6' -> (Import Result ID: '5a57068526615b0eb2c67cbbc42150d3') in 0.008 seconds [static and dynamic dependencies]. Details - ImportResultOutputID=ebcaab0555822643723c7c0fc16e1d39 DependenciesID=f017524b6f5151f6f8c4cc31a0157b4f StaticDependenciesID=7897a177be150a7bbddfe1933463995b 
Number of updated asset objects reloaded before import = 0
Number of asset objects unloaded after import = 3
========================================================================
Received Import Request.
  Time of request: 2026-09-30T10:21:05.1674536Z
  Time since last request: 0.0005287 seconds.
  importAddress: GUID: 312df9440efd5df4ea8f6c98591d6b96 - Path: Packages/com.unity.2d.animation/Editor/Assets/EditorIcons/d_Copy@2x.png - Importer: PreviewImporter
Importing 'GUID: 312df9440efd5df4ea8f6c98591d6b96 - Path: Packages/com.unity.2d.animation/Editor/Assets/EditorIcons/d_Copy@2x.png - Importer: PreviewImporter' with importer (PreviewImporter)
Imported 'GUID: 312df9440efd5df4ea8f6c98591d6b96' -> (Import Result ID: '10274993f71dbfe7203e26fad4ae09d8') in 0.008 seconds [static and dynamic dependencies]. Details - ImportResultOutputID=ca006ec4deca2620dc2376335d98ed52 DependenciesID=8641abfa1759d92af5044b69e6ad32e8 StaticDependenciesID=114128e8f1d445ee21a3b7e894ab8e64 
Number of updated asset objects reloaded before import = 0
Number of asset objects unloaded after import = 3
========================================================================
Received Import Request.
  Time of request: 2026-09-30T10:21:05.1971293Z
  Time since last request: 0.0005364 seconds.
  importAddress: GUID: 7a5bb676bcccfea429f2138b6fbd005e - Path: Packages/com.unity.2d.animation/Editor/Assets/EditorIcons/d_Create_Edge.png - Importer: PreviewImporter
Importing 'GUID: 7a5bb676bcccfea429f2138b6fbd005e - Path: Packages/com.unity.2d.animation/Editor/Assets/EditorIcons/d_Create_Edge.png - Importer: PreviewImporter' with importer (PreviewImporter)
Imported 'GUID: 7a5bb676bcccfea429f2138b6fbd005e' -> (Import Result ID: 'b719afd96a016005831973af88d15756') in 0.009 seconds [static and dynamic dependencies]. Details - ImportResultOutputID=ade43da2e46adf4dafcc0edad956d811 DependenciesID=cf5e974cd7145ac10c8e328c0f005445 StaticDependenciesID=0807a18ff7e49c95edf8fccecdf59a14 
Number of updated asset objects reloaded before import = 0
Number of asset objects unloaded after import = 3
========================================================================
Received Import Request.
  Time of request: 2026-09-30T10:21:05.226382Z
  Time since last request: 0.000186 seconds.
  importAddress: GUID: 7e1aff9652c0dac418d9aa42f5f24dc2 - Path: Packages/com.unity.2d.animation/Editor/Assets/EditorIcons/d_Create Bones@4x.png - Importer: PreviewImporter
Importing 'GUID: 7e1aff9652c0dac418d9aa42f5f24dc2 - Path: Packages/com.unity.2d.animation/Editor/Assets/EditorIcons/d_Create Bones@4x.png - Importer: PreviewImporter' with importer (PreviewImporter)
Imported 'GUID: 7e1aff9652c0dac418d9aa42f5f24dc2' -> (Import Result ID: 'e7e2578a727f53e36d24e05a123afb34') in 0.010 seconds [static and dynamic dependencies]. Details - ImportResultOutputID=b1f8c268c59f399e1c09702d9796ac22 DependenciesID=b575eef71006f4be9b11547951c93cd0 StaticDependenciesID=c2cf86fcfcef561341349b1510ff1488 
Number of updated asset objects reloaded before import = 0
Number of asset objects unloaded after import = 3
========================================================================
Received Import Request.
  Time of request: 2026-09-30T10:21:05.2569514Z
  Time since last request: 0.0004985 seconds.
  importAddress: GUID: 6e2c347c12b3fe04b94007ad25ace23a - Path: Packages/com.unity.2d.animation/Editor/Assets/EditorIcons/d_Create Bones@3x.png - Importer: PreviewImporter
Importing 'GUID: 6e2c347c12b3fe04b94007ad25ace23a - Path: Packages/com.unity.2d.animation/Editor/Assets/EditorIcons/d_Create Bones@3x.png - Importer: PreviewImporter' with importer (PreviewImporter)
Imported 'GUID: 6e2c347c12b3fe04b94007ad25ace23a' -> (Import Result ID: '1a328f81d172d9588da4eee8adc1390c') in 0.010 seconds [static and dynamic dependencies]. Details - ImportResultOutputID=515ce15586b46c12e386ef94f4c6e395 DependenciesID=dccd4318e4b259a6a0b5e927c16b4820 StaticDependenciesID=13bccf7e2515a89856a68c2f232814fd 
Number of updated asset objects reloaded before import = 0
Number of asset objects unloaded after import = 3
========================================================================
Received Import Request.
  Time of request: 2026-09-30T10:21:05.2868877Z
  Time since last request: 0.0004581 seconds.
  importAddress: GUID: 00b8ce4a201871b498992f536279acf7 - Path: Packages/com.unity.2d.animation/Editor/Assets/EditorIcons/d_Copy@4x.png - Importer: PreviewImporter
Importing 'GUID: 00b8ce4a201871b498992f536279acf7 - Path: Packages/com.unity.2d.animation/Editor/Assets/EditorIcons/d_Copy@4x.png - Importer: PreviewImporter' with importer (PreviewImporter)
Imported 'GUID: 00b8ce4a201871b498992f536279acf7' -> (Import Result ID: 'a42f5aaf58945a7c5f5e4399a9251ac5') in 0.010 seconds [static and dynamic dependencies]. Details - ImportResultOutputID=3025a80d6159e9fca11426f346f5b74a DependenciesID=1625fbbf954f7e2d7ca6c7e03db32047 StaticDependenciesID=57450f44f0d97535484cdc7e53b202b2 
Number of updated asset objects reloaded before import = 0
Number of asset objects unloaded after import = 3
========================================================================
Received Import Request.
  Time of request: 2026-09-30T10:21:05.3171475Z
  Time since last request: 0.0005933 seconds.
  importAddress: GUID: 6b3bffe22de404f319ed8587790d10ed - Path: Packages/com.unity.2d.tilemap.extras/Editor/Brushes/RandomBrush/d_RandomBrush@2x.png - Importer: PreviewImporter
Importing 'GUID: 6b3bffe22de404f319ed8587790d10ed - Path: Packages/com.unity.2d.tilemap.extras/Editor/Brushes/RandomBrush/d_RandomBrush@2x.png - Importer: PreviewImporter' with importer (PreviewImporter)
Imported 'GUID: 6b3bffe22de404f319ed8587790d10ed' -> (Import Result ID: '19a4cb7c0c7ca8bd7c12811f01cebcde') in 0.011 seconds [static and dynamic dependencies]. Details - ImportResultOutputID=7e71672f43ffd05c51f997c2e729a875 DependenciesID=d1356e5853f2ac38dff6f452a4ebba9b StaticDependenciesID=909442b162fd71116125cff61cd1e2e9 
Number of updated asset objects reloaded before import = 0
Number of asset objects unloaded after import = 3
========================================================================
Received Import Request.
  Time of request: 2026-09-30T10:21:05.3500151Z
  Time since last request: 0.0004239 seconds.
  importAddress: GUID: 3e98b5bf8fbc84d4bafe25706ebcde8a - Path: Packages/com.unity.2d.animation/Editor/Assets/EditorIcons/d_Split Bones.png - Importer: PreviewImporter
Importing 'GUID: 3e98b5bf8fbc84d4bafe25706ebcde8a - Path: Packages/com.unity.2d.animation/Editor/Assets/EditorIcons/d_Split Bones.png - Importer: PreviewImporter' with importer (PreviewImporter)
Imported 'GUID: 3e98b5bf8fbc84d4bafe25706ebcde8a' -> (Import Result ID: '84a1088a57ef925f40dc93a35fcb65ff') in 0.008 seconds [static and dynamic dependencies]. Details - ImportResultOutputID=97d3f48dfcdd47d02d65fe56ee226584 DependenciesID=5d0aab5d587a74f504edae1dfc660384 StaticDependenciesID=92de246665ce59458c977100fc584bcd 
Number of updated asset objects reloaded before import = 0
Number of asset objects unloaded after import = 3
========================================================================
Received Import Request.
  Time of request: 2026-09-30T10:21:05.3798766Z
  Time since last request: 0.0006263 seconds.
  importAddress: GUID: 4a652ffb5816840768619c35903cb1fa - Path: Packages/com.unity.collab-proxy/Editor/Assets/Images/d_iconprivateoverlay.png - Importer: PreviewImporter
Importing 'GUID: 4a652ffb5816840768619c35903cb1fa - Path: Packages/com.unity.collab-proxy/Editor/Assets/Images/d_iconprivateoverlay.png - Importer: PreviewImporter' with importer (PreviewImporter)
Imported 'GUID: 4a652ffb5816840768619c35903cb1fa' -> (Import Result ID: '5378fcdae5c6c9fd4b846244a0b809a4') in 0.007 seconds [static and dynamic dependencies]. Details - ImportResultOutputID=761d5708796493858052d95f25f95330 DependenciesID=4ecdfb67b026de6a8de908d832c373d4 StaticDependenciesID=2c20ab3e45d21a46983a55f13d39b0d1 
Number of updated asset objects reloaded before import = 0
Number of asset objects unloaded after import = 3
========================================================================
Received Import Request.
  Time of request: 2026-09-30T10:21:05.4097687Z
  Time since last request: 0.0008509 seconds.
  importAddress: GUID: 1cea3c0d30c40344881603d28240cfd3 - Path: Packages/com.unity.2d.tilemap/Editor/Icons/d_Tilemap.BrushSettings.png - Importer: PreviewImporter
Importing 'GUID: 1cea3c0d30c40344881603d28240cfd3 - Path: Packages/com.unity.2d.tilemap/Editor/Icons/d_Tilemap.BrushSettings.png - Importer: PreviewImporter' with importer (PreviewImporter)
Imported 'GUID: 1cea3c0d30c40344881603d28240cfd3' -> (Import Result ID: '165546ddd5c292d0d83b050ed74a8584') in 0.009 seconds [static and dynamic dependencies]. Details - ImportResultOutputID=99f775627c1b431257dfbcd5b0ebaec8 DependenciesID=6f2f5be09f428a257036a0ab5b89d6f4 StaticDependenciesID=10487e1118a73ad63d7ac8670f26adfa 
Number of updated asset objects reloaded before import = 0
Number of asset objects unloaded after import = 3
========================================================================
Received Import Request.
  Time of request: 2026-09-30T10:21:05.4395183Z
  Time since last request: 0.0006285 seconds.
  importAddress: GUID: 62053ed690017d143bd2cfa8e5dc3ff5 - Path: Packages/com.unity.2d.animation/Editor/Assets/EditorIcons/d_Create_Edge@4x.png - Importer: PreviewImporter
Importing 'GUID: 62053ed690017d143bd2cfa8e5dc3ff5 - Path: Packages/com.unity.2d.animation/Editor/Assets/EditorIcons/d_Create_Edge@4x.png - Importer: PreviewImporter' with importer (PreviewImporter)
Imported 'GUID: 62053ed690017d143bd2cfa8e5dc3ff5' -> (Import Result ID: 'be77c50614637bb4692a4f8d33f66845') in 0.011 seconds [static and dynamic dependencies]. Details - ImportResultOutputID=1139aaad3581299f2ae8aec0f78e009f DependenciesID=071960c81f927a3932658568b0f80515 StaticDependenciesID=b9d31c089ee800be70a494f1ada6107b 
Number of updated asset objects reloaded before import = 0
Number of asset objects unloaded after import = 3
========================================================================
Received Import Request.
  Time of request: 2026-09-30T10:21:05.4703618Z
  Time since last request: 0.000609 seconds.
  importAddress: GUID: 639dd667694184004a6f47c95ff5594b - Path: Packages/com.unity.collab-proxy/Editor/Assets/Images/d_RGBAAll@2x.png - Importer: PreviewImporter
Importing 'GUID: 639dd667694184004a6f47c95ff5594b - Path: Packages/com.unity.collab-proxy/Editor/Assets/Images/d_RGBAAll@2x.png - Importer: PreviewImporter' with importer (PreviewImporter)
Imported 'GUID: 639dd667694184004a6f47c95ff5594b' -> (Import Result ID: 'f1278a504051882e9a82ab78bc1ce085') in 0.020 seconds [static and dynamic dependencies]. Details - ImportResultOutputID=14809e5d0d796a1ca440012b13fd0fe6 DependenciesID=fc8a4b9c25ae7c95d06f1d705b7a645f StaticDependenciesID=2374406c2e92c36ddb3cad1144976413 
Number of updated asset objects reloaded before import = 0
Number of asset objects unloaded after import = 3
========================================================================
Received Import Request.
  Time of request: 2026-09-30T10:21:05.5108499Z
  Time since last request: 0.0003651 seconds.
  importAddress: GUID: 6de1e8bb25ebf5c44b02b794de99154c - Path: Packages/com.unity.2d.animation/Editor/Assets/EditorIcons/d_Paste@2x.png - Importer: PreviewImporter
Importing 'GUID: 6de1e8bb25ebf5c44b02b794de99154c - Path: Packages/com.unity.2d.animation/Editor/Assets/EditorIcons/d_Paste@2x.png - Importer: PreviewImporter' with importer (PreviewImporter)
Imported 'GUID: 6de1e8bb25ebf5c44b02b794de99154c' -> (Import Result ID: 'b21c16e8ac2a4c2ab04f433f43ab84a7') in 0.010 seconds [static and dynamic dependencies]. Details - ImportResultOutputID=b7d2413072e54a211fbb2fd08b5d2c2f DependenciesID=6f10905ca3e80a258087f8c13d3930a2 StaticDependenciesID=f4bef8986400ca525c8c9957b9f03412 
Number of updated asset objects reloaded before import = 0
Number of asset objects unloaded after import = 3
========================================================================
Received Import Request.
  Time of request: 2026-09-30T10:21:05.5425132Z
  Time since last request: 0.0005958 seconds.
  importAddress: GUID: 0fe20938402424ba6bc9ee476ff7514e - Path: Packages/com.unity.2d.tilemap.extras/Editor/Brushes/LineBrush/d_LineBrush@4x.png - Importer: PreviewImporter
Importing 'GUID: 0fe20938402424ba6bc9ee476ff7514e - Path: Packages/com.unity.2d.tilemap.extras/Editor/Brushes/LineBrush/d_LineBrush@4x.png - Importer: PreviewImporter' with importer (PreviewImporter)
Imported 'GUID: 0fe20938402424ba6bc9ee476ff7514e' -> (Import Result ID: '4f6d42bbc5a3875c872b4e5a47935790') in 0.009 seconds [static and dynamic dependencies]. Details - ImportResultOutputID=0613409e3f88068bd922856655c5e6b6 DependenciesID=d49d0bb9ab0015c35c7ce09f196ee0d8 StaticDependenciesID=8717f2ecbcb8f98287564946ba3a4dc3 
Number of updated asset objects reloaded before import = 0
Number of asset objects unloaded after import = 3
========================================================================
Received Import Request.
  Time of request: 2026-09-30T10:21:05.5741855Z
  Time since last request: 0.0004458 seconds.
  importAddress: GUID: 9264df9de832d7f4bb90a1d0c31d8343 - Path: Packages/com.unity.collab-proxy/Editor/Assets/Images/d_iconshelve@2x.png - Importer: PreviewImporter
Importing 'GUID: 9264df9de832d7f4bb90a1d0c31d8343 - Path: Packages/com.unity.collab-proxy/Editor/Assets/Images/d_iconshelve@2x.png - Importer: PreviewImporter' with importer (PreviewImporter)
Imported 'GUID: 9264df9de832d7f4bb90a1d0c31d8343' -> (Import Result ID: 'e4d0e141939747edccc34162b534ef43') in 0.049 seconds [static and dynamic dependencies]. Details - ImportResultOutputID=3bfa32ea8e34be55f7e9a513f20e4542 DependenciesID=2d3e382cb6408f4e4e41a21df3d1adfc StaticDependenciesID=95144f68518328c328b9d59a169150a9 
Number of updated asset objects reloaded before import = 0
Number of asset objects unloaded after import = 3
========================================================================
Received Import Request.
  Time of request: 2026-09-30T10:21:05.6453074Z
  Time since last request: 0.0009841 seconds.
  importAddress: GUID: 36564eb85f1bdf2409df96325231cb6c - Path: Packages/com.unity.collab-proxy/Editor/Assets/Images/d_iconrepository@2x.png - Importer: PreviewImporter
Importing 'GUID: 36564eb85f1bdf2409df96325231cb6c - Path: Packages/com.unity.collab-proxy/Editor/Assets/Images/d_iconrepository@2x.png - Importer: PreviewImporter' with importer (PreviewImporter)
Imported 'GUID: 36564eb85f1bdf2409df96325231cb6c' -> (Import Result ID: 'a0dcca8f9021fcc6b00db0cd77ab7c1c') in 0.012 seconds [static and dynamic dependencies]. Details - ImportResultOutputID=f4e7b5ebe7223311e32beee1be293d19 DependenciesID=15aae0b9043fd3e643d196ac4fcc6953 StaticDependenciesID=115ddea2e26fecc3f10c18e99b11d0ab 
Number of updated asset objects reloaded before import = 0
Number of asset objects unloaded after import = 3
========================================================================
Received Import Request.
  Time of request: 2026-09-30T10:21:05.6769515Z
  Time since last request: 0.0004946 seconds.
  importAddress: GUID: 0a02e43184c7e9c4c9c59b601100b705 - Path: Packages/com.unity.collab-proxy/Editor/Assets/Images/d_iconcurrentbranch.png - Importer: PreviewImporter
Importing 'GUID: 0a02e43184c7e9c4c9c59b601100b705 - Path: Packages/com.unity.collab-proxy/Editor/Assets/Images/d_iconcurrentbranch.png - Importer: PreviewImporter' with importer (PreviewImporter)
Imported 'GUID: 0a02e43184c7e9c4c9c59b601100b705' -> (Import Result ID: 'ccc07925ef4fadeb6a718da068c9b103') in 0.012 seconds [static and dynamic dependencies]. Details - ImportResultOutputID=e852f914a06e5a7a3fb15befbc790648 DependenciesID=b897c4a3f9349795613d83e40c7f7957 StaticDependenciesID=3f51e3d9bad2201a63984381bf983f0b 
Number of updated asset objects reloaded before import = 0
Number of asset objects unloaded after import = 3
========================================================================
Received Import Request.
  Time of request: 2026-09-30T10:21:06.9044597Z
  Time since last request: 1.1937093 seconds.
  importAddress: GUID: a57d0bc93481bd844af3c2236db044f2 - Path: Packages/com.unity.collab-proxy/Editor/Assets/Images/iconaddedoverlay.png - Importer: PreviewImporter
Importing 'GUID: a57d0bc93481bd844af3c2236db044f2 - Path: Packages/com.unity.collab-proxy/Editor/Assets/Images/iconaddedoverlay.png - Importer: PreviewImporter' with importer (PreviewImporter)
Imported 'GUID: a57d0bc93481bd844af3c2236db044f2' -> (Import Result ID: '7d71351679ed27e4e91f60623004c74a') in 0.015 seconds [static and dynamic dependencies]. Details - ImportResultOutputID=cc4988e8a2d1042cdb509f739db1c572 DependenciesID=a79f056fbc071c6bf0b9ef793a5793af StaticDependenciesID=df5644c81c05124664e43f4fdf5b6b92 
Number of updated asset objects reloaded before import = 0
Number of asset objects unloaded after import = 3
========================================================================
Received Import Request.
  Time of request: 2026-09-30T10:21:06.944731Z
  Time since last request: 0.0012566 seconds.
  importAddress: GUID: ab97695f01bc84c4b93e8440531417e7 - Path: Packages/com.unity.collab-proxy/Editor/Assets/Images/iconbrex@2x.png - Importer: PreviewImporter
Importing 'GUID: ab97695f01bc84c4b93e8440531417e7 - Path: Packages/com.unity.collab-proxy/Editor/Assets/Images/iconbrex@2x.png - Importer: PreviewImporter' with importer (PreviewImporter)
Imported 'GUID: ab97695f01bc84c4b93e8440531417e7' -> (Import Result ID: '67bce606fa7a211c62ab8bdb6bea7374') in 0.018 seconds [static and dynamic dependencies]. Details - ImportResultOutputID=73cfe089713dc6bc98529fb516853e1b DependenciesID=816b840906c2de5b247eb520a61e43e4 StaticDependenciesID=1e81f83603c44362250ffaae48d1253a 
Number of updated asset objects reloaded before import = 0
Number of asset objects unloaded after import = 3
========================================================================
Received Import Request.
  Time of request: 2026-09-30T10:21:07.0272049Z
  Time since last request: 0.0389439 seconds.
  importAddress: GUID: 981b1c6358520f245a69c070270eca96 - Path: Packages/com.unity.collab-proxy/Editor/Assets/Images/iconbranch.png - Importer: PreviewImporter
Importing 'GUID: 981b1c6358520f245a69c070270eca96 - Path: Packages/com.unity.collab-proxy/Editor/Assets/Images/iconbranch.png - Importer: PreviewImporter' with importer (PreviewImporter)
Imported 'GUID: 981b1c6358520f245a69c070270eca96' -> (Import Result ID: 'a8731e3b036d961f66222e51b32ffde6') in 0.016 seconds [static and dynamic dependencies]. Details - ImportResultOutputID=9e46a44dab7f85751eddf5ff5ee3f90f DependenciesID=3e8b846c0c172994a2922446d4f1219e StaticDependenciesID=9eb5a7c155ae4c05e337e085235daa71 
Number of updated asset objects reloaded before import = 0
Number of asset objects unloaded after import = 3
========================================================================
Received Import Request.
  Time of request: 2026-09-30T10:21:07.0702527Z
  Time since last request: 0.0006381 seconds.
  importAddress: GUID: 425970578f3342a43b40545d1ac8a25d - Path: Packages/com.unity.collab-proxy/Editor/Assets/Images/iconbranch@2x.png - Importer: PreviewImporter
Importing 'GUID: 425970578f3342a43b40545d1ac8a25d - Path: Packages/com.unity.collab-proxy/Editor/Assets/Images/iconbranch@2x.png - Importer: PreviewImporter' with importer (PreviewImporter)
Imported 'GUID: 425970578f3342a43b40545d1ac8a25d' -> (Import Result ID: '63593b6b45a72bc17be42500326df419') in 0.051 seconds [static and dynamic dependencies]. Details - ImportResultOutputID=c69e986996cd80aba66307d1e9a5fe30 DependenciesID=a458d48181d152b169b4c084e2ee375c StaticDependenciesID=08de18abd3808547943fafe284dc0a78 
Number of updated asset objects reloaded before import = 0
Number of asset objects unloaded after import = 3
========================================================================
Received Prepare
AcceleratorClientConnectionCallback - disconnected - :0
[Licensing::Client] Successfully resolved entitlement details
Begin MonoManager ReloadAssembly
'Packages/com.unity.render-pipelines.core/Editor/Deprecated.cs' contains partial class of Unity.Object, exactly 1 of the partial classes needs to be in a file with the same filename. This is to know the one that can be referenced from ie. GameObjects
'Packages/com.unity.render-pipelines.core/Editor/Deprecated.cs' contains partial class of Unity.Object, exactly 1 of the partial classes needs to be in a file with the same filename. This is to know the one that can be referenced from ie. GameObjects
Refreshing native plugins compatible for Editor in 3.62 ms, found 5 plugins.
Native extension for WindowsStandalone target not found
Native extension for WebGL target not found
[Package Manager] Failed to launch server process. Reason: Unity was launched with the -noUpm command-line argument
[Package Manager] Unable to send message (not connected to server process).
[Package Manager] Cannot connect to Unity Package Manager local server
[Package Manager] Failed to launch server process. Reason: Unity was launched with the -noUpm command-line argument
[Package Manager] Unable to send message (not connected to server process).
[Package Manager] Cannot connect to Unity Package Manager local server
ScheduleIndexationOnStartup MainProcess:False IndexOnStartup:True
Scripting: successfully reloaded assembly
- Finished resetting the current domain, in  1.329 seconds
Domain Reload Profiling: 2944ms
	BeginReloadAssembly (558ms)
		DisableScriptedObjects (53ms)
		CreateAndSetChildDomain (158ms)
	RebuildCommonClasses (19ms)
	RebuildNativeTypeToScriptingClass (30ms)
	initialDomainReloadingComplete (130ms)
	LoadAllAssembliesAndSetupDomain (876ms)
		LoadAssemblies (733ms)
		TypeCache.Refresh (12ms)
		AnalyzeDomain (15ms)
			ResolveRequiredComponents (9ms)
	FinalizeReload (1331ms)
		SetupLoadedEditorAssemblies (0ms)
			LogAssemblyErrors (3ms)
			InitializePlatformSupportModulesInManaged (5ms)
			BeforeProcessingInitializeOnLoad (212ms)
			ProcessInitializeOnLoadAttributes (470ms)
			ProcessInitializeOnLoadMethodAttributes (168ms)
			AfterProcessingInitializeOnLoad (9ms)
		AwakeInstancesAfterBackupRestoration (40ms)
Refreshing native plugins compatible for Editor in 4.75 ms, found 5 plugins.
Unloading 24 Unused Serialized files (Serialized files now loaded: 0)
Unloading 6986 unused Assets / (5.9 MB). Loaded Objects now: 8054.
Memory consumption went from 402.0 MB to 396.1 MB.
Total: 21.758400 ms (FindLiveObjects: 2.029200 ms CreateObjectMapping: 1.048900 ms MarkObjects: 13.713500 ms  DeleteObjects: 4.314700 ms)

Prepare: number of updated asset objects reloaded= 0
========================================================================
Received Prepare
AcceleratorClientConnectionCallback - disconnected - :0
Begin MonoManager ReloadAssembly
'Packages/com.unity.render-pipelines.core/Editor/Deprecated.cs' contains partial class of Unity.Object, exactly 1 of the partial classes needs to be in a file with the same filename. This is to know the one that can be referenced from ie. GameObjects
'Packages/com.unity.render-pipelines.core/Editor/Deprecated.cs' contains partial class of Unity.Object, exactly 1 of the partial classes needs to be in a file with the same filename. This is to know the one that can be referenced from ie. GameObjects
Refreshing native plugins compatible for Editor in 3.75 ms, found 5 plugins.
Native extension for WindowsStandalone target not found
Native extension for WebGL target not found
[Package Manager] Failed to launch server process. Reason: Unity was launched with the -noUpm command-line argument
[Package Manager] Unable to send message (not connected to server process).
[Package Manager] Cannot connect to Unity Package Manager local server
[Package Manager] Failed to launch server process. Reason: Unity was launched with the -noUpm command-line argument
[Package Manager] Unable to send message (not connected to server process).
[Package Manager] Cannot connect to Unity Package Manager local server
ScheduleIndexationOnStartup MainProcess:False IndexOnStartup:True
Scripting: successfully reloaded assembly
- Finished resetting the current domain, in  1.304 seconds
Domain Reload Profiling: 2599ms
	BeginReloadAssembly (428ms)
		DisableScriptedObjects (30ms)
		CreateAndSetChildDomain (97ms)
	RebuildCommonClasses (20ms)
	RebuildNativeTypeToScriptingClass (35ms)
	initialDomainReloadingComplete (101ms)
	LoadAllAssembliesAndSetupDomain (711ms)
		LoadAssemblies (578ms)
		TypeCache.Refresh (11ms)
		AnalyzeDomain (14ms)
			ResolveRequiredComponents (9ms)
	FinalizeReload (1306ms)
		SetupLoadedEditorAssemblies (0ms)
			LogAssemblyErrors (4ms)
			InitializePlatformSupportModulesInManaged (3ms)
			BeforeProcessingInitializeOnLoad (202ms)
			ProcessInitializeOnLoadAttributes (420ms)
			ProcessInitializeOnLoadMethodAttributes (194ms)
			AfterProcessingInitializeOnLoad (11ms)
		AwakeInstancesAfterBackupRestoration (41ms)
Refreshing native plugins compatible for Editor in 3.26 ms, found 5 plugins.
Unloading 24 Unused Serialized files (Serialized files now loaded: 0)
Unloading 6986 unused Assets / (6.6 MB). Loaded Objects now: 8057.
Memory consumption went from 407.7 MB to 401.1 MB.
Total: 12.235500 ms (FindLiveObjects: 1.131700 ms CreateObjectMapping: 0.383600 ms MarkObjects: 8.087200 ms  DeleteObjects: 2.289600 ms)

Prepare: number of updated asset objects reloaded= 0
========================================================================
Received Prepare
AcceleratorClientConnectionCallback - disconnected - :0
[Licensing::Client] Successfully resolved entitlement details
Begin MonoManager ReloadAssembly
'Packages/com.unity.render-pipelines.core/Editor/Deprecated.cs' contains partial class of Unity.Object, exactly 1 of the partial classes needs to be in a file with the same filename. This is to know the one that can be referenced from ie. GameObjects
'Packages/com.unity.render-pipelines.core/Editor/Deprecated.cs' contains partial class of Unity.Object, exactly 1 of the partial classes needs to be in a file with the same filename. This is to know the one that can be referenced from ie. GameObjects
Refreshing native plugins compatible for Editor in 3.23 ms, found 5 plugins.
Native extension for WindowsStandalone target not found
Native extension for WebGL target not found
[Package Manager] Failed to launch server process. Reason: Unity was launched with the -noUpm command-line argument
[Package Manager] Unable to send message (not connected to server process).
[Package Manager] Cannot connect to Unity Package Manager local server
[Package Manager] Failed to launch server process. Reason: Unity was launched with the -noUpm command-line argument
[Package Manager] Unable to send message (not connected to server process).
[Package Manager] Cannot connect to Unity Package Manager local server
ScheduleIndexationOnStartup MainProcess:False IndexOnStartup:True
Scripting: successfully reloaded assembly
- Finished resetting the current domain, in  1.291 seconds
Domain Reload Profiling: 2608ms
	BeginReloadAssembly (470ms)
		DisableScriptedObjects (31ms)
		CreateAndSetChildDomain (108ms)
	RebuildCommonClasses (19ms)
	RebuildNativeTypeToScriptingClass (36ms)
	initialDomainReloadingComplete (101ms)
	LoadAllAssembliesAndSetupDomain (691ms)
		LoadAssemblies (541ms)
		TypeCache.Refresh (11ms)
		AnalyzeDomain (15ms)
			ResolveRequiredComponents (9ms)
	FinalizeReload (1292ms)
		SetupLoadedEditorAssemblies (0ms)
			LogAssemblyErrors (3ms)
			InitializePlatformSupportModulesInManaged (4ms)
			BeforeProcessingInitializeOnLoad (202ms)
			ProcessInitializeOnLoadAttributes (430ms)
			ProcessInitializeOnLoadMethodAttributes (172ms)
			AfterProcessingInitializeOnLoad (12ms)
		AwakeInstancesAfterBackupRestoration (48ms)
Refreshing native plugins compatible for Editor in 3.86 ms, found 5 plugins.
Unloading 24 Unused Serialized files (Serialized files now loaded: 0)
Unloading 6986 unused Assets / (6.4 MB). Loaded Objects now: 8060.
Memory consumption went from 412.8 MB to 406.4 MB.
Total: 14.578300 ms (FindLiveObjects: 1.224400 ms CreateObjectMapping: 0.499100 ms MarkObjects: 9.958900 ms  DeleteObjects: 2.558800 ms)

Prepare: number of updated asset objects reloaded= 0
========================================================================
Received Prepare
AcceleratorClientConnectionCallback - disconnected - :0
Begin MonoManager ReloadAssembly
'Packages/com.unity.render-pipelines.core/Editor/Deprecated.cs' contains partial class of Unity.Object, exactly 1 of the partial classes needs to be in a file with the same filename. This is to know the one that can be referenced from ie. GameObjects
'Packages/com.unity.render-pipelines.core/Editor/Deprecated.cs' contains partial class of Unity.Object, exactly 1 of the partial classes needs to be in a file with the same filename. This is to know the one that can be referenced from ie. GameObjects
Refreshing native plugins compatible for Editor in 2.52 ms, found 5 plugins.
Native extension for WindowsStandalone target not found
Native extension for WebGL target not found
[Package Manager] Failed to launch server process. Reason: Unity was launched with the -noUpm command-line argument
[Package Manager] Unable to send message (not connected to server process).
[Package Manager] Cannot connect to Unity Package Manager local server
[Package Manager] Failed to launch server process. Reason: Unity was launched with the -noUpm command-line argument
[Package Manager] Unable to send message (not connected to server process).
[Package Manager] Cannot connect to Unity Package Manager local server
ScheduleIndexationOnStartup MainProcess:False IndexOnStartup:True
Scripting: successfully reloaded assembly
- Finished resetting the current domain, in  1.318 seconds
Domain Reload Profiling: 2629ms
	BeginReloadAssembly (470ms)
		DisableScriptedObjects (59ms)
		CreateAndSetChildDomain (100ms)
	RebuildCommonClasses (17ms)
	RebuildNativeTypeToScriptingClass (31ms)
	initialDomainReloadingComplete (97ms)
	LoadAllAssembliesAndSetupDomain (695ms)
		LoadAssemblies (577ms)
		TypeCache.Refresh (9ms)
		AnalyzeDomain (15ms)
			ResolveRequiredComponents (10ms)
	FinalizeReload (1320ms)
		SetupLoadedEditorAssemblies (0ms)
			LogAssemblyErrors (3ms)
			InitializePlatformSupportModulesInManaged (3ms)
			BeforeProcessingInitializeOnLoad (198ms)
			ProcessInitializeOnLoadAttributes (456ms)
			ProcessInitializeOnLoadMethodAttributes (153ms)
			AfterProcessingInitializeOnLoad (8ms)
			EditorAssembliesLoaded (3ms)
		AwakeInstancesAfterBackupRestoration (42ms)
Refreshing native plugins compatible for Editor in 4.43 ms, found 5 plugins.
Unloading 24 Unused Serialized files (Serialized files now loaded: 0)
Unloading 6986 unused Assets / (6.5 MB). Loaded Objects now: 8063.
Memory consumption went from 418.2 MB to 411.7 MB.
Total: 14.600200 ms (FindLiveObjects: 1.277300 ms CreateObjectMapping: 0.566800 ms MarkObjects: 9.432100 ms  DeleteObjects: 2.966100 ms)

Prepare: number of updated asset objects reloaded= 0
========================================================================
Received Prepare
AcceleratorClientConnectionCallback - disconnected - :0
[Licensing::Client] Successfully resolved entitlement details
Begin MonoManager ReloadAssembly
'Packages/com.unity.render-pipelines.core/Editor/Deprecated.cs' contains partial class of Unity.Object, exactly 1 of the partial classes needs to be in a file with the same filename. This is to know the one that can be referenced from ie. GameObjects
'Packages/com.unity.render-pipelines.core/Editor/Deprecated.cs' contains partial class of Unity.Object, exactly 1 of the partial classes needs to be in a file with the same filename. This is to know the one that can be referenced from ie. GameObjects
Refreshing native plugins compatible for Editor in 3.09 ms, found 5 plugins.
Native extension for WindowsStandalone target not found
Native extension for WebGL target not found
[Package Manager] Failed to launch server process. Reason: Unity was launched with the -noUpm command-line argument
[Package Manager] Unable to send message (not connected to server process).
[Package Manager] Cannot connect to Unity Package Manager local server
[Package Manager] Failed to launch server process. Reason: Unity was launched with the -noUpm command-line argument
[Package Manager] Unable to send message (not connected to server process).
[Package Manager] Cannot connect to Unity Package Manager local server
ScheduleIndexationOnStartup MainProcess:False IndexOnStartup:True
Scripting: successfully reloaded assembly
- Finished resetting the current domain, in  1.263 seconds
Domain Reload Profiling: 2582ms
	BeginReloadAssembly (435ms)
		DisableScriptedObjects (31ms)
		CreateAndSetChildDomain (94ms)
	RebuildCommonClasses (17ms)
	RebuildNativeTypeToScriptingClass (35ms)
	initialDomainReloadingComplete (111ms)
	LoadAllAssembliesAndSetupDomain (721ms)
		LoadAssemblies (592ms)
		TypeCache.Refresh (16ms)
		AnalyzeDomain (13ms)
			ResolveRequiredComponents (8ms)
	FinalizeReload (1264ms)
		SetupLoadedEditorAssemblies (0ms)
			LogAssemblyErrors (3ms)
			InitializePlatformSupportModulesInManaged (4ms)
			BeforeProcessingInitializeOnLoad (194ms)
			ProcessInitializeOnLoadAttributes (427ms)
			ProcessInitializeOnLoadMethodAttributes (159ms)
			AfterProcessingInitializeOnLoad (10ms)
		AwakeInstancesAfterBackupRestoration (43ms)
Refreshing native plugins compatible for Editor in 3.98 ms, found 5 plugins.
Unloading 24 Unused Serialized files (Serialized files now loaded: 0)
Unloading 6986 unused Assets / (7.2 MB). Loaded Objects now: 8066.
Memory consumption went from 423.7 MB to 416.5 MB.
Total: 15.708700 ms (FindLiveObjects: 1.235100 ms CreateObjectMapping: 0.562500 ms MarkObjects: 10.339300 ms  DeleteObjects: 3.238500 ms)

Prepare: number of updated asset objects reloaded= 0
========================================================================
Received Prepare
AcceleratorClientConnectionCallback - disconnected - :0
[Licensing::Client] Successfully resolved entitlement details
Begin MonoManager ReloadAssembly
'Packages/com.unity.render-pipelines.core/Editor/Deprecated.cs' contains partial class of Unity.Object, exactly 1 of the partial classes needs to be in a file with the same filename. This is to know the one that can be referenced from ie. GameObjects
'Packages/com.unity.render-pipelines.core/Editor/Deprecated.cs' contains partial class of Unity.Object, exactly 1 of the partial classes needs to be in a file with the same filename. This is to know the one that can be referenced from ie. GameObjects
Refreshing native plugins compatible for Editor in 2.59 ms, found 5 plugins.
Native extension for WindowsStandalone target not found
Native extension for WebGL target not found
[Package Manager] Failed to launch server process. Reason: Unity was launched with the -noUpm command-line argument
[Package Manager] Unable to send message (not connected to server process).
[Package Manager] Cannot connect to Unity Package Manager local server
[Package Manager] Failed to launch server process. Reason: Unity was launched with the -noUpm command-line argument
[Package Manager] Unable to send message (not connected to server process).
[Package Manager] Cannot connect to Unity Package Manager local server
ScheduleIndexationOnStartup MainProcess:False IndexOnStartup:True
Scripting: successfully reloaded assembly
- Finished resetting the current domain, in  1.338 seconds
Domain Reload Profiling: 2614ms
	BeginReloadAssembly (422ms)
		DisableScriptedObjects (33ms)
		CreateAndSetChildDomain (96ms)
	RebuildCommonClasses (22ms)
	RebuildNativeTypeToScriptingClass (34ms)
	initialDomainReloadingComplete (96ms)
	LoadAllAssembliesAndSetupDomain (700ms)
		LoadAssemblies (553ms)
		TypeCache.Refresh (11ms)
		AnalyzeDomain (16ms)
			ResolveRequiredComponents (11ms)
	FinalizeReload (1340ms)
		SetupLoadedEditorAssemblies (0ms)
			LogAssemblyErrors (5ms)
			InitializePlatformSupportModulesInManaged (3ms)
			BeforeProcessingInitializeOnLoad (226ms)
			ProcessInitializeOnLoadAttributes (461ms)
			ProcessInitializeOnLoadMethodAttributes (162ms)
			AfterProcessingInitializeOnLoad (12ms)
		AwakeInstancesAfterBackupRestoration (41ms)
Refreshing native plugins compatible for Editor in 3.14 ms, found 5 plugins.
Unloading 24 Unused Serialized files (Serialized files now loaded: 0)
Unloading 6986 unused Assets / (6.8 MB). Loaded Objects now: 8069.
Memory consumption went from 429.6 MB to 422.8 MB.
Total: 13.005800 ms (FindLiveObjects: 1.324200 ms CreateObjectMapping: 0.776700 ms MarkObjects: 7.931900 ms  DeleteObjects: 2.655400 ms)

Prepare: number of updated asset objects reloaded= 0
========================================================================
Received Prepare
AcceleratorClientConnectionCallback - disconnected - :0
[Licensing::Client] Successfully resolved entitlement details
Begin MonoManager ReloadAssembly
'Packages/com.unity.render-pipelines.core/Editor/Deprecated.cs' contains partial class of Unity.Object, exactly 1 of the partial classes needs to be in a file with the same filename. This is to know the one that can be referenced from ie. GameObjects
'Packages/com.unity.render-pipelines.core/Editor/Deprecated.cs' contains partial class of Unity.Object, exactly 1 of the partial classes needs to be in a file with the same filename. This is to know the one that can be referenced from ie. GameObjects
Refreshing native plugins compatible for Editor in 2.60 ms, found 5 plugins.
Native extension for WindowsStandalone target not found
Native extension for WebGL target not found
[Package Manager] Failed to launch server process. Reason: Unity was launched with the -noUpm command-line argument
[Package Manager] Unable to send message (not connected to server process).
[Package Manager] Cannot connect to Unity Package Manager local server
[Package Manager] Failed to launch server process. Reason: Unity was launched with the -noUpm command-line argument
[Package Manager] Unable to send message (not connected to server process).
[Package Manager] Cannot connect to Unity Package Manager local server
ScheduleIndexationOnStartup MainProcess:False IndexOnStartup:True
Scripting: successfully reloaded assembly
- Finished resetting the current domain, in  1.353 seconds
Domain Reload Profiling: 2673ms
	BeginReloadAssembly (460ms)
		DisableScriptedObjects (29ms)
		CreateAndSetChildDomain (107ms)
	RebuildCommonClasses (20ms)
	RebuildNativeTypeToScriptingClass (35ms)
	initialDomainReloadingComplete (98ms)
	LoadAllAssembliesAndSetupDomain (703ms)
		LoadAssemblies (588ms)
		TypeCache.Refresh (11ms)
		AnalyzeDomain (17ms)
			ResolveRequiredComponents (9ms)
	FinalizeReload (1355ms)
		SetupLoadedEditorAssemblies (0ms)
			LogAssemblyErrors (3ms)
			InitializePlatformSupportModulesInManaged (5ms)
			BeforeProcessingInitializeOnLoad (220ms)
			ProcessInitializeOnLoadAttributes (464ms)
			ProcessInitializeOnLoadMethodAttributes (168ms)
			AfterProcessingInitializeOnLoad (11ms)
		AwakeInstancesAfterBackupRestoration (46ms)
Refreshing native plugins compatible for Editor in 3.74 ms, found 5 plugins.
Unloading 24 Unused Serialized files (Serialized files now loaded: 0)
Unloading 6986 unused Assets / (6.5 MB). Loaded Objects now: 8072.
Memory consumption went from 435.0 MB to 428.5 MB.
Total: 12.923400 ms (FindLiveObjects: 1.342700 ms CreateObjectMapping: 0.742900 ms MarkObjects: 7.967900 ms  DeleteObjects: 2.523600 ms)

Prepare: number of updated asset objects reloaded= 0
========================================================================
Received Prepare
AcceleratorClientConnectionCallback - disconnected - :0
[Licensing::Client] Successfully resolved entitlement details
Begin MonoManager ReloadAssembly
'Packages/com.unity.render-pipelines.core/Editor/Deprecated.cs' contains partial class of Unity.Object, exactly 1 of the partial classes needs to be in a file with the same filename. This is to know the one that can be referenced from ie. GameObjects
'Packages/com.unity.render-pipelines.core/Editor/Deprecated.cs' contains partial class of Unity.Object, exactly 1 of the partial classes needs to be in a file with the same filename. This is to know the one that can be referenced from ie. GameObjects
Refreshing native plugins compatible for Editor in 3.45 ms, found 5 plugins.
Native extension for WindowsStandalone target not found
Native extension for WebGL target not found
[Package Manager] Failed to launch server process. Reason: Unity was launched with the -noUpm command-line argument
[Package Manager] Unable to send message (not connected to server process).
[Package Manager] Cannot connect to Unity Package Manager local server
[Package Manager] Failed to launch server process. Reason: Unity was launched with the -noUpm command-line argument
[Package Manager] Unable to send message (not connected to server process).
[Package Manager] Cannot connect to Unity Package Manager local server
ScheduleIndexationOnStartup MainProcess:False IndexOnStartup:True
Scripting: successfully reloaded assembly
- Finished resetting the current domain, in  1.259 seconds
Domain Reload Profiling: 2595ms
	BeginReloadAssembly (475ms)
		DisableScriptedObjects (34ms)
		CreateAndSetChildDomain (128ms)
	RebuildCommonClasses (16ms)
	RebuildNativeTypeToScriptingClass (29ms)
	initialDomainReloadingComplete (89ms)
	LoadAllAssembliesAndSetupDomain (724ms)
		LoadAssemblies (585ms)
		TypeCache.Refresh (11ms)
		AnalyzeDomain (13ms)
			ResolveRequiredComponents (9ms)
	FinalizeReload (1261ms)
		SetupLoadedEditorAssemblies (0ms)
			LogAssemblyErrors (3ms)
			InitializePlatformSupportModulesInManaged (4ms)
			BeforeProcessingInitializeOnLoad (204ms)
			ProcessInitializeOnLoadAttributes (409ms)
			ProcessInitializeOnLoadMethodAttributes (164ms)
			AfterProcessingInitializeOnLoad (12ms)
		AwakeInstancesAfterBackupRestoration (38ms)
Refreshing native plugins compatible for Editor in 3.46 ms, found 5 plugins.
Unloading 24 Unused Serialized files (Serialized files now loaded: 0)
Unloading 6986 unused Assets / (5.6 MB). Loaded Objects now: 8075.
Memory consumption went from 440.3 MB to 434.7 MB.
Total: 14.078000 ms (FindLiveObjects: 1.245000 ms CreateObjectMapping: 0.396500 ms MarkObjects: 9.536100 ms  DeleteObjects: 2.578200 ms)

Prepare: number of updated asset objects reloaded= 0
========================================================================
Received Prepare
AcceleratorClientConnectionCallback - disconnected - :0
Begin MonoManager ReloadAssembly
'Packages/com.unity.render-pipelines.core/Editor/Deprecated.cs' contains partial class of Unity.Object, exactly 1 of the partial classes needs to be in a file with the same filename. This is to know the one that can be referenced from ie. GameObjects
'Packages/com.unity.render-pipelines.core/Editor/Deprecated.cs' contains partial class of Unity.Object, exactly 1 of the partial classes needs to be in a file with the same filename. This is to know the one that can be referenced from ie. GameObjects
Refreshing native plugins compatible for Editor in 2.99 ms, found 5 plugins.
Native extension for WindowsStandalone target not found
Native extension for WebGL target not found
[Package Manager] Failed to launch server process. Reason: Unity was launched with the -noUpm command-line argument
[Package Manager] Unable to send message (not connected to server process).
[Package Manager] Cannot connect to Unity Package Manager local server
[Package Manager] Failed to launch server process. Reason: Unity was launched with the -noUpm command-line argument
[Package Manager] Unable to send message (not connected to server process).
[Package Manager] Cannot connect to Unity Package Manager local server
ScheduleIndexationOnStartup MainProcess:False IndexOnStartup:True
Scripting: successfully reloaded assembly
- Finished resetting the current domain, in  1.310 seconds
Domain Reload Profiling: 2637ms
	BeginReloadAssembly (434ms)
		DisableScriptedObjects (32ms)
		CreateAndSetChildDomain (100ms)
	RebuildCommonClasses (18ms)
	RebuildNativeTypeToScriptingClass (34ms)
	initialDomainReloadingComplete (106ms)
	LoadAllAssembliesAndSetupDomain (734ms)
		LoadAssemblies (565ms)
		TypeCache.Refresh (10ms)
		AnalyzeDomain (15ms)
			ResolveRequiredComponents (9ms)
	FinalizeReload (1311ms)
		SetupLoadedEditorAssemblies (0ms)
			LogAssemblyErrors (4ms)
			InitializePlatformSupportModulesInManaged (5ms)
			BeforeProcessingInitializeOnLoad (220ms)
			ProcessInitializeOnLoadAttributes (432ms)
			ProcessInitializeOnLoadMethodAttributes (160ms)
			AfterProcessingInitializeOnLoad (13ms)
			EditorAssembliesLoaded (3ms)
		AwakeInstancesAfterBackupRestoration (44ms)
Refreshing native plugins compatible for Editor in 3.63 ms, found 5 plugins.
Unloading 24 Unused Serialized files (Serialized files now loaded: 0)
Unloading 6986 unused Assets / (6.6 MB). Loaded Objects now: 8078.
Memory consumption went from 446.0 MB to 439.4 MB.
Total: 15.078200 ms (FindLiveObjects: 1.391500 ms CreateObjectMapping: 0.503800 ms MarkObjects: 9.704600 ms  DeleteObjects: 3.154600 ms)

Prepare: number of updated asset objects reloaded= 0
========================================================================
Received Prepare
AcceleratorClientConnectionCallback - disconnected - :0
[Licensing::Client] Successfully resolved entitlement details
Begin MonoManager ReloadAssembly
'Packages/com.unity.render-pipelines.core/Editor/Deprecated.cs' contains partial class of Unity.Object, exactly 1 of the partial classes needs to be in a file with the same filename. This is to know the one that can be referenced from ie. GameObjects
'Packages/com.unity.render-pipelines.core/Editor/Deprecated.cs' contains partial class of Unity.Object, exactly 1 of the partial classes needs to be in a file with the same filename. This is to know the one that can be referenced from ie. GameObjects
Refreshing native plugins compatible for Editor in 3.01 ms, found 5 plugins.
Native extension for WindowsStandalone target not found
Native extension for WebGL target not found
[Package Manager] Failed to launch server process. Reason: Unity was launched with the -noUpm command-line argument
[Package Manager] Unable to send message (not connected to server process).
[Package Manager] Cannot connect to Unity Package Manager local server
[Package Manager] Failed to launch server process. Reason: Unity was launched with the -noUpm command-line argument
[Package Manager] Unable to send message (not connected to server process).
[Package Manager] Cannot connect to Unity Package Manager local server
ScheduleIndexationOnStartup MainProcess:False IndexOnStartup:True
Scripting: successfully reloaded assembly
- Finished resetting the current domain, in  1.332 seconds
Domain Reload Profiling: 2654ms
	BeginReloadAssembly (494ms)
		DisableScriptedObjects (32ms)
		CreateAndSetChildDomain (110ms)
	RebuildCommonClasses (21ms)
	RebuildNativeTypeToScriptingClass (37ms)
	initialDomainReloadingComplete (99ms)
	LoadAllAssembliesAndSetupDomain (670ms)
		LoadAssemblies (559ms)
		TypeCache.Refresh (11ms)
		AnalyzeDomain (14ms)
			ResolveRequiredComponents (9ms)
	FinalizeReload (1334ms)
		SetupLoadedEditorAssemblies (0ms)
			LogAssemblyErrors (4ms)
			InitializePlatformSupportModulesInManaged (4ms)
			BeforeProcessingInitializeOnLoad (207ms)
			ProcessInitializeOnLoadAttributes (455ms)
			ProcessInitializeOnLoadMethodAttributes (172ms)
			AfterProcessingInitializeOnLoad (11ms)
		AwakeInstancesAfterBackupRestoration (43ms)
Refreshing native plugins compatible for Editor in 3.46 ms, found 5 plugins.
Unloading 24 Unused Serialized files (Serialized files now loaded: 0)
Unloading 6986 unused Assets / (6.6 MB). Loaded Objects now: 8081.
Memory consumption went from 451.1 MB to 444.4 MB.
Total: 13.475100 ms (FindLiveObjects: 1.497800 ms CreateObjectMapping: 0.721000 ms MarkObjects: 8.638400 ms  DeleteObjects: 2.297900 ms)

Prepare: number of updated asset objects reloaded= 0
========================================================================
Received Prepare
AcceleratorClientConnectionCallback - disconnected - :0
Begin MonoManager ReloadAssembly
'Packages/com.unity.render-pipelines.core/Editor/Deprecated.cs' contains partial class of Unity.Object, exactly 1 of the partial classes needs to be in a file with the same filename. This is to know the one that can be referenced from ie. GameObjects
'Packages/com.unity.render-pipelines.core/Editor/Deprecated.cs' contains partial class of Unity.Object, exactly 1 of the partial classes needs to be in a file with the same filename. This is to know the one that can be referenced from ie. GameObjects
Refreshing native plugins compatible for Editor in 2.76 ms, found 5 plugins.
Native extension for WindowsStandalone target not found
Native extension for WebGL target not found
[Package Manager] Failed to launch server process. Reason: Unity was launched with the -noUpm command-line argument
[Package Manager] Unable to send message (not connected to server process).
[Package Manager] Cannot connect to Unity Package Manager local server
[Package Manager] Failed to launch server process. Reason: Unity was launched with the -noUpm command-line argument
[Package Manager] Unable to send message (not connected to server process).
[Package Manager] Cannot connect to Unity Package Manager local server
ScheduleIndexationOnStartup MainProcess:False IndexOnStartup:True
Scripting: successfully reloaded assembly
- Finished resetting the current domain, in  1.310 seconds
Domain Reload Profiling: 2588ms
	BeginReloadAssembly (442ms)
		DisableScriptedObjects (29ms)
		CreateAndSetChildDomain (104ms)
	RebuildCommonClasses (18ms)
	RebuildNativeTypeToScriptingClass (33ms)
	initialDomainReloadingComplete (104ms)
	LoadAllAssembliesAndSetupDomain (678ms)
		LoadAssemblies (555ms)
		TypeCache.Refresh (12ms)
		AnalyzeDomain (14ms)
			ResolveRequiredComponents (9ms)
	FinalizeReload (1312ms)
		SetupLoadedEditorAssemblies (0ms)
			LogAssemblyErrors (3ms)
			InitializePlatformSupportModulesInManaged (3ms)
			BeforeProcessingInitializeOnLoad (208ms)
			ProcessInitializeOnLoadAttributes (464ms)
			ProcessInitializeOnLoadMethodAttributes (164ms)
			AfterProcessingInitializeOnLoad (8ms)
		AwakeInstancesAfterBackupRestoration (43ms)
Refreshing native plugins compatible for Editor in 2.65 ms, found 5 plugins.
Unloading 24 Unused Serialized files (Serialized files now loaded: 0)
Unloading 6986 unused Assets / (5.6 MB). Loaded Objects now: 8084.
Memory consumption went from 456.6 MB to 451.0 MB.
Total: 13.807300 ms (FindLiveObjects: 1.395900 ms CreateObjectMapping: 0.462000 ms MarkObjects: 9.131900 ms  DeleteObjects: 2.479000 ms)

Prepare: number of updated asset objects reloaded= 0
========================================================================
Received Prepare
AcceleratorClientConnectionCallback - disconnected - :0
[Licensing::Client] Successfully resolved entitlement details
Begin MonoManager ReloadAssembly
'Packages/com.unity.render-pipelines.core/Editor/Deprecated.cs' contains partial class of Unity.Object, exactly 1 of the partial classes needs to be in a file with the same filename. This is to know the one that can be referenced from ie. GameObjects
'Packages/com.unity.render-pipelines.core/Editor/Deprecated.cs' contains partial class of Unity.Object, exactly 1 of the partial classes needs to be in a file with the same filename. This is to know the one that can be referenced from ie. GameObjects
Refreshing native plugins compatible for Editor in 2.97 ms, found 5 plugins.
Native extension for WindowsStandalone target not found
Native extension for WebGL target not found
[Package Manager] Failed to launch server process. Reason: Unity was launched with the -noUpm command-line argument
[Package Manager] Unable to send message (not connected to server process).
[Package Manager] Cannot connect to Unity Package Manager local server
[Package Manager] Failed to launch server process. Reason: Unity was launched with the -noUpm command-line argument
[Package Manager] Unable to send message (not connected to server process).
[Package Manager] Cannot connect to Unity Package Manager local server
ScheduleIndexationOnStartup MainProcess:False IndexOnStartup:True
Scripting: successfully reloaded assembly
- Finished resetting the current domain, in  1.317 seconds
Domain Reload Profiling: 2668ms
	BeginReloadAssembly (458ms)
		DisableScriptedObjects (32ms)
		CreateAndSetChildDomain (106ms)
	RebuildCommonClasses (21ms)
	RebuildNativeTypeToScriptingClass (32ms)
	initialDomainReloadingComplete (110ms)
	LoadAllAssembliesAndSetupDomain (727ms)
		LoadAssemblies (581ms)
		TypeCache.Refresh (12ms)
		AnalyzeDomain (19ms)
			ResolveRequiredComponents (12ms)
	FinalizeReload (1319ms)
		SetupLoadedEditorAssemblies (0ms)
			LogAssemblyErrors (4ms)
			InitializePlatformSupportModulesInManaged (5ms)
			BeforeProcessingInitializeOnLoad (222ms)
			ProcessInitializeOnLoadAttributes (451ms)
			ProcessInitializeOnLoadMethodAttributes (166ms)
			AfterProcessingInitializeOnLoad (10ms)
		AwakeInstancesAfterBackupRestoration (38ms)
Refreshing native plugins compatible for Editor in 3.78 ms, found 5 plugins.
Unloading 24 Unused Serialized files (Serialized files now loaded: 0)
Unloading 6986 unused Assets / (6.7 MB). Loaded Objects now: 8087.
Memory consumption went from 462.0 MB to 455.2 MB.
Total: 13.800200 ms (FindLiveObjects: 1.461700 ms CreateObjectMapping: 0.622600 ms MarkObjects: 8.504400 ms  DeleteObjects: 2.655100 ms)

Prepare: number of updated asset objects reloaded= 0
========================================================================
Received Prepare
AcceleratorClientConnectionCallback - disconnected - :0
[Licensing::Client] Successfully resolved entitlement details
Begin MonoManager ReloadAssembly
'Packages/com.unity.render-pipelines.core/Editor/Deprecated.cs' contains partial class of Unity.Object, exactly 1 of the partial classes needs to be in a file with the same filename. This is to know the one that can be referenced from ie. GameObjects
'Packages/com.unity.render-pipelines.core/Editor/Deprecated.cs' contains partial class of Unity.Object, exactly 1 of the partial classes needs to be in a file with the same filename. This is to know the one that can be referenced from ie. GameObjects
Refreshing native plugins compatible for Editor in 2.70 ms, found 5 plugins.
Native extension for WindowsStandalone target not found
Native extension for WebGL target not found
[Package Manager] Failed to launch server process. Reason: Unity was launched with the -noUpm command-line argument
[Package Manager] Unable to send message (not connected to server process).
[Package Manager] Cannot connect to Unity Package Manager local server
[Package Manager] Failed to launch server process. Reason: Unity was launched with the -noUpm command-line argument
[Package Manager] Unable to send message (not connected to server process).
[Package Manager] Cannot connect to Unity Package Manager local server
ScheduleIndexationOnStartup MainProcess:False IndexOnStartup:True
Scripting: successfully reloaded assembly
- Finished resetting the current domain, in  1.319 seconds
Domain Reload Profiling: 2632ms
	BeginReloadAssembly (447ms)
		DisableScriptedObjects (36ms)
		CreateAndSetChildDomain (98ms)
	RebuildCommonClasses (19ms)
	RebuildNativeTypeToScriptingClass (33ms)
	initialDomainReloadingComplete (119ms)
	LoadAllAssembliesAndSetupDomain (693ms)
		LoadAssemblies (577ms)
		TypeCache.Refresh (11ms)
		AnalyzeDomain (15ms)
			ResolveRequiredComponents (9ms)
	FinalizeReload (1321ms)
		SetupLoadedEditorAssemblies (0ms)
			LogAssemblyErrors (4ms)
			InitializePlatformSupportModulesInManaged (5ms)
			BeforeProcessingInitializeOnLoad (211ms)
			ProcessInitializeOnLoadAttributes (438ms)
			ProcessInitializeOnLoadMethodAttributes (156ms)
			AfterProcessingInitializeOnLoad (10ms)
		AwakeInstancesAfterBackupRestoration (47ms)
Refreshing native plugins compatible for Editor in 4.68 ms, found 5 plugins.
Unloading 24 Unused Serialized files (Serialized files now loaded: 0)
Unloading 6986 unused Assets / (6.8 MB). Loaded Objects now: 8090.
Memory consumption went from 467.0 MB to 460.2 MB.
Total: 17.831400 ms (FindLiveObjects: 1.680100 ms CreateObjectMapping: 1.041600 ms MarkObjects: 11.871800 ms  DeleteObjects: 2.894100 ms)

Prepare: number of updated asset objects reloaded= 0
========================================================================
Received Prepare
AcceleratorClientConnectionCallback - disconnected - :0
Refreshing native plugins compatible for Editor in 4.40 ms, found 5 plugins.
Unloading 24 Unused Serialized files (Serialized files now loaded: 0)
Unloading 24 unused Assets / (3.0 MB). Loaded Objects now: 8090.
Memory consumption went from 465.0 MB to 462.0 MB.
Total: 11.807700 ms (FindLiveObjects: 1.157900 ms CreateObjectMapping: 0.269700 ms MarkObjects: 9.267100 ms  DeleteObjects: 0.772500 ms)

Prepare: number of updated asset objects reloaded= 0
Editor requested this worker to shutdown with reason: Editor is closing down
AcceleratorClientConnectionCallback - disconnected - :0
AssetImportWorker is now disconnected from the server
Process exiting
[ExitDontLaunchBugReporter] Exiting without the bug reporter. Application will exit with return code 0
