[Licensing::Module] Trying to connect to existing licensing client channel...
Built from '6000.6/staging' branch; Version is '6000.6.2f1 (770e33f6875c) revision 7802419'; Using compiler version '194234433'; Build Type 'Release'
[Licensing::IpcConnector] Successfully connected to: "LicenseClient-Admin" at "2026-09-29T16:13:43.7981904Z"
OS: 'Windows 11  (10.0.26200) Professional' Language: 'pt' Physical Memory: 15599 MB
BatchMode: 1, IsHumanControllingUs: 0, StartBugReporterOnCrash: 0, Is64bit: 1
System  architecture: x64
Process architecture: x64
Date: 2026-09-29T16:13:43Z
[Licensing::Client] Code 10 while verifying Licensing Client signature (process Id: 3212, path: "C:/Program Files/Unity Hub/UnityLicensingClient_V1/Unity.Licensing.Client.exe")
[Licensing::Module] LicensingClient has failed validation; ignoring
[Licensing::Client] Handshaking with LicensingClient:
  Version:                 1.18.3+d7ffd15
  Session Id:              e09be663b1c14529b83900effea6c15c
  Correlation Id:          abb33a515e47cf5b0019d38f05d717c2
  External correlation Id: 1669417538522494668
  Machine Id:              DRE5l/6IiHEkVscQ3l3l7xFSnv4=
[Licensing::Module] Successfully connected to LicensingClient on channel: "LicenseClient-Admin" (connect: 0.00s, validation: 0.00s, handshake: 0.08s)
[Licensing::IpcConnector] Successfully connected to: "LicenseClient-Admin-notifications" at "2026-09-29T16:13:43.8796734Z"
[Licensing::Module] Licensing Background thread has ended after 0.08s

COMMAND LINE ARGUMENTS:
C:\Program Files\Unity\Hub\Editor\6000.6.2f1\Editor\Unity.exe
-adb2
-batchMode
-noUpm
-name
AssetImportWorkerHW1
-projectPath
C:/Users/Admin/Documents/Trabalho IPS/Desin de programacao de jogo/DPJ_Lab01/DPJ_Lab01_Base
-logFile
Logs/AssetImportWorkerHW1.log
-srvPort
60056
-parentPid
21412
-analyticsCloudUserId
6872893522235
-analyticsLocalProjectId
353fabe8efb1cf640adebc7d6fda20aa
-editorAnalyticsEnabled
1
-cbmEditorLicense
1849a7f8590b341becd91dde2a48983332c6a18a
-cbmMachineId
DRE5l/6IiHEkVscQ3l3l7xFSnv4=
-licensingIpc
LicenseClient-Admin
-noDiagnosticSwitchPersistentStore
-job-worker-count
5
-background-job-worker-count
8
-asset-garbage-collectors
1
-force-d3d12
-name
AssetImport
Successfully changed project path to: C:/Users/Admin/Documents/Trabalho IPS/Desin de programacao de jogo/DPJ_Lab01/DPJ_Lab01_Base
C:/Users/Admin/Documents/Trabalho IPS/Desin de programacao de jogo/DPJ_Lab01/DPJ_Lab01_Base
[UnityMemory] Configuration Parameters - Can be set up in boot.config
    "memorysetup-temp-allocator-size-gi-baking-worker=262144"
    "memorysetup-temp-allocator-size-gi-baking-worker=262144"
    "memorysetup-temp-allocator-size-gi-baking-worker=262144"
    "memorysetup-temp-allocator-size-gi-baking-worker=262144"
    "memorysetup-temp-allocator-size-gi-baking-worker=262144"
    "memorysetup-temp-allocator-size-nav-mesh-worker=65536"
    "memorysetup-temp-allocator-size-audio-worker=65536"
    "memorysetup-temp-allocator-size-cloud-worker=32768"
    "memorysetup-temp-allocator-size-gfx=262144"
    "memorysetup-remapper-allocator-initial-capacity=32768"
    "memorysetup-temp-allocator-size-preload-manager=33554432"
    "memorysetup-allocator-temp-initial-block-size-main=262144"
    "memorysetup-allocator-temp-initial-block-size-worker=262144"
    "memorysetup-temp-allocator-size-job-worker=262144"
    "memorysetup-temp-allocator-size-background-worker=32768"
    "memorysetup-bucket-allocator-granularity=16"
    "memorysetup-bucket-allocator-bucket-count=8"
    "memorysetup-bucket-allocator-block-size=33554432"
    "memorysetup-bucket-allocator-block-count=8"
    "memorysetup-main-allocator-block-size=16777216"
    "memorysetup-thread-allocator-block-size=16777216"
    "memorysetup-main-allocator-mimalloc-enabled=1"
    "memorysetup-gfx-main-allocator-block-size=16777216"
    "memorysetup-gfx-thread-allocator-block-size=16777216"
    "memorysetup-cache-allocator-block-size=4194304"
    "memorysetup-typetree-allocator-block-size=2097152"
    "memorysetup-profiler-bucket-allocator-granularity=16"
    "memorysetup-profiler-bucket-allocator-bucket-count=8"
    "memorysetup-profiler-bucket-allocator-block-size=33554432"
    "memorysetup-profiler-bucket-allocator-block-count=8"
    "memorysetup-profiler-allocator-block-size=16777216"
    "memorysetup-profiler-editor-allocator-block-size=1048576"
    "memorysetup-temp-allocator-size-main=16777216"
    "memorysetup-job-temp-allocator-block-size=2097152"
    "memorysetup-job-temp-allocator-block-size-background=1048576"
    "memorysetup-job-temp-allocator-reduction-small-platforms=262144"
Player connection [26232]  Target information:

Player connection [26232]  * "[IP] 192.168.1.88 [Port] 0 [Flags] 2 [Guid] 2064522198 [EditorId] 2064522198 [Version] 1048832 [Id] WindowsEditor(7,Brawl) [Debug] 1 [PackageName] WindowsEditor [ProjectName] Editor" 

Player connection [26232] Host joined multi-casting on [225.0.0.222:54997]...
Player connection [26232] Host joined alternative multi-casting on [225.0.0.222:34997]...
JobSystem: Creating JobQueue using job-worker-count value 5
Input System module state changed to: Initialized.
[Physics::Module] Initialized fallback backend.
[Physics::Module] Id: 0xdecafbad
Library Redirect Path: Library/
Initialising UDS system complete:
  - System type: Client
  - Resource namespace: 0ca478043790c031216a82234c11c58f
  - Shared memory size: 1073741824
  - Command buffer id: 1052576
  - Command buffer size: 8192
  - Hashmap size: 4194304
  - Service connected: true
  - Service working directory: Library/DataStore/
[Physics::Module] Selected backend.
[Physics::Module] Name: PhysX
[Physics::Module] Id: 0xf2b8ea05
[Physics::Module] SDK Version: 4.1.2
[Physics::Module] Integration Version: 1.0.0
[Physics::Module] Threading Mode: Multi-Threaded
Refreshing native plugins compatible for Editor in 16.88 ms, found 5 plugins.
Initialize engine version: 6000.6.2f1 (770e33f6875c)
[EntityIdStore] init: VM path (explicit commit), pageSize=4096, blockCount=1048576, entitiesPerBlock=256, slots reserved=4294967296 bytes
[Subsystems] Discovering subsystems at path C:/Program Files/Unity/Hub/Editor/6000.6.2f1/Editor/Data/Resources/UnitySubsystems
[Subsystems] Discovering subsystems at path C:/Users/Admin/Documents/Trabalho IPS/Desin de programacao de jogo/DPJ_Lab01/DPJ_Lab01_Base/Assets
Forcing GfxDevice: Direct3D 12
GfxDevice: creating device client; kGfxThreadingModeNonThreaded
d3d12: failed to query info queue interface (0x80004002).
Direct3D:
    Version:         Direct3D 12 [level 12.2]
    Renderer:        NVIDIA GeForce RTX 3050 6GB Laptop GPU (ID=0x25ac)
    Vendor:          NVIDIA
    VRAM:            6001 MB
    App VRAM Budget: 5233 MB
    Driver:          32.0.16.1664
Initialize mono
Mono path[0] = 'C:/Program Files/Unity/Hub/Editor/6000.6.2f1/Editor/Data/Managed'
Mono path[1] = 'C:/Program Files/Unity/Hub/Editor/6000.6.2f1/Editor/Data/BCLExtensions/runtime/netstandard2.1'
Mono path[2] = 'C:/Program Files/Unity/Hub/Editor/6000.6.2f1/Editor/Data/MonoBleedingEdge/lib/mono/unityjit-win32'
Mono config path = 'C:/Program Files/Unity/Hub/Editor/6000.6.2f1/Editor/Data/MonoBleedingEdge/etc'
Using monoOptions --debugger-agent=transport=dt_socket,embedding=1,server=y,suspend=n,address=127.0.0.1:56228
CodeReloadManager initialized
Begin MonoManager ReloadAssembly
Registering precompiled unity dll's ...
Register platform support module: C:/Program Files/Unity/Hub/Editor/6000.6.2f1/Editor/Data/PlaybackEngines/WebGLSupport/UnityEditor.WebGL.Extensions.dll
Register platform support module: C:/Program Files/Unity/Hub/Editor/6000.6.2f1/Editor/Data/PlaybackEngines/WindowsStandaloneSupport/UnityEditor.WindowsStandalone.Extensions.dll
Registered in 0.027432 seconds.
Native extension for WindowsStandalone target not found
Native extension for WebGL target not found
Package Manager log level set to [2]
[Package Manager] Failed to launch server process. Reason: Unity was launched with the -noUpm command-line argument
[Package Manager] Unable to send message (not connected to server process).
[Package Manager] Cannot connect to Unity Package Manager local server
ScheduleIndexationOnStartup MainProcess:False IndexOnStartup:True
Scripting: successfully reloaded assembly
- Finished resetting the current domain, in  1.214 seconds
Domain Reload Profiling: 2409ms
	BeginReloadAssembly (299ms)
	RebuildCommonClasses (9ms)
	RebuildNativeTypeToScriptingClass (27ms)
	initialDomainReloadingComplete (251ms)
	LoadAllAssembliesAndSetupDomain (608ms)
		LoadAssemblies (295ms)
		TypeCache.Refresh (422ms)
			TypeCache.ScanAssembly (395ms)
		AnalyzeDomain (1ms)
	FinalizeReload (1215ms)
		SetupLoadedEditorAssemblies (0ms)
			LogAssemblyErrors (4ms)
			InitializePlatformSupportModulesInManaged (4ms)
			BeforeProcessingInitializeOnLoad (180ms)
			ProcessInitializeOnLoadAttributes (181ms)
			ProcessInitializeOnLoadMethodAttributes (682ms)
Initializing Unity extensions:
[Licensing::Client] Successfully resolved entitlement details
[Licensing::Module] License group:
  Id: 6872893522235-UnityPersXXXX
  Product: Unity Personal
  Type: Assigned
  Expiration: Unlimited
========================================================================
Worker process is ready to serve import requests
Import Worker Mode flag is 0x00
Begin MonoManager ReloadAssembly
'Packages/com.unity.render-pipelines.core/Editor/Deprecated.cs' contains partial class of Unity.Object, exactly 1 of the partial classes needs to be in a file with the same filename. This is to know the one that can be referenced from ie. GameObjects
'Packages/com.unity.render-pipelines.core/Editor/Deprecated.cs' contains partial class of Unity.Object, exactly 1 of the partial classes needs to be in a file with the same filename. This is to know the one that can be referenced from ie. GameObjects
Refreshing native plugins compatible for Editor in 8.86 ms, found 5 plugins.
Native extension for WindowsStandalone target not found
Native extension for WebGL target not found
[Package Manager] Failed to launch server process. Reason: Unity was launched with the -noUpm command-line argument
[Package Manager] Unable to send message (not connected to server process).
[Package Manager] Cannot connect to Unity Package Manager local server
[Package Manager] Failed to launch server process. Reason: Unity was launched with the -noUpm command-line argument
[Package Manager] Unable to send message (not connected to server process).
[Package Manager] Cannot connect to Unity Package Manager local server
ScheduleIndexationOnStartup MainProcess:False IndexOnStartup:True
Scripting: successfully reloaded assembly
- Finished resetting the current domain, in  1.912 seconds
Domain Reload Profiling: 3806ms
	BeginReloadAssembly (393ms)
		DisableScriptedObjects (15ms)
		CreateAndSetChildDomain (52ms)
	RebuildCommonClasses (15ms)
	RebuildNativeTypeToScriptingClass (30ms)
	initialDomainReloadingComplete (115ms)
	LoadAllAssembliesAndSetupDomain (1339ms)
		LoadAssemblies (763ms)
		TypeCache.Refresh (283ms)
			TypeCache.ScanAssembly (260ms)
		AnalyzeDomain (172ms)
			BuildScriptInfoCaches (160ms)
			ResolveRequiredComponents (9ms)
	FinalizeReload (1914ms)
		SetupLoadedEditorAssemblies (0ms)
			LogAssemblyErrors (3ms)
			InitializePlatformSupportModulesInManaged (5ms)
			BeforeProcessingInitializeOnLoad (252ms)
			ProcessInitializeOnLoadAttributes (663ms)
			ProcessInitializeOnLoadMethodAttributes (530ms)
			AfterProcessingInitializeOnLoad (16ms)
			EditorAssembliesLoaded (4ms)
		AwakeInstancesAfterBackupRestoration (19ms)
AcceleratorClientConnectionCallback - disconnected - :0
Launched and connected shader compiler UnityShaderCompiler.exe after 0.03 seconds
Refreshing native plugins compatible for Editor in 6.60 ms, found 5 plugins.
Unloading 24 Unused Serialized files (Serialized files now loaded: 0)
Unloading 6988 unused Assets / (7.4 MB). Loaded Objects now: 7953.
Memory consumption went from 359.4 MB to 352.0 MB.
Total: 15.443800 ms (FindLiveObjects: 1.325900 ms CreateObjectMapping: 0.460600 ms MarkObjects: 10.171800 ms  DeleteObjects: 3.143400 ms)

========================================================================
Received Prepare
AcceleratorClientConnectionCallback - disconnected - :0
[Licensing::Client] Successfully resolved entitlement details
Begin MonoManager ReloadAssembly
'Packages/com.unity.render-pipelines.core/Editor/Deprecated.cs' contains partial class of Unity.Object, exactly 1 of the partial classes needs to be in a file with the same filename. This is to know the one that can be referenced from ie. GameObjects
'Packages/com.unity.render-pipelines.core/Editor/Deprecated.cs' contains partial class of Unity.Object, exactly 1 of the partial classes needs to be in a file with the same filename. This is to know the one that can be referenced from ie. GameObjects
Refreshing native plugins compatible for Editor in 4.03 ms, found 5 plugins.
Native extension for WindowsStandalone target not found
Native extension for WebGL target not found
[Package Manager] Failed to launch server process. Reason: Unity was launched with the -noUpm command-line argument
[Package Manager] Unable to send message (not connected to server process).
[Package Manager] Cannot connect to Unity Package Manager local server
[Package Manager] Failed to launch server process. Reason: Unity was launched with the -noUpm command-line argument
[Package Manager] Unable to send message (not connected to server process).
[Package Manager] Cannot connect to Unity Package Manager local server
ScheduleIndexationOnStartup MainProcess:False IndexOnStartup:True
Scripting: successfully reloaded assembly
- Finished resetting the current domain, in  1.336 seconds
Domain Reload Profiling: 5839ms
	BeginReloadAssembly (765ms)
		DisableScriptedObjects (38ms)
		CreateAndSetChildDomain (106ms)
	RebuildCommonClasses (26ms)
	RebuildNativeTypeToScriptingClass (182ms)
	initialDomainReloadingComplete (130ms)
	LoadAllAssembliesAndSetupDomain (3398ms)
		LoadAssemblies (3580ms)
		TypeCache.Refresh (12ms)
		AnalyzeDomain (15ms)
			ResolveRequiredComponents (10ms)
	FinalizeReload (1337ms)
		SetupLoadedEditorAssemblies (0ms)
			LogAssemblyErrors (7ms)
			InitializePlatformSupportModulesInManaged (3ms)
			BeforeProcessingInitializeOnLoad (248ms)
			ProcessInitializeOnLoadAttributes (427ms)
			ProcessInitializeOnLoadMethodAttributes (167ms)
			AfterProcessingInitializeOnLoad (10ms)
		AwakeInstancesAfterBackupRestoration (43ms)
Refreshing native plugins compatible for Editor in 4.27 ms, found 5 plugins.
Unloading 24 Unused Serialized files (Serialized files now loaded: 0)
Unloading 6986 unused Assets / (7.6 MB). Loaded Objects now: 7957.
Memory consumption went from 350.7 MB to 343.0 MB.
Total: 17.613200 ms (FindLiveObjects: 1.551000 ms CreateObjectMapping: 0.903000 ms MarkObjects: 10.524600 ms  DeleteObjects: 3.779100 ms)

Prepare: number of updated asset objects reloaded= 0
========================================================================
Received Prepare
AcceleratorClientConnectionCallback - disconnected - :0
[Licensing::Client] Successfully resolved entitlement details
Begin MonoManager ReloadAssembly
'Packages/com.unity.render-pipelines.core/Editor/Deprecated.cs' contains partial class of Unity.Object, exactly 1 of the partial classes needs to be in a file with the same filename. This is to know the one that can be referenced from ie. GameObjects
'Packages/com.unity.render-pipelines.core/Editor/Deprecated.cs' contains partial class of Unity.Object, exactly 1 of the partial classes needs to be in a file with the same filename. This is to know the one that can be referenced from ie. GameObjects
Refreshing native plugins compatible for Editor in 4.09 ms, found 5 plugins.
Native extension for WindowsStandalone target not found
Native extension for WebGL target not found
[Package Manager] Failed to launch server process. Reason: Unity was launched with the -noUpm command-line argument
[Package Manager] Unable to send message (not connected to server process).
[Package Manager] Cannot connect to Unity Package Manager local server
[Package Manager] Failed to launch server process. Reason: Unity was launched with the -noUpm command-line argument
[Package Manager] Unable to send message (not connected to server process).
[Package Manager] Cannot connect to Unity Package Manager local server
ScheduleIndexationOnStartup MainProcess:False IndexOnStartup:True
Scripting: successfully reloaded assembly
- Finished resetting the current domain, in  1.361 seconds
Domain Reload Profiling: 2666ms
	BeginReloadAssembly (433ms)
		DisableScriptedObjects (29ms)
		CreateAndSetChildDomain (83ms)
	RebuildCommonClasses (15ms)
	RebuildNativeTypeToScriptingClass (34ms)
	initialDomainReloadingComplete (111ms)
	LoadAllAssembliesAndSetupDomain (709ms)
		LoadAssemblies (577ms)
		TypeCache.Refresh (10ms)
		AnalyzeDomain (15ms)
			ResolveRequiredComponents (11ms)
	FinalizeReload (1363ms)
		SetupLoadedEditorAssemblies (0ms)
			LogAssemblyErrors (5ms)
			InitializePlatformSupportModulesInManaged (5ms)
			BeforeProcessingInitializeOnLoad (216ms)
			ProcessInitializeOnLoadAttributes (469ms)
			ProcessInitializeOnLoadMethodAttributes (168ms)
			AfterProcessingInitializeOnLoad (9ms)
			EditorAssembliesLoaded (3ms)
		AwakeInstancesAfterBackupRestoration (44ms)
Refreshing native plugins compatible for Editor in 4.23 ms, found 5 plugins.
Unloading 24 Unused Serialized files (Serialized files now loaded: 0)
Unloading 6986 unused Assets / (6.4 MB). Loaded Objects now: 7960.
Memory consumption went from 353.8 MB to 347.4 MB.
Total: 14.428200 ms (FindLiveObjects: 1.455200 ms CreateObjectMapping: 1.207600 ms MarkObjects: 9.281800 ms  DeleteObjects: 2.169200 ms)

Prepare: number of updated asset objects reloaded= 0
========================================================================
Received Prepare
AcceleratorClientConnectionCallback - disconnected - :0
Begin MonoManager ReloadAssembly
'Packages/com.unity.render-pipelines.core/Editor/Deprecated.cs' contains partial class of Unity.Object, exactly 1 of the partial classes needs to be in a file with the same filename. This is to know the one that can be referenced from ie. GameObjects
'Packages/com.unity.render-pipelines.core/Editor/Deprecated.cs' contains partial class of Unity.Object, exactly 1 of the partial classes needs to be in a file with the same filename. This is to know the one that can be referenced from ie. GameObjects
Refreshing native plugins compatible for Editor in 3.97 ms, found 5 plugins.
Native extension for WindowsStandalone target not found
Native extension for WebGL target not found
[Package Manager] Failed to launch server process. Reason: Unity was launched with the -noUpm command-line argument
[Package Manager] Unable to send message (not connected to server process).
[Package Manager] Cannot connect to Unity Package Manager local server
[Package Manager] Failed to launch server process. Reason: Unity was launched with the -noUpm command-line argument
[Package Manager] Unable to send message (not connected to server process).
[Package Manager] Cannot connect to Unity Package Manager local server
ScheduleIndexationOnStartup MainProcess:False IndexOnStartup:True
Scripting: successfully reloaded assembly
- Finished resetting the current domain, in  1.294 seconds
Domain Reload Profiling: 2600ms
	BeginReloadAssembly (451ms)
		DisableScriptedObjects (33ms)
		CreateAndSetChildDomain (96ms)
	RebuildCommonClasses (23ms)
	RebuildNativeTypeToScriptingClass (34ms)
	initialDomainReloadingComplete (86ms)
	LoadAllAssembliesAndSetupDomain (711ms)
		LoadAssemblies (608ms)
		TypeCache.Refresh (13ms)
		AnalyzeDomain (12ms)
			ResolveRequiredComponents (8ms)
	FinalizeReload (1296ms)
		SetupLoadedEditorAssemblies (0ms)
			LogAssemblyErrors (5ms)
			InitializePlatformSupportModulesInManaged (4ms)
			BeforeProcessingInitializeOnLoad (215ms)
			ProcessInitializeOnLoadAttributes (436ms)
			ProcessInitializeOnLoadMethodAttributes (152ms)
			AfterProcessingInitializeOnLoad (7ms)
		AwakeInstancesAfterBackupRestoration (40ms)
Refreshing native plugins compatible for Editor in 4.08 ms, found 5 plugins.
Unloading 24 Unused Serialized files (Serialized files now loaded: 0)
Unloading 6986 unused Assets / (6.8 MB). Loaded Objects now: 7963.
Memory consumption went from 357.0 MB to 350.2 MB.
Total: 16.787000 ms (FindLiveObjects: 1.487700 ms CreateObjectMapping: 1.054400 ms MarkObjects: 10.765900 ms  DeleteObjects: 3.154800 ms)

Prepare: number of updated asset objects reloaded= 0
========================================================================
Received Prepare
AcceleratorClientConnectionCallback - disconnected - :0
[Licensing::Client] Successfully resolved entitlement details
Begin MonoManager ReloadAssembly
'Packages/com.unity.render-pipelines.core/Editor/Deprecated.cs' contains partial class of Unity.Object, exactly 1 of the partial classes needs to be in a file with the same filename. This is to know the one that can be referenced from ie. GameObjects
'Packages/com.unity.render-pipelines.core/Editor/Deprecated.cs' contains partial class of Unity.Object, exactly 1 of the partial classes needs to be in a file with the same filename. This is to know the one that can be referenced from ie. GameObjects
Refreshing native plugins compatible for Editor in 3.61 ms, found 5 plugins.
Native extension for WindowsStandalone target not found
Native extension for WebGL target not found
[Package Manager] Failed to launch server process. Reason: Unity was launched with the -noUpm command-line argument
[Package Manager] Unable to send message (not connected to server process).
[Package Manager] Cannot connect to Unity Package Manager local server
[Package Manager] Failed to launch server process. Reason: Unity was launched with the -noUpm command-line argument
[Package Manager] Unable to send message (not connected to server process).
[Package Manager] Cannot connect to Unity Package Manager local server
ScheduleIndexationOnStartup MainProcess:False IndexOnStartup:True
Scripting: successfully reloaded assembly
- Finished resetting the current domain, in  1.383 seconds
Domain Reload Profiling: 2692ms
	BeginReloadAssembly (443ms)
		DisableScriptedObjects (30ms)
		CreateAndSetChildDomain (98ms)
	RebuildCommonClasses (17ms)
	RebuildNativeTypeToScriptingClass (29ms)
	initialDomainReloadingComplete (112ms)
	LoadAllAssembliesAndSetupDomain (707ms)
		LoadAssemblies (570ms)
		TypeCache.Refresh (13ms)
		AnalyzeDomain (18ms)
			ResolveRequiredComponents (11ms)
	FinalizeReload (1384ms)
		SetupLoadedEditorAssemblies (0ms)
			LogAssemblyErrors (7ms)
			InitializePlatformSupportModulesInManaged (4ms)
			BeforeProcessingInitializeOnLoad (199ms)
			ProcessInitializeOnLoadAttributes (505ms)
			ProcessInitializeOnLoadMethodAttributes (178ms)
			AfterProcessingInitializeOnLoad (9ms)
			EditorAssembliesLoaded (3ms)
		AwakeInstancesAfterBackupRestoration (47ms)
Refreshing native plugins compatible for Editor in 3.67 ms, found 5 plugins.
Unloading 24 Unused Serialized files (Serialized files now loaded: 0)
Unloading 6986 unused Assets / (7.4 MB). Loaded Objects now: 7966.
Memory consumption went from 362.7 MB to 355.3 MB.
Total: 14.336900 ms (FindLiveObjects: 1.198300 ms CreateObjectMapping: 0.742200 ms MarkObjects: 9.433500 ms  DeleteObjects: 2.637100 ms)

Prepare: number of updated asset objects reloaded= 0
========================================================================
Received Prepare
AcceleratorClientConnectionCallback - disconnected - :0
Begin MonoManager ReloadAssembly
'Packages/com.unity.render-pipelines.core/Editor/Deprecated.cs' contains partial class of Unity.Object, exactly 1 of the partial classes needs to be in a file with the same filename. This is to know the one that can be referenced from ie. GameObjects
'Packages/com.unity.render-pipelines.core/Editor/Deprecated.cs' contains partial class of Unity.Object, exactly 1 of the partial classes needs to be in a file with the same filename. This is to know the one that can be referenced from ie. GameObjects
Refreshing native plugins compatible for Editor in 3.15 ms, found 5 plugins.
Native extension for WindowsStandalone target not found
Native extension for WebGL target not found
[Package Manager] Failed to launch server process. Reason: Unity was launched with the -noUpm command-line argument
[Package Manager] Unable to send message (not connected to server process).
[Package Manager] Cannot connect to Unity Package Manager local server
[Package Manager] Failed to launch server process. Reason: Unity was launched with the -noUpm command-line argument
[Package Manager] Unable to send message (not connected to server process).
[Package Manager] Cannot connect to Unity Package Manager local server
ScheduleIndexationOnStartup MainProcess:False IndexOnStartup:True
Scripting: successfully reloaded assembly
- Finished resetting the current domain, in  1.479 seconds
Domain Reload Profiling: 2776ms
	BeginReloadAssembly (453ms)
		DisableScriptedObjects (35ms)
		CreateAndSetChildDomain (95ms)
	RebuildCommonClasses (16ms)
	RebuildNativeTypeToScriptingClass (32ms)
	initialDomainReloadingComplete (99ms)
	LoadAllAssembliesAndSetupDomain (696ms)
		LoadAssemblies (570ms)
		TypeCache.Refresh (10ms)
		AnalyzeDomain (14ms)
			ResolveRequiredComponents (8ms)
	FinalizeReload (1481ms)
		SetupLoadedEditorAssemblies (0ms)
			LogAssemblyErrors (4ms)
			InitializePlatformSupportModulesInManaged (5ms)
			BeforeProcessingInitializeOnLoad (269ms)
			ProcessInitializeOnLoadAttributes (505ms)
			ProcessInitializeOnLoadMethodAttributes (185ms)
			AfterProcessingInitializeOnLoad (8ms)
			EditorAssembliesLoaded (3ms)
		AwakeInstancesAfterBackupRestoration (46ms)
Refreshing native plugins compatible for Editor in 4.10 ms, found 5 plugins.
Unloading 24 Unused Serialized files (Serialized files now loaded: 0)
Unloading 6986 unused Assets / (6.4 MB). Loaded Objects now: 7969.
Memory consumption went from 368.8 MB to 362.4 MB.
Total: 14.046200 ms (FindLiveObjects: 1.363000 ms CreateObjectMapping: 0.924600 ms MarkObjects: 8.710600 ms  DeleteObjects: 2.741700 ms)

Prepare: number of updated asset objects reloaded= 0
========================================================================
Received Prepare
AcceleratorClientConnectionCallback - disconnected - :0
[Licensing::Client] Successfully resolved entitlement details
Begin MonoManager ReloadAssembly
'Packages/com.unity.render-pipelines.core/Editor/Deprecated.cs' contains partial class of Unity.Object, exactly 1 of the partial classes needs to be in a file with the same filename. This is to know the one that can be referenced from ie. GameObjects
'Packages/com.unity.render-pipelines.core/Editor/Deprecated.cs' contains partial class of Unity.Object, exactly 1 of the partial classes needs to be in a file with the same filename. This is to know the one that can be referenced from ie. GameObjects
Refreshing native plugins compatible for Editor in 3.00 ms, found 5 plugins.
Native extension for WindowsStandalone target not found
Native extension for WebGL target not found
[Package Manager] Failed to launch server process. Reason: Unity was launched with the -noUpm command-line argument
[Package Manager] Unable to send message (not connected to server process).
[Package Manager] Cannot connect to Unity Package Manager local server
[Package Manager] Failed to launch server process. Reason: Unity was launched with the -noUpm command-line argument
[Package Manager] Unable to send message (not connected to server process).
[Package Manager] Cannot connect to Unity Package Manager local server
ScheduleIndexationOnStartup MainProcess:False IndexOnStartup:True
Scripting: successfully reloaded assembly
- Finished resetting the current domain, in  1.275 seconds
Domain Reload Profiling: 2518ms
	BeginReloadAssembly (428ms)
		DisableScriptedObjects (30ms)
		CreateAndSetChildDomain (88ms)
	RebuildCommonClasses (14ms)
	RebuildNativeTypeToScriptingClass (31ms)
	initialDomainReloadingComplete (105ms)
	LoadAllAssembliesAndSetupDomain (663ms)
		LoadAssemblies (528ms)
		TypeCache.Refresh (10ms)
		AnalyzeDomain (14ms)
			ResolveRequiredComponents (8ms)
	FinalizeReload (1277ms)
		SetupLoadedEditorAssemblies (0ms)
			LogAssemblyErrors (8ms)
			InitializePlatformSupportModulesInManaged (4ms)
			BeforeProcessingInitializeOnLoad (210ms)
			ProcessInitializeOnLoadAttributes (424ms)
			ProcessInitializeOnLoadMethodAttributes (156ms)
			AfterProcessingInitializeOnLoad (7ms)
		AwakeInstancesAfterBackupRestoration (37ms)
Refreshing native plugins compatible for Editor in 4.74 ms, found 5 plugins.
Unloading 24 Unused Serialized files (Serialized files now loaded: 0)
Unloading 6986 unused Assets / (5.4 MB). Loaded Objects now: 7972.
Memory consumption went from 374.6 MB to 369.3 MB.
Total: 19.558600 ms (FindLiveObjects: 2.343000 ms CreateObjectMapping: 1.261600 ms MarkObjects: 12.337400 ms  DeleteObjects: 2.771600 ms)

Prepare: number of updated asset objects reloaded= 0
========================================================================
Received Prepare
AcceleratorClientConnectionCallback - disconnected - :0
Begin MonoManager ReloadAssembly
'Packages/com.unity.render-pipelines.core/Editor/Deprecated.cs' contains partial class of Unity.Object, exactly 1 of the partial classes needs to be in a file with the same filename. This is to know the one that can be referenced from ie. GameObjects
'Packages/com.unity.render-pipelines.core/Editor/Deprecated.cs' contains partial class of Unity.Object, exactly 1 of the partial classes needs to be in a file with the same filename. This is to know the one that can be referenced from ie. GameObjects
Refreshing native plugins compatible for Editor in 4.59 ms, found 5 plugins.
Native extension for WindowsStandalone target not found
Native extension for WebGL target not found
[Package Manager] Failed to launch server process. Reason: Unity was launched with the -noUpm command-line argument
[Package Manager] Unable to send message (not connected to server process).
[Package Manager] Cannot connect to Unity Package Manager local server
[Package Manager] Failed to launch server process. Reason: Unity was launched with the -noUpm command-line argument
[Package Manager] Unable to send message (not connected to server process).
[Package Manager] Cannot connect to Unity Package Manager local server
ScheduleIndexationOnStartup MainProcess:False IndexOnStartup:True
Scripting: successfully reloaded assembly
- Finished resetting the current domain, in  1.352 seconds
Domain Reload Profiling: 2708ms
	BeginReloadAssembly (451ms)
		DisableScriptedObjects (31ms)
		CreateAndSetChildDomain (99ms)
	RebuildCommonClasses (18ms)
	RebuildNativeTypeToScriptingClass (37ms)
	initialDomainReloadingComplete (108ms)
	LoadAllAssembliesAndSetupDomain (739ms)
		LoadAssemblies (597ms)
		TypeCache.Refresh (11ms)
		AnalyzeDomain (16ms)
			ResolveRequiredComponents (11ms)
	FinalizeReload (1354ms)
		SetupLoadedEditorAssemblies (0ms)
			LogAssemblyErrors (8ms)
			InitializePlatformSupportModulesInManaged (4ms)
			BeforeProcessingInitializeOnLoad (236ms)
			ProcessInitializeOnLoadAttributes (439ms)
			ProcessInitializeOnLoadMethodAttributes (183ms)
			AfterProcessingInitializeOnLoad (8ms)
			EditorAssembliesLoaded (4ms)
		AwakeInstancesAfterBackupRestoration (46ms)
Refreshing native plugins compatible for Editor in 3.97 ms, found 5 plugins.
Unloading 24 Unused Serialized files (Serialized files now loaded: 0)
Unloading 6986 unused Assets / (6.4 MB). Loaded Objects now: 7975.
Memory consumption went from 380.6 MB to 374.2 MB.
Total: 17.087200 ms (FindLiveObjects: 1.375500 ms CreateObjectMapping: 1.011800 ms MarkObjects: 11.379000 ms  DeleteObjects: 2.966500 ms)

Prepare: number of updated asset objects reloaded= 0
========================================================================
Received Prepare
AcceleratorClientConnectionCallback - disconnected - :0
[Licensing::Client] Successfully resolved entitlement details
Begin MonoManager ReloadAssembly
'Packages/com.unity.render-pipelines.core/Editor/Deprecated.cs' contains partial class of Unity.Object, exactly 1 of the partial classes needs to be in a file with the same filename. This is to know the one that can be referenced from ie. GameObjects
'Packages/com.unity.render-pipelines.core/Editor/Deprecated.cs' contains partial class of Unity.Object, exactly 1 of the partial classes needs to be in a file with the same filename. This is to know the one that can be referenced from ie. GameObjects
Refreshing native plugins compatible for Editor in 3.21 ms, found 5 plugins.
Native extension for WindowsStandalone target not found
Native extension for WebGL target not found
[Package Manager] Failed to launch server process. Reason: Unity was launched with the -noUpm command-line argument
[Package Manager] Unable to send message (not connected to server process).
[Package Manager] Cannot connect to Unity Package Manager local server
[Package Manager] Failed to launch server process. Reason: Unity was launched with the -noUpm command-line argument
[Package Manager] Unable to send message (not connected to server process).
[Package Manager] Cannot connect to Unity Package Manager local server
ScheduleIndexationOnStartup MainProcess:False IndexOnStartup:True
Scripting: successfully reloaded assembly
- Finished resetting the current domain, in  1.350 seconds
Domain Reload Profiling: 2664ms
	BeginReloadAssembly (448ms)
		DisableScriptedObjects (33ms)
		CreateAndSetChildDomain (92ms)
	RebuildCommonClasses (28ms)
	RebuildNativeTypeToScriptingClass (37ms)
	initialDomainReloadingComplete (95ms)
	LoadAllAssembliesAndSetupDomain (704ms)
		LoadAssemblies (576ms)
		TypeCache.Refresh (11ms)
		AnalyzeDomain (16ms)
			ResolveRequiredComponents (11ms)
	FinalizeReload (1352ms)
		SetupLoadedEditorAssemblies (0ms)
			LogAssemblyErrors (5ms)
			InitializePlatformSupportModulesInManaged (4ms)
			BeforeProcessingInitializeOnLoad (213ms)
			ProcessInitializeOnLoadAttributes (462ms)
			ProcessInitializeOnLoadMethodAttributes (181ms)
			AfterProcessingInitializeOnLoad (8ms)
			EditorAssembliesLoaded (3ms)
		AwakeInstancesAfterBackupRestoration (45ms)
Refreshing native plugins compatible for Editor in 3.91 ms, found 5 plugins.
Unloading 24 Unused Serialized files (Serialized files now loaded: 0)
Unloading 6986 unused Assets / (7.3 MB). Loaded Objects now: 7978.
Memory consumption went from 386.4 MB to 379.2 MB.
Total: 14.806000 ms (FindLiveObjects: 1.475400 ms CreateObjectMapping: 0.629000 ms MarkObjects: 9.442000 ms  DeleteObjects: 2.859600 ms)

Prepare: number of updated asset objects reloaded= 0
========================================================================
Received Prepare
AcceleratorClientConnectionCallback - disconnected - :0
[Licensing::Client] Successfully resolved entitlement details
Begin MonoManager ReloadAssembly
'Packages/com.unity.render-pipelines.core/Editor/Deprecated.cs' contains partial class of Unity.Object, exactly 1 of the partial classes needs to be in a file with the same filename. This is to know the one that can be referenced from ie. GameObjects
'Packages/com.unity.render-pipelines.core/Editor/Deprecated.cs' contains partial class of Unity.Object, exactly 1 of the partial classes needs to be in a file with the same filename. This is to know the one that can be referenced from ie. GameObjects
Refreshing native plugins compatible for Editor in 3.97 ms, found 5 plugins.
Native extension for WindowsStandalone target not found
Native extension for WebGL target not found
[Package Manager] Failed to launch server process. Reason: Unity was launched with the -noUpm command-line argument
[Package Manager] Unable to send message (not connected to server process).
[Package Manager] Cannot connect to Unity Package Manager local server
[Package Manager] Failed to launch server process. Reason: Unity was launched with the -noUpm command-line argument
[Package Manager] Unable to send message (not connected to server process).
[Package Manager] Cannot connect to Unity Package Manager local server
ScheduleIndexationOnStartup MainProcess:False IndexOnStartup:True
Scripting: successfully reloaded assembly
- Finished resetting the current domain, in  1.263 seconds
Domain Reload Profiling: 2537ms
	BeginReloadAssembly (438ms)
		DisableScriptedObjects (31ms)
		CreateAndSetChildDomain (88ms)
	RebuildCommonClasses (18ms)
	RebuildNativeTypeToScriptingClass (37ms)
	initialDomainReloadingComplete (99ms)
	LoadAllAssembliesAndSetupDomain (681ms)
		LoadAssemblies (553ms)
		TypeCache.Refresh (10ms)
		AnalyzeDomain (16ms)
			ResolveRequiredComponents (12ms)
	FinalizeReload (1264ms)
		SetupLoadedEditorAssemblies (0ms)
			LogAssemblyErrors (5ms)
			InitializePlatformSupportModulesInManaged (4ms)
			BeforeProcessingInitializeOnLoad (239ms)
			ProcessInitializeOnLoadAttributes (422ms)
			ProcessInitializeOnLoadMethodAttributes (151ms)
			AfterProcessingInitializeOnLoad (9ms)
		AwakeInstancesAfterBackupRestoration (37ms)
Refreshing native plugins compatible for Editor in 4.75 ms, found 5 plugins.
Unloading 24 Unused Serialized files (Serialized files now loaded: 0)
Unloading 6986 unused Assets / (6.7 MB). Loaded Objects now: 7981.
Memory consumption went from 391.6 MB to 385.0 MB.
Total: 19.123500 ms (FindLiveObjects: 1.429600 ms CreateObjectMapping: 0.687600 ms MarkObjects: 14.489800 ms  DeleteObjects: 2.198300 ms)

Prepare: number of updated asset objects reloaded= 0
========================================================================
Received Prepare
AcceleratorClientConnectionCallback - disconnected - :0
'Packages/com.unity.render-pipelines.core/Editor/Deprecated.cs' contains partial class of Unity.Object, exactly 1 of the partial classes needs to be in a file with the same filename. This is to know the one that can be referenced from ie. GameObjects
'Packages/com.unity.render-pipelines.core/Editor/Deprecated.cs' contains partial class of Unity.Object, exactly 1 of the partial classes needs to be in a file with the same filename. This is to know the one that can be referenced from ie. GameObjects
Refreshing native plugins compatible for Editor in 3.41 ms, found 5 plugins.
Unloading 24 Unused Serialized files (Serialized files now loaded: 0)
Unloading 6972 unused Assets / (6.5 MB). Loaded Objects now: 7981.
Memory consumption went from 394.8 MB to 388.2 MB.
Total: 15.777900 ms (FindLiveObjects: 1.320500 ms CreateObjectMapping: 0.394900 ms MarkObjects: 10.875200 ms  DeleteObjects: 2.849900 ms)

Prepare: number of updated asset objects reloaded= 0
========================================================================
Received Prepare
AcceleratorClientConnectionCallback - disconnected - :0
[Licensing::Client] Successfully resolved entitlement details
Begin MonoManager ReloadAssembly
'Packages/com.unity.render-pipelines.core/Editor/Deprecated.cs' contains partial class of Unity.Object, exactly 1 of the partial classes needs to be in a file with the same filename. This is to know the one that can be referenced from ie. GameObjects
'Packages/com.unity.render-pipelines.core/Editor/Deprecated.cs' contains partial class of Unity.Object, exactly 1 of the partial classes needs to be in a file with the same filename. This is to know the one that can be referenced from ie. GameObjects
Refreshing native plugins compatible for Editor in 6.57 ms, found 5 plugins.
Native extension for WindowsStandalone target not found
Native extension for WebGL target not found
[Package Manager] Failed to launch server process. Reason: Unity was launched with the -noUpm command-line argument
[Package Manager] Unable to send message (not connected to server process).
[Package Manager] Cannot connect to Unity Package Manager local server
[Package Manager] Failed to launch server process. Reason: Unity was launched with the -noUpm command-line argument
[Package Manager] Unable to send message (not connected to server process).
[Package Manager] Cannot connect to Unity Package Manager local server
ScheduleIndexationOnStartup MainProcess:False IndexOnStartup:True
Scripting: successfully reloaded assembly
- Finished resetting the current domain, in  1.311 seconds
Domain Reload Profiling: 3432ms
	BeginReloadAssembly (513ms)
		DisableScriptedObjects (35ms)
		CreateAndSetChildDomain (102ms)
	RebuildCommonClasses (23ms)
	RebuildNativeTypeToScriptingClass (42ms)
	initialDomainReloadingComplete (117ms)
	LoadAllAssembliesAndSetupDomain (1425ms)
		LoadAssemblies (640ms)
		TypeCache.Refresh (29ms)
			TypeCache.ScanAssembly (3ms)
		AnalyzeDomain (608ms)
			BuildScriptInfoCaches (593ms)
			ResolveRequiredComponents (11ms)
	FinalizeReload (1312ms)
		SetupLoadedEditorAssemblies (0ms)
			LogAssemblyErrors (5ms)
			InitializePlatformSupportModulesInManaged (3ms)
			BeforeProcessingInitializeOnLoad (208ms)
			ProcessInitializeOnLoadAttributes (418ms)
			ProcessInitializeOnLoadMethodAttributes (168ms)
			AfterProcessingInitializeOnLoad (12ms)
			EditorAssembliesLoaded (3ms)
		AwakeInstancesAfterBackupRestoration (39ms)
Refreshing native plugins compatible for Editor in 3.33 ms, found 5 plugins.
Unloading 24 Unused Serialized files (Serialized files now loaded: 0)
Unloading 6986 unused Assets / (6.6 MB). Loaded Objects now: 7984.
Memory consumption went from 412.7 MB to 406.1 MB.
Total: 12.122100 ms (FindLiveObjects: 1.269000 ms CreateObjectMapping: 0.363600 ms MarkObjects: 7.570000 ms  DeleteObjects: 2.584200 ms)

Prepare: number of updated asset objects reloaded= 0
========================================================================
Received Prepare
AcceleratorClientConnectionCallback - disconnected - :0
Begin MonoManager ReloadAssembly
'Packages/com.unity.render-pipelines.core/Editor/Deprecated.cs' contains partial class of Unity.Object, exactly 1 of the partial classes needs to be in a file with the same filename. This is to know the one that can be referenced from ie. GameObjects
'Packages/com.unity.render-pipelines.core/Editor/Deprecated.cs' contains partial class of Unity.Object, exactly 1 of the partial classes needs to be in a file with the same filename. This is to know the one that can be referenced from ie. GameObjects
Refreshing native plugins compatible for Editor in 2.89 ms, found 5 plugins.
Native extension for WindowsStandalone target not found
Native extension for WebGL target not found
[Package Manager] Failed to launch server process. Reason: Unity was launched with the -noUpm command-line argument
[Package Manager] Unable to send message (not connected to server process).
[Package Manager] Cannot connect to Unity Package Manager local server
[Package Manager] Failed to launch server process. Reason: Unity was launched with the -noUpm command-line argument
[Package Manager] Unable to send message (not connected to server process).
[Package Manager] Cannot connect to Unity Package Manager local server
ScheduleIndexationOnStartup MainProcess:False IndexOnStartup:True
Scripting: successfully reloaded assembly
- Finished resetting the current domain, in  1.278 seconds
Domain Reload Profiling: 2585ms
	BeginReloadAssembly (460ms)
		DisableScriptedObjects (30ms)
		CreateAndSetChildDomain (103ms)
	RebuildCommonClasses (18ms)
	RebuildNativeTypeToScriptingClass (29ms)
	initialDomainReloadingComplete (99ms)
	LoadAllAssembliesAndSetupDomain (698ms)
		LoadAssemblies (582ms)
		TypeCache.Refresh (10ms)
		AnalyzeDomain (14ms)
			ResolveRequiredComponents (9ms)
	FinalizeReload (1280ms)
		SetupLoadedEditorAssemblies (0ms)
			LogAssemblyErrors (5ms)
			InitializePlatformSupportModulesInManaged (4ms)
			BeforeProcessingInitializeOnLoad (191ms)
			ProcessInitializeOnLoadAttributes (426ms)
			ProcessInitializeOnLoadMethodAttributes (159ms)
			AfterProcessingInitializeOnLoad (10ms)
			EditorAssembliesLoaded (3ms)
		AwakeInstancesAfterBackupRestoration (46ms)
Refreshing native plugins compatible for Editor in 3.82 ms, found 5 plugins.
Unloading 24 Unused Serialized files (Serialized files now loaded: 0)
Unloading 6986 unused Assets / (6.3 MB). Loaded Objects now: 7987.
Memory consumption went from 417.0 MB to 410.7 MB.
Total: 13.455200 ms (FindLiveObjects: 1.255500 ms CreateObjectMapping: 0.417800 ms MarkObjects: 8.415600 ms  DeleteObjects: 2.996100 ms)

Prepare: number of updated asset objects reloaded= 0
========================================================================
Received Prepare
AcceleratorClientConnectionCallback - disconnected - :0
[Licensing::Client] Successfully resolved entitlement details
Begin MonoManager ReloadAssembly
'Packages/com.unity.render-pipelines.core/Editor/Deprecated.cs' contains partial class of Unity.Object, exactly 1 of the partial classes needs to be in a file with the same filename. This is to know the one that can be referenced from ie. GameObjects
'Packages/com.unity.render-pipelines.core/Editor/Deprecated.cs' contains partial class of Unity.Object, exactly 1 of the partial classes needs to be in a file with the same filename. This is to know the one that can be referenced from ie. GameObjects
Refreshing native plugins compatible for Editor in 2.47 ms, found 5 plugins.
Native extension for WindowsStandalone target not found
Native extension for WebGL target not found
[Package Manager] Failed to launch server process. Reason: Unity was launched with the -noUpm command-line argument
[Package Manager] Unable to send message (not connected to server process).
[Package Manager] Cannot connect to Unity Package Manager local server
[Package Manager] Failed to launch server process. Reason: Unity was launched with the -noUpm command-line argument
[Package Manager] Unable to send message (not connected to server process).
[Package Manager] Cannot connect to Unity Package Manager local server
ScheduleIndexationOnStartup MainProcess:False IndexOnStartup:True
Scripting: successfully reloaded assembly
- Finished resetting the current domain, in  1.263 seconds
Domain Reload Profiling: 2658ms
	BeginReloadAssembly (463ms)
		DisableScriptedObjects (31ms)
		CreateAndSetChildDomain (95ms)
	RebuildCommonClasses (18ms)
	RebuildNativeTypeToScriptingClass (39ms)
	initialDomainReloadingComplete (122ms)
	LoadAllAssembliesAndSetupDomain (752ms)
		LoadAssemblies (612ms)
		TypeCache.Refresh (11ms)
		AnalyzeDomain (44ms)
			ResolveRequiredComponents (9ms)
	FinalizeReload (1264ms)
		SetupLoadedEditorAssemblies (0ms)
			LogAssemblyErrors (6ms)
			InitializePlatformSupportModulesInManaged (3ms)
			BeforeProcessingInitializeOnLoad (195ms)
			ProcessInitializeOnLoadAttributes (453ms)
			ProcessInitializeOnLoadMethodAttributes (156ms)
			AfterProcessingInitializeOnLoad (9ms)
		AwakeInstancesAfterBackupRestoration (43ms)
Refreshing native plugins compatible for Editor in 3.46 ms, found 5 plugins.
Unloading 24 Unused Serialized files (Serialized files now loaded: 0)
Unloading 6986 unused Assets / (7.5 MB). Loaded Objects now: 7990.
Memory consumption went from 420.1 MB to 412.7 MB.
Total: 14.298400 ms (FindLiveObjects: 1.583200 ms CreateObjectMapping: 0.788300 ms MarkObjects: 8.656900 ms  DeleteObjects: 2.947800 ms)

Prepare: number of updated asset objects reloaded= 0
========================================================================
Received Prepare
AcceleratorClientConnectionCallback - disconnected - :0
[Licensing::Client] Successfully resolved entitlement details
Begin MonoManager ReloadAssembly
'Packages/com.unity.render-pipelines.core/Editor/Deprecated.cs' contains partial class of Unity.Object, exactly 1 of the partial classes needs to be in a file with the same filename. This is to know the one that can be referenced from ie. GameObjects
'Packages/com.unity.render-pipelines.core/Editor/Deprecated.cs' contains partial class of Unity.Object, exactly 1 of the partial classes needs to be in a file with the same filename. This is to know the one that can be referenced from ie. GameObjects
Refreshing native plugins compatible for Editor in 2.41 ms, found 5 plugins.
Native extension for WindowsStandalone target not found
Native extension for WebGL target not found
[Package Manager] Failed to launch server process. Reason: Unity was launched with the -noUpm command-line argument
[Package Manager] Unable to send message (not connected to server process).
[Package Manager] Cannot connect to Unity Package Manager local server
[Package Manager] Failed to launch server process. Reason: Unity was launched with the -noUpm command-line argument
[Package Manager] Unable to send message (not connected to server process).
[Package Manager] Cannot connect to Unity Package Manager local server
ScheduleIndexationOnStartup MainProcess:False IndexOnStartup:True
Scripting: successfully reloaded assembly
- Finished resetting the current domain, in  1.299 seconds
Domain Reload Profiling: 2632ms
	BeginReloadAssembly (493ms)
		DisableScriptedObjects (37ms)
		CreateAndSetChildDomain (110ms)
	RebuildCommonClasses (16ms)
	RebuildNativeTypeToScriptingClass (35ms)
	initialDomainReloadingComplete (107ms)
	LoadAllAssembliesAndSetupDomain (679ms)
		LoadAssemblies (565ms)
		TypeCache.Refresh (11ms)
		AnalyzeDomain (15ms)
			ResolveRequiredComponents (10ms)
	FinalizeReload (1301ms)
		SetupLoadedEditorAssemblies (0ms)
			LogAssemblyErrors (8ms)
			InitializePlatformSupportModulesInManaged (3ms)
			BeforeProcessingInitializeOnLoad (203ms)
			ProcessInitializeOnLoadAttributes (490ms)
			ProcessInitializeOnLoadMethodAttributes (156ms)
			AfterProcessingInitializeOnLoad (13ms)
		AwakeInstancesAfterBackupRestoration (42ms)
Refreshing native plugins compatible for Editor in 3.06 ms, found 5 plugins.
Unloading 24 Unused Serialized files (Serialized files now loaded: 0)
Unloading 6986 unused Assets / (6.7 MB). Loaded Objects now: 7993.
Memory consumption went from 423.2 MB to 416.5 MB.
Total: 11.820000 ms (FindLiveObjects: 1.268000 ms CreateObjectMapping: 0.416300 ms MarkObjects: 7.767000 ms  DeleteObjects: 2.062400 ms)

Prepare: number of updated asset objects reloaded= 0
========================================================================
Received Prepare
AcceleratorClientConnectionCallback - disconnected - :0
Begin MonoManager ReloadAssembly
'Packages/com.unity.render-pipelines.core/Editor/Deprecated.cs' contains partial class of Unity.Object, exactly 1 of the partial classes needs to be in a file with the same filename. This is to know the one that can be referenced from ie. GameObjects
'Packages/com.unity.render-pipelines.core/Editor/Deprecated.cs' contains partial class of Unity.Object, exactly 1 of the partial classes needs to be in a file with the same filename. This is to know the one that can be referenced from ie. GameObjects
Refreshing native plugins compatible for Editor in 4.31 ms, found 5 plugins.
Native extension for WindowsStandalone target not found
Native extension for WebGL target not found
[Package Manager] Failed to launch server process. Reason: Unity was launched with the -noUpm command-line argument
[Package Manager] Unable to send message (not connected to server process).
[Package Manager] Cannot connect to Unity Package Manager local server
[Package Manager] Failed to launch server process. Reason: Unity was launched with the -noUpm command-line argument
[Package Manager] Unable to send message (not connected to server process).
[Package Manager] Cannot connect to Unity Package Manager local server
ScheduleIndexationOnStartup MainProcess:False IndexOnStartup:True
Scripting: successfully reloaded assembly
- Finished resetting the current domain, in  1.331 seconds
Domain Reload Profiling: 2687ms
	BeginReloadAssembly (482ms)
		DisableScriptedObjects (35ms)
		CreateAndSetChildDomain (123ms)
	RebuildCommonClasses (15ms)
	RebuildNativeTypeToScriptingClass (30ms)
	initialDomainReloadingComplete (95ms)
	LoadAllAssembliesAndSetupDomain (733ms)
		LoadAssemblies (618ms)
		TypeCache.Refresh (10ms)
		AnalyzeDomain (14ms)
			ResolveRequiredComponents (9ms)
	FinalizeReload (1332ms)
		SetupLoadedEditorAssemblies (0ms)
			LogAssemblyErrors (7ms)
			InitializePlatformSupportModulesInManaged (3ms)
			BeforeProcessingInitializeOnLoad (203ms)
			ProcessInitializeOnLoadAttributes (459ms)
			ProcessInitializeOnLoadMethodAttributes (168ms)
			AfterProcessingInitializeOnLoad (12ms)
			EditorAssembliesLoaded (3ms)
		AwakeInstancesAfterBackupRestoration (46ms)
Refreshing native plugins compatible for Editor in 5.07 ms, found 5 plugins.
Unloading 24 Unused Serialized files (Serialized files now loaded: 0)
Unloading 6986 unused Assets / (7.6 MB). Loaded Objects now: 7996.
Memory consumption went from 426.5 MB to 418.8 MB.
Total: 13.510400 ms (FindLiveObjects: 1.452100 ms CreateObjectMapping: 0.637900 ms MarkObjects: 8.146700 ms  DeleteObjects: 2.951500 ms)

Prepare: number of updated asset objects reloaded= 0
========================================================================
Received Prepare
AcceleratorClientConnectionCallback - disconnected - :0
[Licensing::Client] Successfully resolved entitlement details
Begin MonoManager ReloadAssembly
'Packages/com.unity.render-pipelines.core/Editor/Deprecated.cs' contains partial class of Unity.Object, exactly 1 of the partial classes needs to be in a file with the same filename. This is to know the one that can be referenced from ie. GameObjects
'Packages/com.unity.render-pipelines.core/Editor/Deprecated.cs' contains partial class of Unity.Object, exactly 1 of the partial classes needs to be in a file with the same filename. This is to know the one that can be referenced from ie. GameObjects
Refreshing native plugins compatible for Editor in 2.96 ms, found 5 plugins.
Native extension for WindowsStandalone target not found
Native extension for WebGL target not found
[Package Manager] Failed to launch server process. Reason: Unity was launched with the -noUpm command-line argument
[Package Manager] Unable to send message (not connected to server process).
[Package Manager] Cannot connect to Unity Package Manager local server
[Package Manager] Failed to launch server process. Reason: Unity was launched with the -noUpm command-line argument
[Package Manager] Unable to send message (not connected to server process).
[Package Manager] Cannot connect to Unity Package Manager local server
ScheduleIndexationOnStartup MainProcess:False IndexOnStartup:True
Scripting: successfully reloaded assembly
- Finished resetting the current domain, in  1.332 seconds
Domain Reload Profiling: 2712ms
	BeginReloadAssembly (449ms)
		DisableScriptedObjects (36ms)
		CreateAndSetChildDomain (86ms)
	RebuildCommonClasses (18ms)
	RebuildNativeTypeToScriptingClass (36ms)
	initialDomainReloadingComplete (118ms)
	LoadAllAssembliesAndSetupDomain (758ms)
		LoadAssemblies (605ms)
		TypeCache.Refresh (11ms)
		AnalyzeDomain (16ms)
			ResolveRequiredComponents (10ms)
	FinalizeReload (1334ms)
		SetupLoadedEditorAssemblies (0ms)
			LogAssemblyErrors (9ms)
			InitializePlatformSupportModulesInManaged (5ms)
			BeforeProcessingInitializeOnLoad (193ms)
			ProcessInitializeOnLoadAttributes (491ms)
			ProcessInitializeOnLoadMethodAttributes (159ms)
			AfterProcessingInitializeOnLoad (10ms)
		AwakeInstancesAfterBackupRestoration (36ms)
Refreshing native plugins compatible for Editor in 2.93 ms, found 5 plugins.
Unloading 24 Unused Serialized files (Serialized files now loaded: 0)
Unloading 6986 unused Assets / (5.9 MB). Loaded Objects now: 7999.
Memory consumption went from 432.1 MB to 426.2 MB.
Total: 14.070200 ms (FindLiveObjects: 1.464300 ms CreateObjectMapping: 0.953000 ms MarkObjects: 8.796000 ms  DeleteObjects: 2.531100 ms)

Prepare: number of updated asset objects reloaded= 0
========================================================================
Received Prepare
AcceleratorClientConnectionCallback - disconnected - :0
[Licensing::Client] Successfully resolved entitlement details
Begin MonoManager ReloadAssembly
'Packages/com.unity.render-pipelines.core/Editor/Deprecated.cs' contains partial class of Unity.Object, exactly 1 of the partial classes needs to be in a file with the same filename. This is to know the one that can be referenced from ie. GameObjects
'Packages/com.unity.render-pipelines.core/Editor/Deprecated.cs' contains partial class of Unity.Object, exactly 1 of the partial classes needs to be in a file with the same filename. This is to know the one that can be referenced from ie. GameObjects
Refreshing native plugins compatible for Editor in 2.99 ms, found 5 plugins.
Native extension for WindowsStandalone target not found
Native extension for WebGL target not found
[Package Manager] Failed to launch server process. Reason: Unity was launched with the -noUpm command-line argument
[Package Manager] Unable to send message (not connected to server process).
[Package Manager] Cannot connect to Unity Package Manager local server
[Package Manager] Failed to launch server process. Reason: Unity was launched with the -noUpm command-line argument
[Package Manager] Unable to send message (not connected to server process).
[Package Manager] Cannot connect to Unity Package Manager local server
ScheduleIndexationOnStartup MainProcess:False IndexOnStartup:True
Scripting: successfully reloaded assembly
- Finished resetting the current domain, in  1.258 seconds
Domain Reload Profiling: 2550ms
	BeginReloadAssembly (428ms)
		DisableScriptedObjects (34ms)
		CreateAndSetChildDomain (94ms)
	RebuildCommonClasses (15ms)
	RebuildNativeTypeToScriptingClass (32ms)
	initialDomainReloadingComplete (93ms)
	LoadAllAssembliesAndSetupDomain (722ms)
		LoadAssemblies (571ms)
		TypeCache.Refresh (12ms)
		AnalyzeDomain (18ms)
			ResolveRequiredComponents (12ms)
	FinalizeReload (1260ms)
		SetupLoadedEditorAssemblies (0ms)
			LogAssemblyErrors (5ms)
			InitializePlatformSupportModulesInManaged (4ms)
			BeforeProcessingInitializeOnLoad (206ms)
			ProcessInitializeOnLoadAttributes (427ms)
			ProcessInitializeOnLoadMethodAttributes (161ms)
			AfterProcessingInitializeOnLoad (9ms)
			EditorAssembliesLoaded (3ms)
		AwakeInstancesAfterBackupRestoration (41ms)
Refreshing native plugins compatible for Editor in 2.64 ms, found 5 plugins.
Unloading 24 Unused Serialized files (Serialized files now loaded: 0)
Unloading 6986 unused Assets / (6.8 MB). Loaded Objects now: 8002.
Memory consumption went from 437.3 MB to 430.5 MB.
Total: 13.876200 ms (FindLiveObjects: 1.368300 ms CreateObjectMapping: 0.578100 ms MarkObjects: 8.890300 ms  DeleteObjects: 2.719200 ms)

Prepare: number of updated asset objects reloaded= 0
========================================================================
Received Prepare
AcceleratorClientConnectionCallback - disconnected - :0
Begin MonoManager ReloadAssembly
'Packages/com.unity.render-pipelines.core/Editor/Deprecated.cs' contains partial class of Unity.Object, exactly 1 of the partial classes needs to be in a file with the same filename. This is to know the one that can be referenced from ie. GameObjects
'Packages/com.unity.render-pipelines.core/Editor/Deprecated.cs' contains partial class of Unity.Object, exactly 1 of the partial classes needs to be in a file with the same filename. This is to know the one that can be referenced from ie. GameObjects
Refreshing native plugins compatible for Editor in 2.57 ms, found 5 plugins.
Native extension for WindowsStandalone target not found
Native extension for WebGL target not found
[Package Manager] Failed to launch server process. Reason: Unity was launched with the -noUpm command-line argument
[Package Manager] Unable to send message (not connected to server process).
[Package Manager] Cannot connect to Unity Package Manager local server
[Package Manager] Failed to launch server process. Reason: Unity was launched with the -noUpm command-line argument
[Package Manager] Unable to send message (not connected to server process).
[Package Manager] Cannot connect to Unity Package Manager local server
ScheduleIndexationOnStartup MainProcess:False IndexOnStartup:True
Scripting: successfully reloaded assembly
- Finished resetting the current domain, in  1.262 seconds
Domain Reload Profiling: 2458ms
	BeginReloadAssembly (399ms)
		DisableScriptedObjects (31ms)
		CreateAndSetChildDomain (85ms)
	RebuildCommonClasses (16ms)
	RebuildNativeTypeToScriptingClass (33ms)
	initialDomainReloadingComplete (90ms)
	LoadAllAssembliesAndSetupDomain (656ms)
		LoadAssemblies (510ms)
		TypeCache.Refresh (10ms)
		AnalyzeDomain (13ms)
			ResolveRequiredComponents (8ms)
	FinalizeReload (1264ms)
		SetupLoadedEditorAssemblies (0ms)
			LogAssemblyErrors (7ms)
			InitializePlatformSupportModulesInManaged (4ms)
			BeforeProcessingInitializeOnLoad (215ms)
			ProcessInitializeOnLoadAttributes (414ms)
			ProcessInitializeOnLoadMethodAttributes (170ms)
			AfterProcessingInitializeOnLoad (11ms)
		AwakeInstancesAfterBackupRestoration (39ms)
Refreshing native plugins compatible for Editor in 3.67 ms, found 5 plugins.
Unloading 24 Unused Serialized files (Serialized files now loaded: 0)
Unloading 6986 unused Assets / (6.1 MB). Loaded Objects now: 8005.
Memory consumption went from 443.0 MB to 436.9 MB.
Total: 13.610500 ms (FindLiveObjects: 1.321600 ms CreateObjectMapping: 0.504900 ms MarkObjects: 9.169800 ms  DeleteObjects: 2.308200 ms)

Prepare: number of updated asset objects reloaded= 0
========================================================================
Received Prepare
AcceleratorClientConnectionCallback - disconnected - :0
[Licensing::Client] Successfully resolved entitlement details
Begin MonoManager ReloadAssembly
'Packages/com.unity.render-pipelines.core/Editor/Deprecated.cs' contains partial class of Unity.Object, exactly 1 of the partial classes needs to be in a file with the same filename. This is to know the one that can be referenced from ie. GameObjects
'Packages/com.unity.render-pipelines.core/Editor/Deprecated.cs' contains partial class of Unity.Object, exactly 1 of the partial classes needs to be in a file with the same filename. This is to know the one that can be referenced from ie. GameObjects
Refreshing native plugins compatible for Editor in 3.48 ms, found 5 plugins.
Native extension for WindowsStandalone target not found
Native extension for WebGL target not found
[Package Manager] Failed to launch server process. Reason: Unity was launched with the -noUpm command-line argument
[Package Manager] Unable to send message (not connected to server process).
[Package Manager] Cannot connect to Unity Package Manager local server
[Package Manager] Failed to launch server process. Reason: Unity was launched with the -noUpm command-line argument
[Package Manager] Unable to send message (not connected to server process).
[Package Manager] Cannot connect to Unity Package Manager local server
ScheduleIndexationOnStartup MainProcess:False IndexOnStartup:True
Scripting: successfully reloaded assembly
- Finished resetting the current domain, in  1.273 seconds
Domain Reload Profiling: 2607ms
	BeginReloadAssembly (448ms)
		DisableScriptedObjects (31ms)
		CreateAndSetChildDomain (86ms)
	RebuildCommonClasses (20ms)
	RebuildNativeTypeToScriptingClass (30ms)
	initialDomainReloadingComplete (105ms)
	LoadAllAssembliesAndSetupDomain (730ms)
		LoadAssemblies (599ms)
		TypeCache.Refresh (14ms)
		AnalyzeDomain (17ms)
			ResolveRequiredComponents (11ms)
	FinalizeReload (1274ms)
		SetupLoadedEditorAssemblies (0ms)
			LogAssemblyErrors (6ms)
			InitializePlatformSupportModulesInManaged (3ms)
			BeforeProcessingInitializeOnLoad (220ms)
			ProcessInitializeOnLoadAttributes (417ms)
			ProcessInitializeOnLoadMethodAttributes (156ms)
			AfterProcessingInitializeOnLoad (11ms)
		AwakeInstancesAfterBackupRestoration (39ms)
Refreshing native plugins compatible for Editor in 3.43 ms, found 5 plugins.
Unloading 24 Unused Serialized files (Serialized files now loaded: 0)
Unloading 6986 unused Assets / (6.4 MB). Loaded Objects now: 8008.
Memory consumption went from 448.8 MB to 442.4 MB.
Total: 14.127400 ms (FindLiveObjects: 1.311600 ms CreateObjectMapping: 0.435900 ms MarkObjects: 9.312000 ms  DeleteObjects: 2.755100 ms)

Prepare: number of updated asset objects reloaded= 0
========================================================================
Received Prepare
AcceleratorClientConnectionCallback - disconnected - :0
[Licensing::Client] Successfully resolved entitlement details
Begin MonoManager ReloadAssembly
'Packages/com.unity.render-pipelines.core/Editor/Deprecated.cs' contains partial class of Unity.Object, exactly 1 of the partial classes needs to be in a file with the same filename. This is to know the one that can be referenced from ie. GameObjects
'Packages/com.unity.render-pipelines.core/Editor/Deprecated.cs' contains partial class of Unity.Object, exactly 1 of the partial classes needs to be in a file with the same filename. This is to know the one that can be referenced from ie. GameObjects
Refreshing native plugins compatible for Editor in 4.19 ms, found 5 plugins.
Native extension for WindowsStandalone target not found
Native extension for WebGL target not found
[Package Manager] Failed to launch server process. Reason: Unity was launched with the -noUpm command-line argument
[Package Manager] Unable to send message (not connected to server process).
[Package Manager] Cannot connect to Unity Package Manager local server
[Package Manager] Failed to launch server process. Reason: Unity was launched with the -noUpm command-line argument
[Package Manager] Unable to send message (not connected to server process).
[Package Manager] Cannot connect to Unity Package Manager local server
ScheduleIndexationOnStartup MainProcess:False IndexOnStartup:True
Scripting: successfully reloaded assembly
- Finished resetting the current domain, in  1.368 seconds
Domain Reload Profiling: 2678ms
	BeginReloadAssembly (447ms)
		DisableScriptedObjects (33ms)
		CreateAndSetChildDomain (101ms)
	RebuildCommonClasses (16ms)
	RebuildNativeTypeToScriptingClass (33ms)
	initialDomainReloadingComplete (105ms)
	LoadAllAssembliesAndSetupDomain (707ms)
		LoadAssemblies (563ms)
		TypeCache.Refresh (11ms)
		AnalyzeDomain (17ms)
			ResolveRequiredComponents (11ms)
	FinalizeReload (1370ms)
		SetupLoadedEditorAssemblies (0ms)
			LogAssemblyErrors (5ms)
			InitializePlatformSupportModulesInManaged (4ms)
			BeforeProcessingInitializeOnLoad (214ms)
			ProcessInitializeOnLoadAttributes (476ms)
			ProcessInitializeOnLoadMethodAttributes (202ms)
			AfterProcessingInitializeOnLoad (9ms)
		AwakeInstancesAfterBackupRestoration (42ms)
Refreshing native plugins compatible for Editor in 4.49 ms, found 5 plugins.
Unloading 24 Unused Serialized files (Serialized files now loaded: 0)
Unloading 6986 unused Assets / (6.9 MB). Loaded Objects now: 8011.
Memory consumption went from 454.6 MB to 447.7 MB.
Total: 14.754500 ms (FindLiveObjects: 1.749300 ms CreateObjectMapping: 0.536300 ms MarkObjects: 8.947700 ms  DeleteObjects: 3.195300 ms)

Prepare: number of updated asset objects reloaded= 0
========================================================================
Received Prepare
AcceleratorClientConnectionCallback - disconnected - :0
Begin MonoManager ReloadAssembly
'Packages/com.unity.render-pipelines.core/Editor/Deprecated.cs' contains partial class of Unity.Object, exactly 1 of the partial classes needs to be in a file with the same filename. This is to know the one that can be referenced from ie. GameObjects
'Packages/com.unity.render-pipelines.core/Editor/Deprecated.cs' contains partial class of Unity.Object, exactly 1 of the partial classes needs to be in a file with the same filename. This is to know the one that can be referenced from ie. GameObjects
Refreshing native plugins compatible for Editor in 3.78 ms, found 5 plugins.
Native extension for WindowsStandalone target not found
Native extension for WebGL target not found
[Package Manager] Failed to launch server process. Reason: Unity was launched with the -noUpm command-line argument
[Package Manager] Unable to send message (not connected to server process).
[Package Manager] Cannot connect to Unity Package Manager local server
[Package Manager] Failed to launch server process. Reason: Unity was launched with the -noUpm command-line argument
[Package Manager] Unable to send message (not connected to server process).
[Package Manager] Cannot connect to Unity Package Manager local server
ScheduleIndexationOnStartup MainProcess:False IndexOnStartup:True
Scripting: successfully reloaded assembly
- Finished resetting the current domain, in  1.248 seconds
Domain Reload Profiling: 2565ms
	BeginReloadAssembly (429ms)
		DisableScriptedObjects (32ms)
		CreateAndSetChildDomain (95ms)
	RebuildCommonClasses (21ms)
	RebuildNativeTypeToScriptingClass (31ms)
	initialDomainReloadingComplete (99ms)
	LoadAllAssembliesAndSetupDomain (735ms)
		LoadAssemblies (593ms)
		TypeCache.Refresh (11ms)
		AnalyzeDomain (15ms)
			ResolveRequiredComponents (9ms)
	FinalizeReload (1250ms)
		SetupLoadedEditorAssemblies (0ms)
			LogAssemblyErrors (5ms)
			InitializePlatformSupportModulesInManaged (3ms)
			BeforeProcessingInitializeOnLoad (202ms)
			ProcessInitializeOnLoadAttributes (407ms)
			ProcessInitializeOnLoadMethodAttributes (158ms)
			AfterProcessingInitializeOnLoad (10ms)
		AwakeInstancesAfterBackupRestoration (41ms)
Refreshing native plugins compatible for Editor in 3.65 ms, found 5 plugins.
Unloading 24 Unused Serialized files (Serialized files now loaded: 0)
Unloading 6986 unused Assets / (5.6 MB). Loaded Objects now: 8014.
Memory consumption went from 460.2 MB to 454.6 MB.
Total: 14.003800 ms (FindLiveObjects: 1.568500 ms CreateObjectMapping: 0.718700 ms MarkObjects: 9.143200 ms  DeleteObjects: 2.259400 ms)

Prepare: number of updated asset objects reloaded= 0
========================================================================
Received Prepare
AcceleratorClientConnectionCallback - disconnected - :0
[Licensing::Client] Successfully resolved entitlement details
Begin MonoManager ReloadAssembly
'Packages/com.unity.render-pipelines.core/Editor/Deprecated.cs' contains partial class of Unity.Object, exactly 1 of the partial classes needs to be in a file with the same filename. This is to know the one that can be referenced from ie. GameObjects
'Packages/com.unity.render-pipelines.core/Editor/Deprecated.cs' contains partial class of Unity.Object, exactly 1 of the partial classes needs to be in a file with the same filename. This is to know the one that can be referenced from ie. GameObjects
Refreshing native plugins compatible for Editor in 2.51 ms, found 5 plugins.
Native extension for WindowsStandalone target not found
Native extension for WebGL target not found
[Package Manager] Failed to launch server process. Reason: Unity was launched with the -noUpm command-line argument
[Package Manager] Unable to send message (not connected to server process).
[Package Manager] Cannot connect to Unity Package Manager local server
[Package Manager] Failed to launch server process. Reason: Unity was launched with the -noUpm command-line argument
[Package Manager] Unable to send message (not connected to server process).
[Package Manager] Cannot connect to Unity Package Manager local server
ScheduleIndexationOnStartup MainProcess:False IndexOnStartup:True
Scripting: successfully reloaded assembly
- Finished resetting the current domain, in  1.325 seconds
Domain Reload Profiling: 2614ms
	BeginReloadAssembly (417ms)
		DisableScriptedObjects (35ms)
		CreateAndSetChildDomain (93ms)
	RebuildCommonClasses (15ms)
	RebuildNativeTypeToScriptingClass (29ms)
	initialDomainReloadingComplete (93ms)
	LoadAllAssembliesAndSetupDomain (734ms)
		LoadAssemblies (558ms)
		TypeCache.Refresh (11ms)
		AnalyzeDomain (17ms)
			ResolveRequiredComponents (12ms)
	FinalizeReload (1327ms)
		SetupLoadedEditorAssemblies (0ms)
			LogAssemblyErrors (9ms)
			InitializePlatformSupportModulesInManaged (4ms)
			BeforeProcessingInitializeOnLoad (208ms)
			ProcessInitializeOnLoadAttributes (479ms)
			ProcessInitializeOnLoadMethodAttributes (158ms)
			AfterProcessingInitializeOnLoad (12ms)
		AwakeInstancesAfterBackupRestoration (37ms)
Refreshing native plugins compatible for Editor in 3.49 ms, found 5 plugins.
Unloading 24 Unused Serialized files (Serialized files now loaded: 0)
Unloading 6986 unused Assets / (7.9 MB). Loaded Objects now: 8017.
Memory consumption went from 466.0 MB to 458.1 MB.
Total: 12.456000 ms (FindLiveObjects: 1.429100 ms CreateObjectMapping: 0.491300 ms MarkObjects: 7.502700 ms  DeleteObjects: 2.727100 ms)

Prepare: number of updated asset objects reloaded= 0
========================================================================
Received Prepare
AcceleratorClientConnectionCallback - disconnected - :0
'Packages/com.unity.render-pipelines.core/Editor/Deprecated.cs' contains partial class of Unity.Object, exactly 1 of the partial classes needs to be in a file with the same filename. This is to know the one that can be referenced from ie. GameObjects
'Packages/com.unity.render-pipelines.core/Editor/Deprecated.cs' contains partial class of Unity.Object, exactly 1 of the partial classes needs to be in a file with the same filename. This is to know the one that can be referenced from ie. GameObjects
Refreshing native plugins compatible for Editor in 4.99 ms, found 5 plugins.
Unloading 24 Unused Serialized files (Serialized files now loaded: 0)
Unloading 6972 unused Assets / (6.8 MB). Loaded Objects now: 8017.
Memory consumption went from 469.1 MB to 462.3 MB.
Total: 21.504000 ms (FindLiveObjects: 2.005200 ms CreateObjectMapping: 0.765700 ms MarkObjects: 13.553800 ms  DeleteObjects: 4.275000 ms)

Prepare: number of updated asset objects reloaded= 0
========================================================================
Received Prepare
AcceleratorClientConnectionCallback - disconnected - :0
[Licensing::Client] Successfully resolved entitlement details
Begin MonoManager ReloadAssembly
'Packages/com.unity.render-pipelines.core/Editor/Deprecated.cs' contains partial class of Unity.Object, exactly 1 of the partial classes needs to be in a file with the same filename. This is to know the one that can be referenced from ie. GameObjects
'Packages/com.unity.render-pipelines.core/Editor/Deprecated.cs' contains partial class of Unity.Object, exactly 1 of the partial classes needs to be in a file with the same filename. This is to know the one that can be referenced from ie. GameObjects
Refreshing native plugins compatible for Editor in 3.19 ms, found 5 plugins.
Native extension for WindowsStandalone target not found
Native extension for WebGL target not found
[Package Manager] Failed to launch server process. Reason: Unity was launched with the -noUpm command-line argument
[Package Manager] Unable to send message (not connected to server process).
[Package Manager] Cannot connect to Unity Package Manager local server
[Package Manager] Failed to launch server process. Reason: Unity was launched with the -noUpm command-line argument
[Package Manager] Unable to send message (not connected to server process).
[Package Manager] Cannot connect to Unity Package Manager local server
ScheduleIndexationOnStartup MainProcess:False IndexOnStartup:True
Scripting: successfully reloaded assembly
- Finished resetting the current domain, in  1.376 seconds
Domain Reload Profiling: 3095ms
	BeginReloadAssembly (464ms)
		DisableScriptedObjects (39ms)
		CreateAndSetChildDomain (107ms)
	RebuildCommonClasses (17ms)
	RebuildNativeTypeToScriptingClass (33ms)
	initialDomainReloadingComplete (92ms)
	LoadAllAssembliesAndSetupDomain (1110ms)
		LoadAssemblies (571ms)
		TypeCache.Refresh (20ms)
		AnalyzeDomain (400ms)
			BuildScriptInfoCaches (386ms)
			ResolveRequiredComponents (11ms)
	FinalizeReload (1379ms)
		SetupLoadedEditorAssemblies (0ms)
			LogAssemblyErrors (5ms)
			InitializePlatformSupportModulesInManaged (4ms)
			BeforeProcessingInitializeOnLoad (223ms)
			ProcessInitializeOnLoadAttributes (447ms)
			ProcessInitializeOnLoadMethodAttributes (188ms)
			AfterProcessingInitializeOnLoad (14ms)
			EditorAssembliesLoaded (3ms)
		AwakeInstancesAfterBackupRestoration (54ms)
Refreshing native plugins compatible for Editor in 2.83 ms, found 5 plugins.
Unloading 24 Unused Serialized files (Serialized files now loaded: 0)
Unloading 6986 unused Assets / (6.4 MB). Loaded Objects now: 8020.
Memory consumption went from 484.2 MB to 477.8 MB.
Total: 13.041600 ms (FindLiveObjects: 1.570700 ms CreateObjectMapping: 0.413400 ms MarkObjects: 8.478000 ms  DeleteObjects: 2.268600 ms)

Prepare: number of updated asset objects reloaded= 0
========================================================================
Received Prepare
AcceleratorClientConnectionCallback - disconnected - :0
Begin MonoManager ReloadAssembly
'Packages/com.unity.render-pipelines.core/Editor/Deprecated.cs' contains partial class of Unity.Object, exactly 1 of the partial classes needs to be in a file with the same filename. This is to know the one that can be referenced from ie. GameObjects
'Packages/com.unity.render-pipelines.core/Editor/Deprecated.cs' contains partial class of Unity.Object, exactly 1 of the partial classes needs to be in a file with the same filename. This is to know the one that can be referenced from ie. GameObjects
Refreshing native plugins compatible for Editor in 2.60 ms, found 5 plugins.
Native extension for WindowsStandalone target not found
Native extension for WebGL target not found
[Package Manager] Failed to launch server process. Reason: Unity was launched with the -noUpm command-line argument
[Package Manager] Unable to send message (not connected to server process).
[Package Manager] Cannot connect to Unity Package Manager local server
[Package Manager] Failed to launch server process. Reason: Unity was launched with the -noUpm command-line argument
[Package Manager] Unable to send message (not connected to server process).
[Package Manager] Cannot connect to Unity Package Manager local server
ScheduleIndexationOnStartup MainProcess:False IndexOnStartup:True
Scripting: successfully reloaded assembly
- Finished resetting the current domain, in  1.391 seconds
Domain Reload Profiling: 2726ms
	BeginReloadAssembly (478ms)
		DisableScriptedObjects (37ms)
		CreateAndSetChildDomain (125ms)
	RebuildCommonClasses (21ms)
	RebuildNativeTypeToScriptingClass (28ms)
	initialDomainReloadingComplete (96ms)
	LoadAllAssembliesAndSetupDomain (710ms)
		LoadAssemblies (567ms)
		TypeCache.Refresh (11ms)
		AnalyzeDomain (15ms)
			ResolveRequiredComponents (9ms)
	FinalizeReload (1393ms)
		SetupLoadedEditorAssemblies (0ms)
			LogAssemblyErrors (7ms)
			InitializePlatformSupportModulesInManaged (4ms)
			BeforeProcessingInitializeOnLoad (241ms)
			ProcessInitializeOnLoadAttributes (475ms)
			ProcessInitializeOnLoadMethodAttributes (174ms)
			AfterProcessingInitializeOnLoad (10ms)
		AwakeInstancesAfterBackupRestoration (40ms)
Refreshing native plugins compatible for Editor in 3.35 ms, found 5 plugins.
Unloading 24 Unused Serialized files (Serialized files now loaded: 0)
Unloading 6986 unused Assets / (6.6 MB). Loaded Objects now: 8023.
Memory consumption went from 487.9 MB to 481.3 MB.
Total: 13.146900 ms (FindLiveObjects: 1.551300 ms CreateObjectMapping: 0.539200 ms MarkObjects: 8.182500 ms  DeleteObjects: 2.506100 ms)

Prepare: number of updated asset objects reloaded= 0
========================================================================
Received Prepare
AcceleratorClientConnectionCallback - disconnected - :0
'Packages/com.unity.render-pipelines.core/Editor/Deprecated.cs' contains partial class of Unity.Object, exactly 1 of the partial classes needs to be in a file with the same filename. This is to know the one that can be referenced from ie. GameObjects
'Packages/com.unity.render-pipelines.core/Editor/Deprecated.cs' contains partial class of Unity.Object, exactly 1 of the partial classes needs to be in a file with the same filename. This is to know the one that can be referenced from ie. GameObjects
Refreshing native plugins compatible for Editor in 3.24 ms, found 5 plugins.
Unloading 24 Unused Serialized files (Serialized files now loaded: 0)
Unloading 6972 unused Assets / (6.9 MB). Loaded Objects now: 8023.
Memory consumption went from 491.1 MB to 484.1 MB.
Total: 17.603800 ms (FindLiveObjects: 2.360900 ms CreateObjectMapping: 0.737200 ms MarkObjects: 9.325200 ms  DeleteObjects: 4.222800 ms)

Prepare: number of updated asset objects reloaded= 0
========================================================================
Received Prepare
AcceleratorClientConnectionCallback - disconnected - :0
Begin MonoManager ReloadAssembly
'Packages/com.unity.render-pipelines.core/Editor/Deprecated.cs' contains partial class of Unity.Object, exactly 1 of the partial classes needs to be in a file with the same filename. This is to know the one that can be referenced from ie. GameObjects
'Packages/com.unity.render-pipelines.core/Editor/Deprecated.cs' contains partial class of Unity.Object, exactly 1 of the partial classes needs to be in a file with the same filename. This is to know the one that can be referenced from ie. GameObjects
Refreshing native plugins compatible for Editor in 2.96 ms, found 5 plugins.
Native extension for WindowsStandalone target not found
Native extension for WebGL target not found
[Package Manager] Failed to launch server process. Reason: Unity was launched with the -noUpm command-line argument
[Package Manager] Unable to send message (not connected to server process).
[Package Manager] Cannot connect to Unity Package Manager local server
[Package Manager] Failed to launch server process. Reason: Unity was launched with the -noUpm command-line argument
[Package Manager] Unable to send message (not connected to server process).
[Package Manager] Cannot connect to Unity Package Manager local server
ScheduleIndexationOnStartup MainProcess:False IndexOnStartup:True
Scripting: successfully reloaded assembly
- Finished resetting the current domain, in  1.268 seconds
Domain Reload Profiling: 3016ms
	BeginReloadAssembly (499ms)
		DisableScriptedObjects (43ms)
		CreateAndSetChildDomain (117ms)
	RebuildCommonClasses (16ms)
	RebuildNativeTypeToScriptingClass (36ms)
	initialDomainReloadingComplete (111ms)
	LoadAllAssembliesAndSetupDomain (1085ms)
		LoadAssemblies (619ms)
		TypeCache.Refresh (16ms)
		AnalyzeDomain (357ms)
			BuildScriptInfoCaches (346ms)
			ResolveRequiredComponents (9ms)
	FinalizeReload (1269ms)
		SetupLoadedEditorAssemblies (0ms)
			LogAssemblyErrors (4ms)
			InitializePlatformSupportModulesInManaged (3ms)
			BeforeProcessingInitializeOnLoad (222ms)
			ProcessInitializeOnLoadAttributes (420ms)
			ProcessInitializeOnLoadMethodAttributes (153ms)
			AfterProcessingInitializeOnLoad (8ms)
		AwakeInstancesAfterBackupRestoration (44ms)
Refreshing native plugins compatible for Editor in 4.20 ms, found 5 plugins.
Unloading 24 Unused Serialized files (Serialized files now loaded: 0)
Unloading 6986 unused Assets / (6.8 MB). Loaded Objects now: 8026.
Memory consumption went from 499.0 MB to 492.1 MB.
Total: 15.499400 ms (FindLiveObjects: 1.633100 ms CreateObjectMapping: 0.405800 ms MarkObjects: 10.074100 ms  DeleteObjects: 2.998000 ms)

Prepare: number of updated asset objects reloaded= 0
========================================================================
Received Prepare
AcceleratorClientConnectionCallback - disconnected - :0
'Packages/com.unity.render-pipelines.core/Editor/Deprecated.cs' contains partial class of Unity.Object, exactly 1 of the partial classes needs to be in a file with the same filename. This is to know the one that can be referenced from ie. GameObjects
'Packages/com.unity.render-pipelines.core/Editor/Deprecated.cs' contains partial class of Unity.Object, exactly 1 of the partial classes needs to be in a file with the same filename. This is to know the one that can be referenced from ie. GameObjects
Refreshing native plugins compatible for Editor in 3.95 ms, found 5 plugins.
Unloading 24 Unused Serialized files (Serialized files now loaded: 0)
Unloading 6972 unused Assets / (6.5 MB). Loaded Objects now: 8026.
Memory consumption went from 502.1 MB to 495.6 MB.
Total: 25.139700 ms (FindLiveObjects: 2.691300 ms CreateObjectMapping: 1.661800 ms MarkObjects: 15.051700 ms  DeleteObjects: 4.768200 ms)

Prepare: number of updated asset objects reloaded= 0
========================================================================
Received Prepare
AcceleratorClientConnectionCallback - disconnected - :0
[Licensing::Client] Successfully resolved entitlement details
Begin MonoManager ReloadAssembly
'Packages/com.unity.render-pipelines.core/Editor/Deprecated.cs' contains partial class of Unity.Object, exactly 1 of the partial classes needs to be in a file with the same filename. This is to know the one that can be referenced from ie. GameObjects
'Packages/com.unity.render-pipelines.core/Editor/Deprecated.cs' contains partial class of Unity.Object, exactly 1 of the partial classes needs to be in a file with the same filename. This is to know the one that can be referenced from ie. GameObjects
Refreshing native plugins compatible for Editor in 4.72 ms, found 5 plugins.
Native extension for WindowsStandalone target not found
Native extension for WebGL target not found
[Package Manager] Failed to launch server process. Reason: Unity was launched with the -noUpm command-line argument
[Package Manager] Unable to send message (not connected to server process).
[Package Manager] Cannot connect to Unity Package Manager local server
[Package Manager] Failed to launch server process. Reason: Unity was launched with the -noUpm command-line argument
[Package Manager] Unable to send message (not connected to server process).
[Package Manager] Cannot connect to Unity Package Manager local server
ScheduleIndexationOnStartup MainProcess:False IndexOnStartup:True
Scripting: successfully reloaded assembly
- Finished resetting the current domain, in  1.516 seconds
Domain Reload Profiling: 3501ms
	BeginReloadAssembly (547ms)
		DisableScriptedObjects (36ms)
		CreateAndSetChildDomain (119ms)
	RebuildCommonClasses (25ms)
	RebuildNativeTypeToScriptingClass (43ms)
	initialDomainReloadingComplete (129ms)
	LoadAllAssembliesAndSetupDomain (1238ms)
		LoadAssemblies (685ms)
		TypeCache.Refresh (20ms)
		AnalyzeDomain (446ms)
			BuildScriptInfoCaches (433ms)
			ResolveRequiredComponents (10ms)
	FinalizeReload (1519ms)
		SetupLoadedEditorAssemblies (0ms)
			LogAssemblyErrors (5ms)
			InitializePlatformSupportModulesInManaged (5ms)
			BeforeProcessingInitializeOnLoad (270ms)
			ProcessInitializeOnLoadAttributes (487ms)
			ProcessInitializeOnLoadMethodAttributes (187ms)
			AfterProcessingInitializeOnLoad (15ms)
			EditorAssembliesLoaded (3ms)
		AwakeInstancesAfterBackupRestoration (50ms)
Refreshing native plugins compatible for Editor in 3.23 ms, found 5 plugins.
Unloading 24 Unused Serialized files (Serialized files now loaded: 0)
Unloading 6986 unused Assets / (5.6 MB). Loaded Objects now: 8029.
Memory consumption went from 508.2 MB to 502.6 MB.
Total: 16.149800 ms (FindLiveObjects: 1.529700 ms CreateObjectMapping: 0.645900 ms MarkObjects: 11.336500 ms  DeleteObjects: 2.330900 ms)

Prepare: number of updated asset objects reloaded= 0
========================================================================
Received Prepare
AcceleratorClientConnectionCallback - disconnected - :0
[Licensing::Client] Successfully resolved entitlement details
Begin MonoManager ReloadAssembly
'Packages/com.unity.render-pipelines.core/Editor/Deprecated.cs' contains partial class of Unity.Object, exactly 1 of the partial classes needs to be in a file with the same filename. This is to know the one that can be referenced from ie. GameObjects
'Packages/com.unity.render-pipelines.core/Editor/Deprecated.cs' contains partial class of Unity.Object, exactly 1 of the partial classes needs to be in a file with the same filename. This is to know the one that can be referenced from ie. GameObjects
Refreshing native plugins compatible for Editor in 3.05 ms, found 5 plugins.
Native extension for WindowsStandalone target not found
Native extension for WebGL target not found
[Package Manager] Failed to launch server process. Reason: Unity was launched with the -noUpm command-line argument
[Package Manager] Unable to send message (not connected to server process).
[Package Manager] Cannot connect to Unity Package Manager local server
[Package Manager] Failed to launch server process. Reason: Unity was launched with the -noUpm command-line argument
[Package Manager] Unable to send message (not connected to server process).
[Package Manager] Cannot connect to Unity Package Manager local server
ScheduleIndexationOnStartup MainProcess:False IndexOnStartup:True
Scripting: successfully reloaded assembly
- Finished resetting the current domain, in  1.444 seconds
Domain Reload Profiling: 2818ms
	BeginReloadAssembly (532ms)
		DisableScriptedObjects (30ms)
		CreateAndSetChildDomain (142ms)
	RebuildCommonClasses (20ms)
	RebuildNativeTypeToScriptingClass (32ms)
	initialDomainReloadingComplete (102ms)
	LoadAllAssembliesAndSetupDomain (686ms)
		LoadAssemblies (556ms)
		TypeCache.Refresh (10ms)
		AnalyzeDomain (15ms)
			ResolveRequiredComponents (10ms)
	FinalizeReload (1445ms)
		SetupLoadedEditorAssemblies (0ms)
			LogAssemblyErrors (8ms)
			InitializePlatformSupportModulesInManaged (4ms)
			BeforeProcessingInitializeOnLoad (230ms)
			ProcessInitializeOnLoadAttributes (495ms)
			ProcessInitializeOnLoadMethodAttributes (191ms)
			AfterProcessingInitializeOnLoad (11ms)
			EditorAssembliesLoaded (4ms)
		AwakeInstancesAfterBackupRestoration (83ms)
Refreshing native plugins compatible for Editor in 3.09 ms, found 5 plugins.
Unloading 24 Unused Serialized files (Serialized files now loaded: 0)
Unloading 6986 unused Assets / (5.8 MB). Loaded Objects now: 8032.
Memory consumption went from 0.50 GB to 506.5 MB.
Total: 14.338200 ms (FindLiveObjects: 1.577800 ms CreateObjectMapping: 0.802300 ms MarkObjects: 8.549900 ms  DeleteObjects: 3.101000 ms)

Prepare: number of updated asset objects reloaded= 0
========================================================================
Received Prepare
AcceleratorClientConnectionCallback - disconnected - :0
'Packages/com.unity.render-pipelines.core/Editor/Deprecated.cs' contains partial class of Unity.Object, exactly 1 of the partial classes needs to be in a file with the same filename. This is to know the one that can be referenced from ie. GameObjects
'Packages/com.unity.render-pipelines.core/Editor/Deprecated.cs' contains partial class of Unity.Object, exactly 1 of the partial classes needs to be in a file with the same filename. This is to know the one that can be referenced from ie. GameObjects
Refreshing native plugins compatible for Editor in 3.19 ms, found 5 plugins.
Unloading 24 Unused Serialized files (Serialized files now loaded: 0)
Unloading 6972 unused Assets / (7.3 MB). Loaded Objects now: 8032.
Memory consumption went from 0.50 GB to 508.1 MB.
Total: 13.889300 ms (FindLiveObjects: 1.516300 ms CreateObjectMapping: 0.614900 ms MarkObjects: 8.809700 ms  DeleteObjects: 2.573100 ms)

Prepare: number of updated asset objects reloaded= 0
========================================================================
Received Prepare
AcceleratorClientConnectionCallback - disconnected - :0
[Licensing::Client] Successfully resolved entitlement details
Begin MonoManager ReloadAssembly
'Packages/com.unity.render-pipelines.core/Editor/Deprecated.cs' contains partial class of Unity.Object, exactly 1 of the partial classes needs to be in a file with the same filename. This is to know the one that can be referenced from ie. GameObjects
'Packages/com.unity.render-pipelines.core/Editor/Deprecated.cs' contains partial class of Unity.Object, exactly 1 of the partial classes needs to be in a file with the same filename. This is to know the one that can be referenced from ie. GameObjects
Refreshing native plugins compatible for Editor in 2.88 ms, found 5 plugins.
Native extension for WindowsStandalone target not found
Native extension for WebGL target not found
[Package Manager] Failed to launch server process. Reason: Unity was launched with the -noUpm command-line argument
[Package Manager] Unable to send message (not connected to server process).
[Package Manager] Cannot connect to Unity Package Manager local server
[Package Manager] Failed to launch server process. Reason: Unity was launched with the -noUpm command-line argument
[Package Manager] Unable to send message (not connected to server process).
[Package Manager] Cannot connect to Unity Package Manager local server
ScheduleIndexationOnStartup MainProcess:False IndexOnStartup:True
Scripting: successfully reloaded assembly
- Finished resetting the current domain, in  1.406 seconds
Domain Reload Profiling: 3225ms
	BeginReloadAssembly (511ms)
		DisableScriptedObjects (54ms)
		CreateAndSetChildDomain (99ms)
	RebuildCommonClasses (20ms)
	RebuildNativeTypeToScriptingClass (32ms)
	initialDomainReloadingComplete (102ms)
	LoadAllAssembliesAndSetupDomain (1153ms)
		LoadAssemblies (655ms)
		TypeCache.Refresh (17ms)
		AnalyzeDomain (359ms)
			BuildScriptInfoCaches (346ms)
			ResolveRequiredComponents (10ms)
	FinalizeReload (1408ms)
		SetupLoadedEditorAssemblies (0ms)
			LogAssemblyErrors (5ms)
			InitializePlatformSupportModulesInManaged (3ms)
			BeforeProcessingInitializeOnLoad (218ms)
			ProcessInitializeOnLoadAttributes (492ms)
			ProcessInitializeOnLoadMethodAttributes (171ms)
			AfterProcessingInitializeOnLoad (12ms)
		AwakeInstancesAfterBackupRestoration (81ms)
Refreshing native plugins compatible for Editor in 3.73 ms, found 5 plugins.
Unloading 24 Unused Serialized files (Serialized files now loaded: 0)
Unloading 6986 unused Assets / (6.1 MB). Loaded Objects now: 8035.
Memory consumption went from 0.51 GB to 0.50 GB.
Total: 18.194600 ms (FindLiveObjects: 1.631700 ms CreateObjectMapping: 0.530600 ms MarkObjects: 13.426200 ms  DeleteObjects: 2.290000 ms)

Prepare: number of updated asset objects reloaded= 0
========================================================================
Received Prepare
AcceleratorClientConnectionCallback - disconnected - :0
Begin MonoManager ReloadAssembly
'Packages/com.unity.render-pipelines.core/Editor/Deprecated.cs' contains partial class of Unity.Object, exactly 1 of the partial classes needs to be in a file with the same filename. This is to know the one that can be referenced from ie. GameObjects
'Packages/com.unity.render-pipelines.core/Editor/Deprecated.cs' contains partial class of Unity.Object, exactly 1 of the partial classes needs to be in a file with the same filename. This is to know the one that can be referenced from ie. GameObjects
Refreshing native plugins compatible for Editor in 2.87 ms, found 5 plugins.
Native extension for WindowsStandalone target not found
Native extension for WebGL target not found
[Package Manager] Failed to launch server process. Reason: Unity was launched with the -noUpm command-line argument
[Package Manager] Unable to send message (not connected to server process).
[Package Manager] Cannot connect to Unity Package Manager local server
[Package Manager] Failed to launch server process. Reason: Unity was launched with the -noUpm command-line argument
[Package Manager] Unable to send message (not connected to server process).
[Package Manager] Cannot connect to Unity Package Manager local server
ScheduleIndexationOnStartup MainProcess:False IndexOnStartup:True
Scripting: successfully reloaded assembly
- Finished resetting the current domain, in  1.343 seconds
Domain Reload Profiling: 2664ms
	BeginReloadAssembly (455ms)
		DisableScriptedObjects (34ms)
		CreateAndSetChildDomain (106ms)
	RebuildCommonClasses (22ms)
	RebuildNativeTypeToScriptingClass (38ms)
	initialDomainReloadingComplete (106ms)
	LoadAllAssembliesAndSetupDomain (699ms)
		LoadAssemblies (555ms)
		TypeCache.Refresh (9ms)
		AnalyzeDomain (15ms)
			ResolveRequiredComponents (9ms)
	FinalizeReload (1345ms)
		SetupLoadedEditorAssemblies (0ms)
			LogAssemblyErrors (6ms)
			InitializePlatformSupportModulesInManaged (3ms)
			BeforeProcessingInitializeOnLoad (256ms)
			ProcessInitializeOnLoadAttributes (451ms)
			ProcessInitializeOnLoadMethodAttributes (168ms)
			AfterProcessingInitializeOnLoad (9ms)
			EditorAssembliesLoaded (3ms)
		AwakeInstancesAfterBackupRestoration (41ms)
Refreshing native plugins compatible for Editor in 3.00 ms, found 5 plugins.
Unloading 24 Unused Serialized files (Serialized files now loaded: 0)
Unloading 6986 unused Assets / (7.4 MB). Loaded Objects now: 8038.
Memory consumption went from 0.51 GB to 0.51 GB.
Total: 13.591500 ms (FindLiveObjects: 1.494500 ms CreateObjectMapping: 0.491200 ms MarkObjects: 8.785600 ms  DeleteObjects: 2.512200 ms)

Prepare: number of updated asset objects reloaded= 0
========================================================================
Received Prepare
AcceleratorClientConnectionCallback - disconnected - :0
[Licensing::Client] Successfully resolved entitlement details
Begin MonoManager ReloadAssembly
'Packages/com.unity.render-pipelines.core/Editor/Deprecated.cs' contains partial class of Unity.Object, exactly 1 of the partial classes needs to be in a file with the same filename. This is to know the one that can be referenced from ie. GameObjects
'Packages/com.unity.render-pipelines.core/Editor/Deprecated.cs' contains partial class of Unity.Object, exactly 1 of the partial classes needs to be in a file with the same filename. This is to know the one that can be referenced from ie. GameObjects
Refreshing native plugins compatible for Editor in 2.75 ms, found 5 plugins.
Native extension for WindowsStandalone target not found
Native extension for WebGL target not found
[Package Manager] Failed to launch server process. Reason: Unity was launched with the -noUpm command-line argument
[Package Manager] Unable to send message (not connected to server process).
[Package Manager] Cannot connect to Unity Package Manager local server
[Package Manager] Failed to launch server process. Reason: Unity was launched with the -noUpm command-line argument
[Package Manager] Unable to send message (not connected to server process).
[Package Manager] Cannot connect to Unity Package Manager local server
ScheduleIndexationOnStartup MainProcess:False IndexOnStartup:True
Scripting: successfully reloaded assembly
- Finished resetting the current domain, in  1.328 seconds
Domain Reload Profiling: 2743ms
	BeginReloadAssembly (456ms)
		DisableScriptedObjects (31ms)
		CreateAndSetChildDomain (98ms)
	RebuildCommonClasses (18ms)
	RebuildNativeTypeToScriptingClass (31ms)
	initialDomainReloadingComplete (97ms)
	LoadAllAssembliesAndSetupDomain (812ms)
		LoadAssemblies (648ms)
		TypeCache.Refresh (13ms)
		AnalyzeDomain (55ms)
			ResolveRequiredComponents (51ms)
	FinalizeReload (1330ms)
		SetupLoadedEditorAssemblies (0ms)
			LogAssemblyErrors (7ms)
			InitializePlatformSupportModulesInManaged (4ms)
			BeforeProcessingInitializeOnLoad (203ms)
			ProcessInitializeOnLoadAttributes (433ms)
			ProcessInitializeOnLoadMethodAttributes (161ms)
			AfterProcessingInitializeOnLoad (12ms)
			EditorAssembliesLoaded (3ms)
		AwakeInstancesAfterBackupRestoration (73ms)
Refreshing native plugins compatible for Editor in 2.60 ms, found 5 plugins.
Unloading 24 Unused Serialized files (Serialized files now loaded: 0)
Unloading 6986 unused Assets / (6.8 MB). Loaded Objects now: 8041.
Memory consumption went from 0.52 GB to 0.51 GB.
Total: 14.900400 ms (FindLiveObjects: 1.544000 ms CreateObjectMapping: 0.464800 ms MarkObjects: 10.257000 ms  DeleteObjects: 2.323000 ms)

Prepare: number of updated asset objects reloaded= 0
========================================================================
Received Prepare
AcceleratorClientConnectionCallback - disconnected - :0
'Packages/com.unity.render-pipelines.core/Editor/Deprecated.cs' contains partial class of Unity.Object, exactly 1 of the partial classes needs to be in a file with the same filename. This is to know the one that can be referenced from ie. GameObjects
'Packages/com.unity.render-pipelines.core/Editor/Deprecated.cs' contains partial class of Unity.Object, exactly 1 of the partial classes needs to be in a file with the same filename. This is to know the one that can be referenced from ie. GameObjects
Refreshing native plugins compatible for Editor in 4.17 ms, found 5 plugins.
Unloading 24 Unused Serialized files (Serialized files now loaded: 0)
Unloading 6972 unused Assets / (6.4 MB). Loaded Objects now: 8041.
Memory consumption went from 0.52 GB to 0.51 GB.
Total: 16.250500 ms (FindLiveObjects: 1.560500 ms CreateObjectMapping: 1.001000 ms MarkObjects: 10.500000 ms  DeleteObjects: 2.873500 ms)

Prepare: number of updated asset objects reloaded= 0
========================================================================
Received Prepare
AcceleratorClientConnectionCallback - disconnected - :0
[Licensing::Client] Successfully resolved entitlement details
Begin MonoManager ReloadAssembly
'Packages/com.unity.render-pipelines.core/Editor/Deprecated.cs' contains partial class of Unity.Object, exactly 1 of the partial classes needs to be in a file with the same filename. This is to know the one that can be referenced from ie. GameObjects
'Packages/com.unity.render-pipelines.core/Editor/Deprecated.cs' contains partial class of Unity.Object, exactly 1 of the partial classes needs to be in a file with the same filename. This is to know the one that can be referenced from ie. GameObjects
Refreshing native plugins compatible for Editor in 3.80 ms, found 5 plugins.
Native extension for WindowsStandalone target not found
Native extension for WebGL target not found
[Package Manager] Failed to launch server process. Reason: Unity was launched with the -noUpm command-line argument
[Package Manager] Unable to send message (not connected to server process).
[Package Manager] Cannot connect to Unity Package Manager local server
[Package Manager] Failed to launch server process. Reason: Unity was launched with the -noUpm command-line argument
[Package Manager] Unable to send message (not connected to server process).
[Package Manager] Cannot connect to Unity Package Manager local server
ScheduleIndexationOnStartup MainProcess:False IndexOnStartup:True
Scripting: successfully reloaded assembly
- Finished resetting the current domain, in  1.530 seconds
Domain Reload Profiling: 3658ms
	BeginReloadAssembly (538ms)
		DisableScriptedObjects (38ms)
		CreateAndSetChildDomain (122ms)
	RebuildCommonClasses (19ms)
	RebuildNativeTypeToScriptingClass (38ms)
	initialDomainReloadingComplete (119ms)
	LoadAllAssembliesAndSetupDomain (1411ms)
		LoadAssemblies (769ms)
		TypeCache.Refresh (20ms)
		AnalyzeDomain (478ms)
			BuildScriptInfoCaches (466ms)
			ResolveRequiredComponents (9ms)
	FinalizeReload (1532ms)
		SetupLoadedEditorAssemblies (0ms)
			LogAssemblyErrors (5ms)
			InitializePlatformSupportModulesInManaged (4ms)
			BeforeProcessingInitializeOnLoad (250ms)
			ProcessInitializeOnLoadAttributes (529ms)
			ProcessInitializeOnLoadMethodAttributes (198ms)
			AfterProcessingInitializeOnLoad (14ms)
			EditorAssembliesLoaded (5ms)
		AwakeInstancesAfterBackupRestoration (50ms)
Refreshing native plugins compatible for Editor in 3.27 ms, found 5 plugins.
Unloading 24 Unused Serialized files (Serialized files now loaded: 0)
Unloading 6986 unused Assets / (6.8 MB). Loaded Objects now: 8044.
Memory consumption went from 0.53 GB to 0.52 GB.
Total: 14.052200 ms (FindLiveObjects: 1.667700 ms CreateObjectMapping: 0.725200 ms MarkObjects: 8.781900 ms  DeleteObjects: 2.556100 ms)

Prepare: number of updated asset objects reloaded= 0
========================================================================
Received Prepare
AcceleratorClientConnectionCallback - disconnected - :0
'Packages/com.unity.render-pipelines.core/Editor/Deprecated.cs' contains partial class of Unity.Object, exactly 1 of the partial classes needs to be in a file with the same filename. This is to know the one that can be referenced from ie. GameObjects
'Packages/com.unity.render-pipelines.core/Editor/Deprecated.cs' contains partial class of Unity.Object, exactly 1 of the partial classes needs to be in a file with the same filename. This is to know the one that can be referenced from ie. GameObjects
Refreshing native plugins compatible for Editor in 4.40 ms, found 5 plugins.
Unloading 24 Unused Serialized files (Serialized files now loaded: 0)
Unloading 6972 unused Assets / (6.5 MB). Loaded Objects now: 8044.
Memory consumption went from 0.53 GB to 0.52 GB.
Total: 16.615100 ms (FindLiveObjects: 1.733700 ms CreateObjectMapping: 1.114300 ms MarkObjects: 10.435000 ms  DeleteObjects: 3.008500 ms)

Prepare: number of updated asset objects reloaded= 0
========================================================================
Received Prepare
AcceleratorClientConnectionCallback - disconnected - :0
Begin MonoManager ReloadAssembly
'Packages/com.unity.render-pipelines.core/Editor/Deprecated.cs' contains partial class of Unity.Object, exactly 1 of the partial classes needs to be in a file with the same filename. This is to know the one that can be referenced from ie. GameObjects
'Packages/com.unity.render-pipelines.core/Editor/Deprecated.cs' contains partial class of Unity.Object, exactly 1 of the partial classes needs to be in a file with the same filename. This is to know the one that can be referenced from ie. GameObjects
Refreshing native plugins compatible for Editor in 2.92 ms, found 5 plugins.
Native extension for WindowsStandalone target not found
Native extension for WebGL target not found
[Package Manager] Failed to launch server process. Reason: Unity was launched with the -noUpm command-line argument
[Package Manager] Unable to send message (not connected to server process).
[Package Manager] Cannot connect to Unity Package Manager local server
[Package Manager] Failed to launch server process. Reason: Unity was launched with the -noUpm command-line argument
[Package Manager] Unable to send message (not connected to server process).
[Package Manager] Cannot connect to Unity Package Manager local server
ScheduleIndexationOnStartup MainProcess:False IndexOnStartup:True
Scripting: successfully reloaded assembly
- Finished resetting the current domain, in  1.459 seconds
Domain Reload Profiling: 3194ms
	BeginReloadAssembly (440ms)
		DisableScriptedObjects (30ms)
		CreateAndSetChildDomain (101ms)
	RebuildCommonClasses (17ms)
	RebuildNativeTypeToScriptingClass (34ms)
	initialDomainReloadingComplete (95ms)
	LoadAllAssembliesAndSetupDomain (1147ms)
		LoadAssemblies (585ms)
		TypeCache.Refresh (18ms)
		AnalyzeDomain (395ms)
			BuildScriptInfoCaches (380ms)
			ResolveRequiredComponents (12ms)
	FinalizeReload (1461ms)
		SetupLoadedEditorAssemblies (0ms)
			LogAssemblyErrors (5ms)
			InitializePlatformSupportModulesInManaged (4ms)
			BeforeProcessingInitializeOnLoad (252ms)
			ProcessInitializeOnLoadAttributes (478ms)
			ProcessInitializeOnLoadMethodAttributes (167ms)
			AfterProcessingInitializeOnLoad (10ms)
			EditorAssembliesLoaded (3ms)
		AwakeInstancesAfterBackupRestoration (44ms)
Refreshing native plugins compatible for Editor in 3.37 ms, found 5 plugins.
Unloading 24 Unused Serialized files (Serialized files now loaded: 0)
Unloading 6986 unused Assets / (6.0 MB). Loaded Objects now: 8047.
Memory consumption went from 0.54 GB to 0.53 GB.
Total: 14.486800 ms (FindLiveObjects: 1.617200 ms CreateObjectMapping: 0.647200 ms MarkObjects: 9.568100 ms  DeleteObjects: 2.334300 ms)

Prepare: number of updated asset objects reloaded= 0
========================================================================
Received Prepare
AcceleratorClientConnectionCallback - disconnected - :0
[Licensing::Client] Successfully resolved entitlement details
Begin MonoManager ReloadAssembly
'Packages/com.unity.render-pipelines.core/Editor/Deprecated.cs' contains partial class of Unity.Object, exactly 1 of the partial classes needs to be in a file with the same filename. This is to know the one that can be referenced from ie. GameObjects
'Packages/com.unity.render-pipelines.core/Editor/Deprecated.cs' contains partial class of Unity.Object, exactly 1 of the partial classes needs to be in a file with the same filename. This is to know the one that can be referenced from ie. GameObjects
Refreshing native plugins compatible for Editor in 2.94 ms, found 5 plugins.
Native extension for WindowsStandalone target not found
Native extension for WebGL target not found
[Package Manager] Failed to launch server process. Reason: Unity was launched with the -noUpm command-line argument
[Package Manager] Unable to send message (not connected to server process).
[Package Manager] Cannot connect to Unity Package Manager local server
[Package Manager] Failed to launch server process. Reason: Unity was launched with the -noUpm command-line argument
[Package Manager] Unable to send message (not connected to server process).
[Package Manager] Cannot connect to Unity Package Manager local server
ScheduleIndexationOnStartup MainProcess:False IndexOnStartup:True
Scripting: successfully reloaded assembly
- Finished resetting the current domain, in  1.404 seconds
Domain Reload Profiling: 2683ms
	BeginReloadAssembly (445ms)
		DisableScriptedObjects (35ms)
		CreateAndSetChildDomain (109ms)
	RebuildCommonClasses (18ms)
	RebuildNativeTypeToScriptingClass (29ms)
	initialDomainReloadingComplete (91ms)
	LoadAllAssembliesAndSetupDomain (694ms)
		LoadAssemblies (548ms)
		TypeCache.Refresh (10ms)
		AnalyzeDomain (16ms)
			ResolveRequiredComponents (11ms)
	FinalizeReload (1405ms)
		SetupLoadedEditorAssemblies (0ms)
			LogAssemblyErrors (6ms)
			InitializePlatformSupportModulesInManaged (4ms)
			BeforeProcessingInitializeOnLoad (252ms)
			ProcessInitializeOnLoadAttributes (471ms)
			ProcessInitializeOnLoadMethodAttributes (180ms)
			AfterProcessingInitializeOnLoad (11ms)
			EditorAssembliesLoaded (3ms)
		AwakeInstancesAfterBackupRestoration (40ms)
Refreshing native plugins compatible for Editor in 3.70 ms, found 5 plugins.
Unloading 24 Unused Serialized files (Serialized files now loaded: 0)
Unloading 6986 unused Assets / (5.5 MB). Loaded Objects now: 8050.
Memory consumption went from 0.54 GB to 0.54 GB.
Total: 15.070200 ms (FindLiveObjects: 1.712700 ms CreateObjectMapping: 0.586400 ms MarkObjects: 9.313400 ms  DeleteObjects: 3.060700 ms)

Prepare: number of updated asset objects reloaded= 0
========================================================================
Received Prepare
AcceleratorClientConnectionCallback - disconnected - :0
'Packages/com.unity.render-pipelines.core/Editor/Deprecated.cs' contains partial class of Unity.Object, exactly 1 of the partial classes needs to be in a file with the same filename. This is to know the one that can be referenced from ie. GameObjects
'Packages/com.unity.render-pipelines.core/Editor/Deprecated.cs' contains partial class of Unity.Object, exactly 1 of the partial classes needs to be in a file with the same filename. This is to know the one that can be referenced from ie. GameObjects
Refreshing native plugins compatible for Editor in 4.09 ms, found 5 plugins.
Unloading 24 Unused Serialized files (Serialized files now loaded: 0)
Unloading 6972 unused Assets / (8.1 MB). Loaded Objects now: 8050.
Memory consumption went from 0.54 GB to 0.54 GB.
Total: 15.785100 ms (FindLiveObjects: 1.571800 ms CreateObjectMapping: 0.478800 ms MarkObjects: 10.024400 ms  DeleteObjects: 3.282800 ms)

Prepare: number of updated asset objects reloaded= 0
========================================================================
Received Prepare
AcceleratorClientConnectionCallback - disconnected - :0
[Licensing::Client] Successfully resolved entitlement details
Begin MonoManager ReloadAssembly
'Packages/com.unity.render-pipelines.core/Editor/Deprecated.cs' contains partial class of Unity.Object, exactly 1 of the partial classes needs to be in a file with the same filename. This is to know the one that can be referenced from ie. GameObjects
'Packages/com.unity.render-pipelines.core/Editor/Deprecated.cs' contains partial class of Unity.Object, exactly 1 of the partial classes needs to be in a file with the same filename. This is to know the one that can be referenced from ie. GameObjects
Refreshing native plugins compatible for Editor in 2.31 ms, found 5 plugins.
Native extension for WindowsStandalone target not found
Native extension for WebGL target not found
[Package Manager] Failed to launch server process. Reason: Unity was launched with the -noUpm command-line argument
[Package Manager] Unable to send message (not connected to server process).
[Package Manager] Cannot connect to Unity Package Manager local server
[Package Manager] Failed to launch server process. Reason: Unity was launched with the -noUpm command-line argument
[Package Manager] Unable to send message (not connected to server process).
[Package Manager] Cannot connect to Unity Package Manager local server
ScheduleIndexationOnStartup MainProcess:False IndexOnStartup:True
Scripting: successfully reloaded assembly
- Finished resetting the current domain, in  1.334 seconds
Domain Reload Profiling: 3245ms
	BeginReloadAssembly (495ms)
		DisableScriptedObjects (37ms)
		CreateAndSetChildDomain (98ms)
	RebuildCommonClasses (24ms)
	RebuildNativeTypeToScriptingClass (35ms)
	initialDomainReloadingComplete (115ms)
	LoadAllAssembliesAndSetupDomain (1239ms)
		LoadAssemblies (623ms)
		TypeCache.Refresh (19ms)
		AnalyzeDomain (414ms)
			BuildScriptInfoCaches (403ms)
			ResolveRequiredComponents (8ms)
	FinalizeReload (1336ms)
		SetupLoadedEditorAssemblies (0ms)
			LogAssemblyErrors (5ms)
			InitializePlatformSupportModulesInManaged (4ms)
			BeforeProcessingInitializeOnLoad (243ms)
			ProcessInitializeOnLoadAttributes (422ms)
			ProcessInitializeOnLoadMethodAttributes (165ms)
			AfterProcessingInitializeOnLoad (11ms)
			EditorAssembliesLoaded (4ms)
		AwakeInstancesAfterBackupRestoration (45ms)
Refreshing native plugins compatible for Editor in 4.06 ms, found 5 plugins.
Unloading 24 Unused Serialized files (Serialized files now loaded: 0)
Unloading 6986 unused Assets / (6.3 MB). Loaded Objects now: 8053.
Memory consumption went from 0.55 GB to 0.54 GB.
Total: 15.702700 ms (FindLiveObjects: 1.722200 ms CreateObjectMapping: 0.929400 ms MarkObjects: 10.240100 ms  DeleteObjects: 2.372600 ms)

Prepare: number of updated asset objects reloaded= 0
========================================================================
Received Prepare
AcceleratorClientConnectionCallback - disconnected - :0
Begin MonoManager ReloadAssembly
'Packages/com.unity.render-pipelines.core/Editor/Deprecated.cs' contains partial class of Unity.Object, exactly 1 of the partial classes needs to be in a file with the same filename. This is to know the one that can be referenced from ie. GameObjects
'Packages/com.unity.render-pipelines.core/Editor/Deprecated.cs' contains partial class of Unity.Object, exactly 1 of the partial classes needs to be in a file with the same filename. This is to know the one that can be referenced from ie. GameObjects
Refreshing native plugins compatible for Editor in 2.50 ms, found 5 plugins.
Native extension for WindowsStandalone target not found
Native extension for WebGL target not found
[Package Manager] Failed to launch server process. Reason: Unity was launched with the -noUpm command-line argument
[Package Manager] Unable to send message (not connected to server process).
[Package Manager] Cannot connect to Unity Package Manager local server
[Package Manager] Failed to launch server process. Reason: Unity was launched with the -noUpm command-line argument
[Package Manager] Unable to send message (not connected to server process).
[Package Manager] Cannot connect to Unity Package Manager local server
ScheduleIndexationOnStartup MainProcess:False IndexOnStartup:True
Scripting: successfully reloaded assembly
- Finished resetting the current domain, in  1.250 seconds
Domain Reload Profiling: 2577ms
	BeginReloadAssembly (479ms)
		DisableScriptedObjects (37ms)
		CreateAndSetChildDomain (103ms)
	RebuildCommonClasses (17ms)
	RebuildNativeTypeToScriptingClass (36ms)
	initialDomainReloadingComplete (97ms)
	LoadAllAssembliesAndSetupDomain (697ms)
		LoadAssemblies (560ms)
		TypeCache.Refresh (11ms)
		AnalyzeDomain (14ms)
			ResolveRequiredComponents (9ms)
	FinalizeReload (1251ms)
		SetupLoadedEditorAssemblies (0ms)
			LogAssemblyErrors (3ms)
			InitializePlatformSupportModulesInManaged (3ms)
			BeforeProcessingInitializeOnLoad (198ms)
			ProcessInitializeOnLoadAttributes (401ms)
			ProcessInitializeOnLoadMethodAttributes (161ms)
			AfterProcessingInitializeOnLoad (9ms)
			EditorAssembliesLoaded (3ms)
		AwakeInstancesAfterBackupRestoration (38ms)
Refreshing native plugins compatible for Editor in 3.44 ms, found 5 plugins.
Unloading 24 Unused Serialized files (Serialized files now loaded: 0)
Unloading 6986 unused Assets / (5.5 MB). Loaded Objects now: 8056.
Memory consumption went from 0.55 GB to 0.55 GB.
Total: 12.933500 ms (FindLiveObjects: 1.562900 ms CreateObjectMapping: 0.848500 ms MarkObjects: 7.942100 ms  DeleteObjects: 2.255300 ms)

Prepare: number of updated asset objects reloaded= 0
========================================================================
Received Prepare
AcceleratorClientConnectionCallback - disconnected - :0
'Packages/com.unity.render-pipelines.core/Editor/Deprecated.cs' contains partial class of Unity.Object, exactly 1 of the partial classes needs to be in a file with the same filename. This is to know the one that can be referenced from ie. GameObjects
'Packages/com.unity.render-pipelines.core/Editor/Deprecated.cs' contains partial class of Unity.Object, exactly 1 of the partial classes needs to be in a file with the same filename. This is to know the one that can be referenced from ie. GameObjects
Refreshing native plugins compatible for Editor in 3.88 ms, found 5 plugins.
Unloading 24 Unused Serialized files (Serialized files now loaded: 0)
Unloading 6972 unused Assets / (6.3 MB). Loaded Objects now: 8056.
Memory consumption went from 0.56 GB to 0.55 GB.
Total: 16.733200 ms (FindLiveObjects: 1.627500 ms CreateObjectMapping: 0.754700 ms MarkObjects: 11.117300 ms  DeleteObjects: 2.792000 ms)

Prepare: number of updated asset objects reloaded= 0
========================================================================
Received Prepare
AcceleratorClientConnectionCallback - disconnected - :0
[Licensing::Client] Successfully resolved entitlement details
Begin MonoManager ReloadAssembly
'Packages/com.unity.render-pipelines.core/Editor/Deprecated.cs' contains partial class of Unity.Object, exactly 1 of the partial classes needs to be in a file with the same filename. This is to know the one that can be referenced from ie. GameObjects
'Packages/com.unity.render-pipelines.core/Editor/Deprecated.cs' contains partial class of Unity.Object, exactly 1 of the partial classes needs to be in a file with the same filename. This is to know the one that can be referenced from ie. GameObjects
Refreshing native plugins compatible for Editor in 4.10 ms, found 5 plugins.
Native extension for WindowsStandalone target not found
Native extension for WebGL target not found
[Package Manager] Failed to launch server process. Reason: Unity was launched with the -noUpm command-line argument
[Package Manager] Unable to send message (not connected to server process).
[Package Manager] Cannot connect to Unity Package Manager local server
[Package Manager] Failed to launch server process. Reason: Unity was launched with the -noUpm command-line argument
[Package Manager] Unable to send message (not connected to server process).
[Package Manager] Cannot connect to Unity Package Manager local server
ScheduleIndexationOnStartup MainProcess:False IndexOnStartup:True
Scripting: successfully reloaded assembly
- Finished resetting the current domain, in  1.495 seconds
Domain Reload Profiling: 3445ms
	BeginReloadAssembly (569ms)
		DisableScriptedObjects (45ms)
		CreateAndSetChildDomain (123ms)
	RebuildCommonClasses (17ms)
	RebuildNativeTypeToScriptingClass (35ms)
	initialDomainReloadingComplete (133ms)
	LoadAllAssembliesAndSetupDomain (1193ms)
		LoadAssemblies (665ms)
		TypeCache.Refresh (20ms)
		AnalyzeDomain (354ms)
			BuildScriptInfoCaches (343ms)
			ResolveRequiredComponents (8ms)
	FinalizeReload (1497ms)
		SetupLoadedEditorAssemblies (0ms)
			LogAssemblyErrors (5ms)
			InitializePlatformSupportModulesInManaged (4ms)
			BeforeProcessingInitializeOnLoad (270ms)
			ProcessInitializeOnLoadAttributes (482ms)
			ProcessInitializeOnLoadMethodAttributes (184ms)
			AfterProcessingInitializeOnLoad (15ms)
			EditorAssembliesLoaded (3ms)
		AwakeInstancesAfterBackupRestoration (53ms)
Refreshing native plugins compatible for Editor in 3.56 ms, found 5 plugins.
Unloading 24 Unused Serialized files (Serialized files now loaded: 0)
Unloading 6986 unused Assets / (6.3 MB). Loaded Objects now: 8059.
Memory consumption went from 0.56 GB to 0.56 GB.
Total: 46.457100 ms (FindLiveObjects: 1.789400 ms CreateObjectMapping: 0.615800 ms MarkObjects: 40.752400 ms  DeleteObjects: 2.953700 ms)

Prepare: number of updated asset objects reloaded= 0
========================================================================
Received Prepare
AcceleratorClientConnectionCallback - disconnected - :0
'Packages/com.unity.render-pipelines.core/Editor/Deprecated.cs' contains partial class of Unity.Object, exactly 1 of the partial classes needs to be in a file with the same filename. This is to know the one that can be referenced from ie. GameObjects
'Packages/com.unity.render-pipelines.core/Editor/Deprecated.cs' contains partial class of Unity.Object, exactly 1 of the partial classes needs to be in a file with the same filename. This is to know the one that can be referenced from ie. GameObjects
Refreshing native plugins compatible for Editor in 3.61 ms, found 5 plugins.
Unloading 24 Unused Serialized files (Serialized files now loaded: 0)
Unloading 6972 unused Assets / (6.2 MB). Loaded Objects now: 8059.
Memory consumption went from 0.57 GB to 0.56 GB.
Total: 13.622600 ms (FindLiveObjects: 1.794400 ms CreateObjectMapping: 0.954200 ms MarkObjects: 8.389400 ms  DeleteObjects: 2.165700 ms)

Prepare: number of updated asset objects reloaded= 0
========================================================================
Received Prepare
AcceleratorClientConnectionCallback - disconnected - :0
Begin MonoManager ReloadAssembly
'Packages/com.unity.render-pipelines.core/Editor/Deprecated.cs' contains partial class of Unity.Object, exactly 1 of the partial classes needs to be in a file with the same filename. This is to know the one that can be referenced from ie. GameObjects
'Packages/com.unity.render-pipelines.core/Editor/Deprecated.cs' contains partial class of Unity.Object, exactly 1 of the partial classes needs to be in a file with the same filename. This is to know the one that can be referenced from ie. GameObjects
Refreshing native plugins compatible for Editor in 4.19 ms, found 5 plugins.
Native extension for WindowsStandalone target not found
Native extension for WebGL target not found
[Package Manager] Failed to launch server process. Reason: Unity was launched with the -noUpm command-line argument
[Package Manager] Unable to send message (not connected to server process).
[Package Manager] Cannot connect to Unity Package Manager local server
[Package Manager] Failed to launch server process. Reason: Unity was launched with the -noUpm command-line argument
[Package Manager] Unable to send message (not connected to server process).
[Package Manager] Cannot connect to Unity Package Manager local server
ScheduleIndexationOnStartup MainProcess:False IndexOnStartup:True
Scripting: successfully reloaded assembly
- Finished resetting the current domain, in  1.487 seconds
Domain Reload Profiling: 3512ms
	BeginReloadAssembly (531ms)
		DisableScriptedObjects (38ms)
		CreateAndSetChildDomain (118ms)
	RebuildCommonClasses (26ms)
	RebuildNativeTypeToScriptingClass (42ms)
	initialDomainReloadingComplete (118ms)
	LoadAllAssembliesAndSetupDomain (1306ms)
		LoadAssemblies (664ms)
		TypeCache.Refresh (20ms)
		AnalyzeDomain (475ms)
			BuildScriptInfoCaches (459ms)
			ResolveRequiredComponents (13ms)
	FinalizeReload (1489ms)
		SetupLoadedEditorAssemblies (0ms)
			LogAssemblyErrors (5ms)
			InitializePlatformSupportModulesInManaged (5ms)
			BeforeProcessingInitializeOnLoad (240ms)
			ProcessInitializeOnLoadAttributes (491ms)
			ProcessInitializeOnLoadMethodAttributes (182ms)
			AfterProcessingInitializeOnLoad (12ms)
			EditorAssembliesLoaded (3ms)
		AwakeInstancesAfterBackupRestoration (49ms)
Refreshing native plugins compatible for Editor in 4.13 ms, found 5 plugins.
Unloading 24 Unused Serialized files (Serialized files now loaded: 0)
Unloading 6986 unused Assets / (6.2 MB). Loaded Objects now: 8062.
Memory consumption went from 0.57 GB to 0.57 GB.
Total: 15.330400 ms (FindLiveObjects: 1.582100 ms CreateObjectMapping: 0.675900 ms MarkObjects: 9.961400 ms  DeleteObjects: 2.793700 ms)

Prepare: number of updated asset objects reloaded= 0
========================================================================
Received Prepare
AcceleratorClientConnectionCallback - disconnected - :0
[Licensing::Client] Successfully resolved entitlement details
Begin MonoManager ReloadAssembly
'Packages/com.unity.render-pipelines.core/Editor/Deprecated.cs' contains partial class of Unity.Object, exactly 1 of the partial classes needs to be in a file with the same filename. This is to know the one that can be referenced from ie. GameObjects
'Packages/com.unity.render-pipelines.core/Editor/Deprecated.cs' contains partial class of Unity.Object, exactly 1 of the partial classes needs to be in a file with the same filename. This is to know the one that can be referenced from ie. GameObjects
Refreshing native plugins compatible for Editor in 4.15 ms, found 5 plugins.
Native extension for WindowsStandalone target not found
Native extension for WebGL target not found
[Package Manager] Failed to launch server process. Reason: Unity was launched with the -noUpm command-line argument
[Package Manager] Unable to send message (not connected to server process).
[Package Manager] Cannot connect to Unity Package Manager local server
[Package Manager] Failed to launch server process. Reason: Unity was launched with the -noUpm command-line argument
[Package Manager] Unable to send message (not connected to server process).
[Package Manager] Cannot connect to Unity Package Manager local server
ScheduleIndexationOnStartup MainProcess:False IndexOnStartup:True
Scripting: successfully reloaded assembly
- Finished resetting the current domain, in  1.348 seconds
Domain Reload Profiling: 2670ms
	BeginReloadAssembly (444ms)
		DisableScriptedObjects (28ms)
		CreateAndSetChildDomain (109ms)
	RebuildCommonClasses (19ms)
	RebuildNativeTypeToScriptingClass (35ms)
	initialDomainReloadingComplete (103ms)
	LoadAllAssembliesAndSetupDomain (719ms)
		LoadAssemblies (589ms)
		TypeCache.Refresh (11ms)
		AnalyzeDomain (14ms)
			ResolveRequiredComponents (9ms)
	FinalizeReload (1350ms)
		SetupLoadedEditorAssemblies (0ms)
			LogAssemblyErrors (4ms)
			InitializePlatformSupportModulesInManaged (4ms)
			BeforeProcessingInitializeOnLoad (232ms)
			ProcessInitializeOnLoadAttributes (440ms)
			ProcessInitializeOnLoadMethodAttributes (165ms)
			AfterProcessingInitializeOnLoad (10ms)
		AwakeInstancesAfterBackupRestoration (47ms)
Refreshing native plugins compatible for Editor in 3.47 ms, found 5 plugins.
Unloading 24 Unused Serialized files (Serialized files now loaded: 0)
Unloading 6986 unused Assets / (7.5 MB). Loaded Objects now: 8065.
Memory consumption went from 0.54 GB to 0.53 GB.
Total: 15.950800 ms (FindLiveObjects: 1.736500 ms CreateObjectMapping: 0.879400 ms MarkObjects: 10.057700 ms  DeleteObjects: 2.962300 ms)

Prepare: number of updated asset objects reloaded= 0
========================================================================
Received Prepare
AcceleratorClientConnectionCallback - disconnected - :0
[Licensing::Client] Successfully resolved entitlement details
Begin MonoManager ReloadAssembly
'Packages/com.unity.render-pipelines.core/Editor/Deprecated.cs' contains partial class of Unity.Object, exactly 1 of the partial classes needs to be in a file with the same filename. This is to know the one that can be referenced from ie. GameObjects
'Packages/com.unity.render-pipelines.core/Editor/Deprecated.cs' contains partial class of Unity.Object, exactly 1 of the partial classes needs to be in a file with the same filename. This is to know the one that can be referenced from ie. GameObjects
Refreshing native plugins compatible for Editor in 2.32 ms, found 5 plugins.
Native extension for WindowsStandalone target not found
Native extension for WebGL target not found
[Package Manager] Failed to launch server process. Reason: Unity was launched with the -noUpm command-line argument
[Package Manager] Unable to send message (not connected to server process).
[Package Manager] Cannot connect to Unity Package Manager local server
[Package Manager] Failed to launch server process. Reason: Unity was launched with the -noUpm command-line argument
[Package Manager] Unable to send message (not connected to server process).
[Package Manager] Cannot connect to Unity Package Manager local server
ScheduleIndexationOnStartup MainProcess:False IndexOnStartup:True
Scripting: successfully reloaded assembly
- Finished resetting the current domain, in  1.320 seconds
Domain Reload Profiling: 2643ms
	BeginReloadAssembly (448ms)
		DisableScriptedObjects (30ms)
		CreateAndSetChildDomain (102ms)
	RebuildCommonClasses (23ms)
	RebuildNativeTypeToScriptingClass (32ms)
	initialDomainReloadingComplete (99ms)
	LoadAllAssembliesAndSetupDomain (720ms)
		LoadAssemblies (601ms)
		TypeCache.Refresh (10ms)
		AnalyzeDomain (14ms)
			ResolveRequiredComponents (9ms)
	FinalizeReload (1322ms)
		SetupLoadedEditorAssemblies (0ms)
			LogAssemblyErrors (3ms)
			InitializePlatformSupportModulesInManaged (4ms)
			BeforeProcessingInitializeOnLoad (205ms)
			ProcessInitializeOnLoadAttributes (447ms)
			ProcessInitializeOnLoadMethodAttributes (160ms)
			AfterProcessingInitializeOnLoad (9ms)
		AwakeInstancesAfterBackupRestoration (41ms)
Refreshing native plugins compatible for Editor in 3.31 ms, found 5 plugins.
Unloading 24 Unused Serialized files (Serialized files now loaded: 0)
Unloading 6986 unused Assets / (9.8 MB). Loaded Objects now: 8068.
Memory consumption went from 0.54 GB to 0.53 GB.
Total: 57.437100 ms (FindLiveObjects: 1.723300 ms CreateObjectMapping: 0.744100 ms MarkObjects: 8.415800 ms  DeleteObjects: 46.219300 ms)

Prepare: number of updated asset objects reloaded= 0
========================================================================
Received Prepare
AcceleratorClientConnectionCallback - disconnected - :0
Begin MonoManager ReloadAssembly
'Packages/com.unity.render-pipelines.core/Editor/Deprecated.cs' contains partial class of Unity.Object, exactly 1 of the partial classes needs to be in a file with the same filename. This is to know the one that can be referenced from ie. GameObjects
'Packages/com.unity.render-pipelines.core/Editor/Deprecated.cs' contains partial class of Unity.Object, exactly 1 of the partial classes needs to be in a file with the same filename. This is to know the one that can be referenced from ie. GameObjects
Refreshing native plugins compatible for Editor in 4.32 ms, found 5 plugins.
Native extension for WindowsStandalone target not found
Native extension for WebGL target not found
[Package Manager] Failed to launch server process. Reason: Unity was launched with the -noUpm command-line argument
[Package Manager] Unable to send message (not connected to server process).
[Package Manager] Cannot connect to Unity Package Manager local server
[Package Manager] Failed to launch server process. Reason: Unity was launched with the -noUpm command-line argument
[Package Manager] Unable to send message (not connected to server process).
[Package Manager] Cannot connect to Unity Package Manager local server
ScheduleIndexationOnStartup MainProcess:False IndexOnStartup:True
Scripting: successfully reloaded assembly
- Finished resetting the current domain, in  1.333 seconds
Domain Reload Profiling: 2807ms
	BeginReloadAssembly (484ms)
		DisableScriptedObjects (31ms)
		CreateAndSetChildDomain (96ms)
	RebuildCommonClasses (23ms)
	RebuildNativeTypeToScriptingClass (38ms)
	initialDomainReloadingComplete (164ms)
	LoadAllAssembliesAndSetupDomain (763ms)
		LoadAssemblies (601ms)
		TypeCache.Refresh (10ms)
		AnalyzeDomain (14ms)
			ResolveRequiredComponents (9ms)
	FinalizeReload (1335ms)
		SetupLoadedEditorAssemblies (0ms)
			LogAssemblyErrors (3ms)
			InitializePlatformSupportModulesInManaged (4ms)
			BeforeProcessingInitializeOnLoad (197ms)
			ProcessInitializeOnLoadAttributes (444ms)
			ProcessInitializeOnLoadMethodAttributes (163ms)
			AfterProcessingInitializeOnLoad (9ms)
		AwakeInstancesAfterBackupRestoration (83ms)
Refreshing native plugins compatible for Editor in 3.92 ms, found 5 plugins.
Unloading 24 Unused Serialized files (Serialized files now loaded: 0)
Unloading 6986 unused Assets / (5.8 MB). Loaded Objects now: 8071.
Memory consumption went from 0.54 GB to 0.54 GB.
Total: 14.868400 ms (FindLiveObjects: 1.720700 ms CreateObjectMapping: 0.898700 ms MarkObjects: 9.785300 ms  DeleteObjects: 2.117600 ms)

Prepare: number of updated asset objects reloaded= 0
========================================================================
Received Prepare
AcceleratorClientConnectionCallback - disconnected - :0
Refreshing native plugins compatible for Editor in 4.59 ms, found 5 plugins.
Unloading 24 Unused Serialized files (Serialized files now loaded: 0)
Unloading 24 unused Assets / (3.0 MB). Loaded Objects now: 8071.
Memory consumption went from 0.54 GB to 0.54 GB.
Total: 14.403500 ms (FindLiveObjects: 1.391000 ms CreateObjectMapping: 0.242900 ms MarkObjects: 11.355000 ms  DeleteObjects: 0.939600 ms)

Prepare: number of updated asset objects reloaded= 0
========================================================================
Received Prepare
AcceleratorClientConnectionCallback - disconnected - :0
[Licensing::Client] Successfully resolved entitlement details
Begin MonoManager ReloadAssembly
'Packages/com.unity.render-pipelines.core/Editor/Deprecated.cs' contains partial class of Unity.Object, exactly 1 of the partial classes needs to be in a file with the same filename. This is to know the one that can be referenced from ie. GameObjects
'Packages/com.unity.render-pipelines.core/Editor/Deprecated.cs' contains partial class of Unity.Object, exactly 1 of the partial classes needs to be in a file with the same filename. This is to know the one that can be referenced from ie. GameObjects
Refreshing native plugins compatible for Editor in 2.61 ms, found 5 plugins.
Native extension for WindowsStandalone target not found
Native extension for WebGL target not found
[Package Manager] Failed to launch server process. Reason: Unity was launched with the -noUpm command-line argument
[Package Manager] Unable to send message (not connected to server process).
[Package Manager] Cannot connect to Unity Package Manager local server
[Package Manager] Failed to launch server process. Reason: Unity was launched with the -noUpm command-line argument
[Package Manager] Unable to send message (not connected to server process).
[Package Manager] Cannot connect to Unity Package Manager local server
ScheduleIndexationOnStartup MainProcess:False IndexOnStartup:True
Scripting: successfully reloaded assembly
- Finished resetting the current domain, in  1.371 seconds
Domain Reload Profiling: 2856ms
	BeginReloadAssembly (475ms)
		DisableScriptedObjects (33ms)
		CreateAndSetChildDomain (96ms)
	RebuildCommonClasses (18ms)
	RebuildNativeTypeToScriptingClass (33ms)
	initialDomainReloadingComplete (146ms)
	LoadAllAssembliesAndSetupDomain (811ms)
		LoadAssemblies (620ms)
		TypeCache.Refresh (12ms)
		AnalyzeDomain (14ms)
			ResolveRequiredComponents (9ms)
	FinalizeReload (1373ms)
		SetupLoadedEditorAssemblies (0ms)
			LogAssemblyErrors (43ms)
			InitializePlatformSupportModulesInManaged (5ms)
			BeforeProcessingInitializeOnLoad (210ms)
			ProcessInitializeOnLoadAttributes (462ms)
			ProcessInitializeOnLoadMethodAttributes (169ms)
			AfterProcessingInitializeOnLoad (10ms)
			EditorAssembliesLoaded (42ms)
		AwakeInstancesAfterBackupRestoration (44ms)
Refreshing native plugins compatible for Editor in 3.26 ms, found 5 plugins.
Unloading 24 Unused Serialized files (Serialized files now loaded: 0)
Unloading 6986 unused Assets / (6.7 MB). Loaded Objects now: 8074.
Memory consumption went from 0.55 GB to 0.54 GB.
Total: 13.380000 ms (FindLiveObjects: 1.561800 ms CreateObjectMapping: 0.450800 ms MarkObjects: 8.658900 ms  DeleteObjects: 2.367900 ms)

Prepare: number of updated asset objects reloaded= 0
========================================================================
Received Prepare
AcceleratorClientConnectionCallback - disconnected - :0
[Licensing::Client] Successfully resolved entitlement details
Begin MonoManager ReloadAssembly
'Packages/com.unity.render-pipelines.core/Editor/Deprecated.cs' contains partial class of Unity.Object, exactly 1 of the partial classes needs to be in a file with the same filename. This is to know the one that can be referenced from ie. GameObjects
'Packages/com.unity.render-pipelines.core/Editor/Deprecated.cs' contains partial class of Unity.Object, exactly 1 of the partial classes needs to be in a file with the same filename. This is to know the one that can be referenced from ie. GameObjects
Refreshing native plugins compatible for Editor in 2.99 ms, found 5 plugins.
Native extension for WindowsStandalone target not found
Native extension for WebGL target not found
[Package Manager] Failed to launch server process. Reason: Unity was launched with the -noUpm command-line argument
[Package Manager] Unable to send message (not connected to server process).
[Package Manager] Cannot connect to Unity Package Manager local server
[Package Manager] Failed to launch server process. Reason: Unity was launched with the -noUpm command-line argument
[Package Manager] Unable to send message (not connected to server process).
[Package Manager] Cannot connect to Unity Package Manager local server
ScheduleIndexationOnStartup MainProcess:False IndexOnStartup:True
Scripting: successfully reloaded assembly
- Finished resetting the current domain, in  1.405 seconds
Domain Reload Profiling: 2770ms
	BeginReloadAssembly (434ms)
		DisableScriptedObjects (32ms)
		CreateAndSetChildDomain (100ms)
	RebuildCommonClasses (18ms)
	RebuildNativeTypeToScriptingClass (30ms)
	initialDomainReloadingComplete (100ms)
	LoadAllAssembliesAndSetupDomain (782ms)
		LoadAssemblies (625ms)
		TypeCache.Refresh (50ms)
		AnalyzeDomain (14ms)
			ResolveRequiredComponents (9ms)
	FinalizeReload (1407ms)
		SetupLoadedEditorAssemblies (0ms)
			LogAssemblyErrors (3ms)
			InitializePlatformSupportModulesInManaged (4ms)
			BeforeProcessingInitializeOnLoad (203ms)
			ProcessInitializeOnLoadAttributes (504ms)
			ProcessInitializeOnLoadMethodAttributes (205ms)
			AfterProcessingInitializeOnLoad (9ms)
			EditorAssembliesLoaded (3ms)
		AwakeInstancesAfterBackupRestoration (45ms)
Refreshing native plugins compatible for Editor in 3.81 ms, found 5 plugins.
Unloading 24 Unused Serialized files (Serialized files now loaded: 0)
Unloading 6986 unused Assets / (7.0 MB). Loaded Objects now: 8077.
Memory consumption went from 0.55 GB to 0.54 GB.
Total: 14.766100 ms (FindLiveObjects: 1.585900 ms CreateObjectMapping: 0.470600 ms MarkObjects: 9.313300 ms  DeleteObjects: 3.086700 ms)

Prepare: number of updated asset objects reloaded= 0
========================================================================
Received Prepare
AcceleratorClientConnectionCallback - disconnected - :0
Begin MonoManager ReloadAssembly
'Packages/com.unity.render-pipelines.core/Editor/Deprecated.cs' contains partial class of Unity.Object, exactly 1 of the partial classes needs to be in a file with the same filename. This is to know the one that can be referenced from ie. GameObjects
'Packages/com.unity.render-pipelines.core/Editor/Deprecated.cs' contains partial class of Unity.Object, exactly 1 of the partial classes needs to be in a file with the same filename. This is to know the one that can be referenced from ie. GameObjects
Refreshing native plugins compatible for Editor in 2.38 ms, found 5 plugins.
Native extension for WindowsStandalone target not found
Native extension for WebGL target not found
[Package Manager] Failed to launch server process. Reason: Unity was launched with the -noUpm command-line argument
[Package Manager] Unable to send message (not connected to server process).
[Package Manager] Cannot connect to Unity Package Manager local server
[Package Manager] Failed to launch server process. Reason: Unity was launched with the -noUpm command-line argument
[Package Manager] Unable to send message (not connected to server process).
[Package Manager] Cannot connect to Unity Package Manager local server
ScheduleIndexationOnStartup MainProcess:False IndexOnStartup:True
Scripting: successfully reloaded assembly
- Finished resetting the current domain, in  1.333 seconds
Domain Reload Profiling: 2733ms
	BeginReloadAssembly (524ms)
		DisableScriptedObjects (36ms)
		CreateAndSetChildDomain (113ms)
	RebuildCommonClasses (20ms)
	RebuildNativeTypeToScriptingClass (37ms)
	initialDomainReloadingComplete (94ms)
	LoadAllAssembliesAndSetupDomain (723ms)
		LoadAssemblies (600ms)
		TypeCache.Refresh (50ms)
		AnalyzeDomain (16ms)
			ResolveRequiredComponents (10ms)
	FinalizeReload (1335ms)
		SetupLoadedEditorAssemblies (0ms)
			LogAssemblyErrors (4ms)
			InitializePlatformSupportModulesInManaged (5ms)
			BeforeProcessingInitializeOnLoad (236ms)
			ProcessInitializeOnLoadAttributes (451ms)
			ProcessInitializeOnLoadMethodAttributes (169ms)
			AfterProcessingInitializeOnLoad (9ms)
		AwakeInstancesAfterBackupRestoration (41ms)
Refreshing native plugins compatible for Editor in 3.15 ms, found 5 plugins.
Unloading 24 Unused Serialized files (Serialized files now loaded: 0)
Unloading 6986 unused Assets / (5.6 MB). Loaded Objects now: 8080.
Memory consumption went from 473.6 MB to 468.0 MB.
Total: 14.986700 ms (FindLiveObjects: 1.827000 ms CreateObjectMapping: 0.785400 ms MarkObjects: 9.342600 ms  DeleteObjects: 2.720200 ms)

Prepare: number of updated asset objects reloaded= 0
========================================================================
Received Prepare
AcceleratorClientConnectionCallback - disconnected - :0
[Licensing::Client] Successfully resolved entitlement details
Begin MonoManager ReloadAssembly
'Packages/com.unity.render-pipelines.core/Editor/Deprecated.cs' contains partial class of Unity.Object, exactly 1 of the partial classes needs to be in a file with the same filename. This is to know the one that can be referenced from ie. GameObjects
'Packages/com.unity.render-pipelines.core/Editor/Deprecated.cs' contains partial class of Unity.Object, exactly 1 of the partial classes needs to be in a file with the same filename. This is to know the one that can be referenced from ie. GameObjects
Refreshing native plugins compatible for Editor in 2.93 ms, found 5 plugins.
Native extension for WindowsStandalone target not found
Native extension for WebGL target not found
[Package Manager] Failed to launch server process. Reason: Unity was launched with the -noUpm command-line argument
[Package Manager] Unable to send message (not connected to server process).
[Package Manager] Cannot connect to Unity Package Manager local server
[Package Manager] Failed to launch server process. Reason: Unity was launched with the -noUpm command-line argument
[Package Manager] Unable to send message (not connected to server process).
[Package Manager] Cannot connect to Unity Package Manager local server
ScheduleIndexationOnStartup MainProcess:False IndexOnStartup:True
Scripting: successfully reloaded assembly
- Finished resetting the current domain, in  1.386 seconds
Domain Reload Profiling: 2692ms
	BeginReloadAssembly (457ms)
		DisableScriptedObjects (35ms)
		CreateAndSetChildDomain (101ms)
	RebuildCommonClasses (17ms)
	RebuildNativeTypeToScriptingClass (29ms)
	initialDomainReloadingComplete (92ms)
	LoadAllAssembliesAndSetupDomain (710ms)
		LoadAssemblies (571ms)
		TypeCache.Refresh (10ms)
		AnalyzeDomain (15ms)
			ResolveRequiredComponents (10ms)
	FinalizeReload (1388ms)
		SetupLoadedEditorAssemblies (0ms)
			LogAssemblyErrors (3ms)
			InitializePlatformSupportModulesInManaged (5ms)
			BeforeProcessingInitializeOnLoad (203ms)
			ProcessInitializeOnLoadAttributes (426ms)
			ProcessInitializeOnLoadMethodAttributes (169ms)
			AfterProcessingInitializeOnLoad (11ms)
			EditorAssembliesLoaded (3ms)
		AwakeInstancesAfterBackupRestoration (83ms)
Refreshing native plugins compatible for Editor in 3.22 ms, found 5 plugins.
Unloading 24 Unused Serialized files (Serialized files now loaded: 0)
Unloading 6986 unused Assets / (6.1 MB). Loaded Objects now: 8083.
Memory consumption went from 478.8 MB to 472.7 MB.
Total: 14.652500 ms (FindLiveObjects: 1.677400 ms CreateObjectMapping: 0.659000 ms MarkObjects: 9.546400 ms  DeleteObjects: 2.454600 ms)

Prepare: number of updated asset objects reloaded= 0
========================================================================
Received Prepare
AcceleratorClientConnectionCallback - disconnected - :0
Begin MonoManager ReloadAssembly
'Packages/com.unity.render-pipelines.core/Editor/Deprecated.cs' contains partial class of Unity.Object, exactly 1 of the partial classes needs to be in a file with the same filename. This is to know the one that can be referenced from ie. GameObjects
'Packages/com.unity.render-pipelines.core/Editor/Deprecated.cs' contains partial class of Unity.Object, exactly 1 of the partial classes needs to be in a file with the same filename. This is to know the one that can be referenced from ie. GameObjects
Refreshing native plugins compatible for Editor in 4.38 ms, found 5 plugins.
Native extension for WindowsStandalone target not found
Native extension for WebGL target not found
[Package Manager] Failed to launch server process. Reason: Unity was launched with the -noUpm command-line argument
[Package Manager] Unable to send message (not connected to server process).
[Package Manager] Cannot connect to Unity Package Manager local server
[Package Manager] Failed to launch server process. Reason: Unity was launched with the -noUpm command-line argument
[Package Manager] Unable to send message (not connected to server process).
[Package Manager] Cannot connect to Unity Package Manager local server
ScheduleIndexationOnStartup MainProcess:False IndexOnStartup:True
Scripting: successfully reloaded assembly
- Finished resetting the current domain, in  1.310 seconds
Domain Reload Profiling: 2564ms
	BeginReloadAssembly (447ms)
		DisableScriptedObjects (32ms)
		CreateAndSetChildDomain (102ms)
	RebuildCommonClasses (17ms)
	RebuildNativeTypeToScriptingClass (39ms)
	initialDomainReloadingComplete (105ms)
	LoadAllAssembliesAndSetupDomain (643ms)
		LoadAssemblies (540ms)
		TypeCache.Refresh (10ms)
		AnalyzeDomain (13ms)
			ResolveRequiredComponents (9ms)
	FinalizeReload (1313ms)
		SetupLoadedEditorAssemblies (0ms)
			LogAssemblyErrors (3ms)
			InitializePlatformSupportModulesInManaged (4ms)
			BeforeProcessingInitializeOnLoad (219ms)
			ProcessInitializeOnLoadAttributes (428ms)
			ProcessInitializeOnLoadMethodAttributes (172ms)
			AfterProcessingInitializeOnLoad (12ms)
			EditorAssembliesLoaded (3ms)
		AwakeInstancesAfterBackupRestoration (42ms)
Refreshing native plugins compatible for Editor in 3.33 ms, found 5 plugins.
Unloading 24 Unused Serialized files (Serialized files now loaded: 0)
Unloading 6986 unused Assets / (6.1 MB). Loaded Objects now: 8086.
Memory consumption went from 484.3 MB to 478.2 MB.
Total: 12.866900 ms (FindLiveObjects: 1.549000 ms CreateObjectMapping: 0.557100 ms MarkObjects: 8.140800 ms  DeleteObjects: 2.302100 ms)

Prepare: number of updated asset objects reloaded= 0
========================================================================
Received Prepare
AcceleratorClientConnectionCallback - disconnected - :0
[Licensing::Client] Successfully resolved entitlement details
Begin MonoManager ReloadAssembly
'Packages/com.unity.render-pipelines.core/Editor/Deprecated.cs' contains partial class of Unity.Object, exactly 1 of the partial classes needs to be in a file with the same filename. This is to know the one that can be referenced from ie. GameObjects
'Packages/com.unity.render-pipelines.core/Editor/Deprecated.cs' contains partial class of Unity.Object, exactly 1 of the partial classes needs to be in a file with the same filename. This is to know the one that can be referenced from ie. GameObjects
Refreshing native plugins compatible for Editor in 4.38 ms, found 5 plugins.
Native extension for WindowsStandalone target not found
Native extension for WebGL target not found
[Package Manager] Failed to launch server process. Reason: Unity was launched with the -noUpm command-line argument
[Package Manager] Unable to send message (not connected to server process).
[Package Manager] Cannot connect to Unity Package Manager local server
[Package Manager] Failed to launch server process. Reason: Unity was launched with the -noUpm command-line argument
[Package Manager] Unable to send message (not connected to server process).
[Package Manager] Cannot connect to Unity Package Manager local server
ScheduleIndexationOnStartup MainProcess:False IndexOnStartup:True
Scripting: successfully reloaded assembly
- Finished resetting the current domain, in  1.503 seconds
Domain Reload Profiling: 2993ms
	BeginReloadAssembly (502ms)
		DisableScriptedObjects (39ms)
		CreateAndSetChildDomain (115ms)
	RebuildCommonClasses (24ms)
	RebuildNativeTypeToScriptingClass (41ms)
	initialDomainReloadingComplete (163ms)
	LoadAllAssembliesAndSetupDomain (758ms)
		LoadAssemblies (617ms)
		TypeCache.Refresh (13ms)
		AnalyzeDomain (20ms)
			ResolveRequiredComponents (12ms)
	FinalizeReload (1505ms)
		SetupLoadedEditorAssemblies (0ms)
			LogAssemblyErrors (3ms)
			InitializePlatformSupportModulesInManaged (5ms)
			BeforeProcessingInitializeOnLoad (225ms)
			ProcessInitializeOnLoadAttributes (480ms)
			ProcessInitializeOnLoadMethodAttributes (186ms)
			AfterProcessingInitializeOnLoad (12ms)
			EditorAssembliesLoaded (3ms)
		AwakeInstancesAfterBackupRestoration (52ms)
Refreshing native plugins compatible for Editor in 3.14 ms, found 5 plugins.
Unloading 24 Unused Serialized files (Serialized files now loaded: 0)
Unloading 6986 unused Assets / (5.6 MB). Loaded Objects now: 8089.
Memory consumption went from 489.5 MB to 484.0 MB.
Total: 14.452400 ms (FindLiveObjects: 1.721300 ms CreateObjectMapping: 0.816900 ms MarkObjects: 9.302300 ms  DeleteObjects: 2.264500 ms)

Prepare: number of updated asset objects reloaded= 0
========================================================================
Received Prepare
AcceleratorClientConnectionCallback - disconnected - :0
Begin MonoManager ReloadAssembly
'Packages/com.unity.render-pipelines.core/Editor/Deprecated.cs' contains partial class of Unity.Object, exactly 1 of the partial classes needs to be in a file with the same filename. This is to know the one that can be referenced from ie. GameObjects
'Packages/com.unity.render-pipelines.core/Editor/Deprecated.cs' contains partial class of Unity.Object, exactly 1 of the partial classes needs to be in a file with the same filename. This is to know the one that can be referenced from ie. GameObjects
Refreshing native plugins compatible for Editor in 2.94 ms, found 5 plugins.
Native extension for WindowsStandalone target not found
Native extension for WebGL target not found
[Package Manager] Failed to launch server process. Reason: Unity was launched with the -noUpm command-line argument
[Package Manager] Unable to send message (not connected to server process).
[Package Manager] Cannot connect to Unity Package Manager local server
[Package Manager] Failed to launch server process. Reason: Unity was launched with the -noUpm command-line argument
[Package Manager] Unable to send message (not connected to server process).
[Package Manager] Cannot connect to Unity Package Manager local server
ScheduleIndexationOnStartup MainProcess:False IndexOnStartup:True
Scripting: successfully reloaded assembly
- Finished resetting the current domain, in  1.276 seconds
Domain Reload Profiling: 2537ms
	BeginReloadAssembly (457ms)
		DisableScriptedObjects (33ms)
		CreateAndSetChildDomain (108ms)
	RebuildCommonClasses (17ms)
	RebuildNativeTypeToScriptingClass (34ms)
	initialDomainReloadingComplete (91ms)
	LoadAllAssembliesAndSetupDomain (660ms)
		LoadAssemblies (548ms)
		TypeCache.Refresh (10ms)
		AnalyzeDomain (13ms)
			ResolveRequiredComponents (8ms)
	FinalizeReload (1278ms)
		SetupLoadedEditorAssemblies (0ms)
			LogAssemblyErrors (3ms)
			InitializePlatformSupportModulesInManaged (4ms)
			BeforeProcessingInitializeOnLoad (210ms)
			ProcessInitializeOnLoadAttributes (413ms)
			ProcessInitializeOnLoadMethodAttributes (160ms)
			AfterProcessingInitializeOnLoad (8ms)
			EditorAssembliesLoaded (3ms)
		AwakeInstancesAfterBackupRestoration (39ms)
Refreshing native plugins compatible for Editor in 3.87 ms, found 5 plugins.
Unloading 24 Unused Serialized files (Serialized files now loaded: 0)
Unloading 6986 unused Assets / (6.2 MB). Loaded Objects now: 8092.
Memory consumption went from 494.9 MB to 488.7 MB.
Total: 13.733300 ms (FindLiveObjects: 1.591100 ms CreateObjectMapping: 0.959000 ms MarkObjects: 8.886700 ms  DeleteObjects: 1.988100 ms)

Prepare: number of updated asset objects reloaded= 0
========================================================================
Received Prepare
AcceleratorClientConnectionCallback - disconnected - :0
[Licensing::Client] Successfully resolved entitlement details
Begin MonoManager ReloadAssembly
'Packages/com.unity.render-pipelines.core/Editor/Deprecated.cs' contains partial class of Unity.Object, exactly 1 of the partial classes needs to be in a file with the same filename. This is to know the one that can be referenced from ie. GameObjects
'Packages/com.unity.render-pipelines.core/Editor/Deprecated.cs' contains partial class of Unity.Object, exactly 1 of the partial classes needs to be in a file with the same filename. This is to know the one that can be referenced from ie. GameObjects
Refreshing native plugins compatible for Editor in 4.24 ms, found 5 plugins.
Native extension for WindowsStandalone target not found
Native extension for WebGL target not found
[Package Manager] Failed to launch server process. Reason: Unity was launched with the -noUpm command-line argument
[Package Manager] Unable to send message (not connected to server process).
[Package Manager] Cannot connect to Unity Package Manager local server
[Package Manager] Failed to launch server process. Reason: Unity was launched with the -noUpm command-line argument
[Package Manager] Unable to send message (not connected to server process).
[Package Manager] Cannot connect to Unity Package Manager local server
ScheduleIndexationOnStartup MainProcess:False IndexOnStartup:True
Scripting: successfully reloaded assembly
- Finished resetting the current domain, in  1.316 seconds
Domain Reload Profiling: 2669ms
	BeginReloadAssembly (426ms)
		DisableScriptedObjects (30ms)
		CreateAndSetChildDomain (100ms)
	RebuildCommonClasses (18ms)
	RebuildNativeTypeToScriptingClass (30ms)
	initialDomainReloadingComplete (102ms)
	LoadAllAssembliesAndSetupDomain (776ms)
		LoadAssemblies (590ms)
		TypeCache.Refresh (50ms)
		AnalyzeDomain (18ms)
			ResolveRequiredComponents (11ms)
	FinalizeReload (1318ms)
		SetupLoadedEditorAssemblies (0ms)
			LogAssemblyErrors (3ms)
			InitializePlatformSupportModulesInManaged (5ms)
			BeforeProcessingInitializeOnLoad (211ms)
			ProcessInitializeOnLoadAttributes (430ms)
			ProcessInitializeOnLoadMethodAttributes (171ms)
			AfterProcessingInitializeOnLoad (10ms)
			EditorAssembliesLoaded (3ms)
		AwakeInstancesAfterBackupRestoration (42ms)
Refreshing native plugins compatible for Editor in 4.38 ms, found 5 plugins.
Unloading 24 Unused Serialized files (Serialized files now loaded: 0)
Unloading 6986 unused Assets / (6.1 MB). Loaded Objects now: 8095.
Memory consumption went from 500.2 MB to 494.0 MB.
Total: 14.249400 ms (FindLiveObjects: 1.528600 ms CreateObjectMapping: 0.500300 ms MarkObjects: 9.711000 ms  DeleteObjects: 2.172700 ms)

Prepare: number of updated asset objects reloaded= 0
========================================================================
Received Prepare
AcceleratorClientConnectionCallback - disconnected - :0
[Licensing::Client] Successfully resolved entitlement details
Begin MonoManager ReloadAssembly
'Packages/com.unity.render-pipelines.core/Editor/Deprecated.cs' contains partial class of Unity.Object, exactly 1 of the partial classes needs to be in a file with the same filename. This is to know the one that can be referenced from ie. GameObjects
'Packages/com.unity.render-pipelines.core/Editor/Deprecated.cs' contains partial class of Unity.Object, exactly 1 of the partial classes needs to be in a file with the same filename. This is to know the one that can be referenced from ie. GameObjects
Refreshing native plugins compatible for Editor in 3.61 ms, found 5 plugins.
Native extension for WindowsStandalone target not found
Native extension for WebGL target not found
[Package Manager] Failed to launch server process. Reason: Unity was launched with the -noUpm command-line argument
[Package Manager] Unable to send message (not connected to server process).
[Package Manager] Cannot connect to Unity Package Manager local server
[Package Manager] Failed to launch server process. Reason: Unity was launched with the -noUpm command-line argument
[Package Manager] Unable to send message (not connected to server process).
[Package Manager] Cannot connect to Unity Package Manager local server
ScheduleIndexationOnStartup MainProcess:False IndexOnStartup:True
Scripting: successfully reloaded assembly
- Finished resetting the current domain, in  1.478 seconds
Domain Reload Profiling: 3125ms
	BeginReloadAssembly (526ms)
		DisableScriptedObjects (35ms)
		CreateAndSetChildDomain (110ms)
	RebuildCommonClasses (20ms)
	RebuildNativeTypeToScriptingClass (43ms)
	initialDomainReloadingComplete (174ms)
	LoadAllAssembliesAndSetupDomain (881ms)
		LoadAssemblies (714ms)
		TypeCache.Refresh (14ms)
		AnalyzeDomain (21ms)
			ResolveRequiredComponents (13ms)
	FinalizeReload (1480ms)
		SetupLoadedEditorAssemblies (0ms)
			LogAssemblyErrors (4ms)
			InitializePlatformSupportModulesInManaged (5ms)
			BeforeProcessingInitializeOnLoad (255ms)
			ProcessInitializeOnLoadAttributes (489ms)
			ProcessInitializeOnLoadMethodAttributes (172ms)
			AfterProcessingInitializeOnLoad (15ms)
			EditorAssembliesLoaded (3ms)
		AwakeInstancesAfterBackupRestoration (45ms)
Refreshing native plugins compatible for Editor in 3.93 ms, found 5 plugins.
Unloading 24 Unused Serialized files (Serialized files now loaded: 0)
Unloading 6986 unused Assets / (6.1 MB). Loaded Objects now: 8098.
Memory consumption went from 505.5 MB to 499.4 MB.
Total: 16.291400 ms (FindLiveObjects: 1.627100 ms CreateObjectMapping: 0.682400 ms MarkObjects: 10.849000 ms  DeleteObjects: 2.767100 ms)

Prepare: number of updated asset objects reloaded= 0
========================================================================
Received Prepare
AcceleratorClientConnectionCallback - disconnected - :0
[Licensing::Client] Successfully resolved entitlement details
Begin MonoManager ReloadAssembly
'Packages/com.unity.render-pipelines.core/Editor/Deprecated.cs' contains partial class of Unity.Object, exactly 1 of the partial classes needs to be in a file with the same filename. This is to know the one that can be referenced from ie. GameObjects
'Packages/com.unity.render-pipelines.core/Editor/Deprecated.cs' contains partial class of Unity.Object, exactly 1 of the partial classes needs to be in a file with the same filename. This is to know the one that can be referenced from ie. GameObjects
Refreshing native plugins compatible for Editor in 3.96 ms, found 5 plugins.
Native extension for WindowsStandalone target not found
Native extension for WebGL target not found
[Package Manager] Failed to launch server process. Reason: Unity was launched with the -noUpm command-line argument
[Package Manager] Unable to send message (not connected to server process).
[Package Manager] Cannot connect to Unity Package Manager local server
[Package Manager] Failed to launch server process. Reason: Unity was launched with the -noUpm command-line argument
[Package Manager] Unable to send message (not connected to server process).
[Package Manager] Cannot connect to Unity Package Manager local server
ScheduleIndexationOnStartup MainProcess:False IndexOnStartup:True
Scripting: successfully reloaded assembly
- Finished resetting the current domain, in  1.381 seconds
Domain Reload Profiling: 2717ms
	BeginReloadAssembly (445ms)
		DisableScriptedObjects (32ms)
		CreateAndSetChildDomain (104ms)
	RebuildCommonClasses (17ms)
	RebuildNativeTypeToScriptingClass (29ms)
	initialDomainReloadingComplete (105ms)
	LoadAllAssembliesAndSetupDomain (737ms)
		LoadAssemblies (586ms)
		TypeCache.Refresh (9ms)
		AnalyzeDomain (17ms)
			ResolveRequiredComponents (13ms)
	FinalizeReload (1383ms)
		SetupLoadedEditorAssemblies (0ms)
			LogAssemblyErrors (3ms)
			InitializePlatformSupportModulesInManaged (4ms)
			BeforeProcessingInitializeOnLoad (207ms)
			ProcessInitializeOnLoadAttributes (509ms)
			ProcessInitializeOnLoadMethodAttributes (163ms)
			AfterProcessingInitializeOnLoad (12ms)
			EditorAssembliesLoaded (3ms)
		AwakeInstancesAfterBackupRestoration (42ms)
Refreshing native plugins compatible for Editor in 4.52 ms, found 5 plugins.
Unloading 24 Unused Serialized files (Serialized files now loaded: 0)
Unloading 6986 unused Assets / (6.1 MB). Loaded Objects now: 8101.
Memory consumption went from 510.5 MB to 504.4 MB.
Total: 15.708800 ms (FindLiveObjects: 1.542200 ms CreateObjectMapping: 0.395000 ms MarkObjects: 10.580000 ms  DeleteObjects: 2.856100 ms)

Prepare: number of updated asset objects reloaded= 0
========================================================================
Received Prepare
AcceleratorClientConnectionCallback - disconnected - :0
Refreshing native plugins compatible for Editor in 3.54 ms, found 5 plugins.
Unloading 24 Unused Serialized files (Serialized files now loaded: 0)
Unloading 24 unused Assets / (2.9 MB). Loaded Objects now: 8101.
Memory consumption went from 508.7 MB to 505.7 MB.
Total: 16.079400 ms (FindLiveObjects: 1.358700 ms CreateObjectMapping: 0.274600 ms MarkObjects: 13.379500 ms  DeleteObjects: 0.732100 ms)

Prepare: number of updated asset objects reloaded= 0
Editor requested this worker to shutdown with reason: Editor is closing down
AcceleratorClientConnectionCallback - disconnected - :0
AssetImportWorker is now disconnected from the server
Process exiting
[ExitDontLaunchBugReporter] Exiting without the bug reporter. Application will exit with return code 0
