VBCSCompilerPreWarmer: pre-warm launched (dotnet PID 19144)
VBCSCompiler prewarm took 41.56 ms
[Licensing::Module] Trying to connect to existing licensing client channel...
[Licensing::IpcConnector] Successfully connected to: "LicenseClient-Admin" at "2026-09-29T16:12:44.8358449Z"
Built from '6000.6/staging' branch; Version is '6000.6.2f1 (770e33f6875c) revision 7802419'; Using compiler version '194234433'; Build Type 'Release'
OS: 'Windows 11  (10.0.26200) Professional' Language: 'pt' Physical Memory: 15599 MB
BatchMode: 0, IsHumanControllingUs: 1, StartBugReporterOnCrash: 1, Is64bit: 1
System  architecture: x64
Process architecture: x64
Date: 2026-09-29T16:12:44Z
[Licensing::Client] Code 10 while verifying Licensing Client signature (process Id: 3212, path: "C:/Program Files/Unity Hub/UnityLicensingClient_V1/Unity.Licensing.Client.exe")
[Licensing::Module] LicensingClient has failed validation; ignoring
[Licensing::Client] Handshaking with LicensingClient:
  Version:                 1.18.3+d7ffd15
  Session Id:              b808424fee714544a18a646a362e5ece
  Correlation Id:          abb33a515e47cf5b0019d38f05d717c2
  External correlation Id: 3798179020577822099
  Machine Id:              DRE5l/6IiHEkVscQ3l3l7xFSnv4=
[Licensing::Module] Successfully connected to LicensingClient on channel: "LicenseClient-Admin" (connect: 0.00s, validation: 0.00s, handshake: 0.10s)
[Licensing::IpcConnector] Successfully connected to: "LicenseClient-Admin-notifications" at "2026-09-29T16:12:44.9435035Z"
[Licensing::Client] Successfully updated the access token
[Licensing::Module] Successfully updated the access token r7MxIvslzc...
[Licensing::Client] Successfully resolved entitlement details
[Licensing::Module] License group:
  Id: 6872893522235-UnityPersXXXX
  Product: Unity Personal
  Type: Assigned
  Expiration: Unlimited
[Licensing::Client] Successfully updated license, isAsync: True, time: 0.02
[Licensing::Client] Successfully resolved entitlement details
[Licensing::Module] Licensing Background thread has ended after 0.16s

COMMAND LINE ARGUMENTS:
C:\Program Files\Unity\Hub\Editor\6000.6.2f1\Editor\Unity.exe
-projectpath
C:\Users\Admin\Documents\Trabalho IPS\Desin de programacao de jogo\DPJ_Lab01\DPJ_Lab01_Base
-acceptSoftwareTermsForThisRunOnly
-useHub
-hubIPC
-cloudEnvironment
production
-licensingIpc
LicenseClient-Admin
-hubSessionId
efb0a8d9-82a0-402a-98f2-19a5efe88b53
-accessToken
r7MxIvslzcwVsev8owQCAVHBxNP2JGaEbQSglHB8lPA006f
Successfully changed project path to: C:\Users\Admin\Documents\Trabalho IPS\Desin de programacao de jogo\DPJ_Lab01\DPJ_Lab01_Base
C:/Users/Admin/Documents/Trabalho IPS/Desin de programacao de jogo/DPJ_Lab01/DPJ_Lab01_Base
[UnityMemory] Configuration Parameters - Can be set up in boot.config
    "memorysetup-temp-allocator-size-gi-baking-worker=262144"
    "memorysetup-temp-allocator-size-gi-baking-worker=262144"
    "memorysetup-temp-allocator-size-gi-baking-worker=262144"
    "memorysetup-temp-allocator-size-gi-baking-worker=262144"
    "memorysetup-temp-allocator-size-gi-baking-worker=262144"
    "memorysetup-temp-allocator-size-nav-mesh-worker=65536"
    "memorysetup-temp-allocator-size-audio-worker=65536"
    "memorysetup-temp-allocator-size-cloud-worker=32768"
    "memorysetup-temp-allocator-size-gfx=262144"
    "memorysetup-remapper-allocator-initial-capacity=32768"
    "memorysetup-temp-allocator-size-preload-manager=33554432"
    "memorysetup-allocator-temp-initial-block-size-main=262144"
    "memorysetup-allocator-temp-initial-block-size-worker=262144"
    "memorysetup-temp-allocator-size-job-worker=262144"
    "memorysetup-temp-allocator-size-background-worker=32768"
    "memorysetup-bucket-allocator-granularity=16"
    "memorysetup-bucket-allocator-bucket-count=8"
    "memorysetup-bucket-allocator-block-size=33554432"
    "memorysetup-bucket-allocator-block-count=8"
    "memorysetup-main-allocator-block-size=16777216"
    "memorysetup-thread-allocator-block-size=16777216"
    "memorysetup-main-allocator-mimalloc-enabled=1"
    "memorysetup-gfx-main-allocator-block-size=16777216"
    "memorysetup-gfx-thread-allocator-block-size=16777216"
    "memorysetup-cache-allocator-block-size=4194304"
    "memorysetup-typetree-allocator-block-size=2097152"
    "memorysetup-profiler-bucket-allocator-granularity=16"
    "memorysetup-profiler-bucket-allocator-bucket-count=8"
    "memorysetup-profiler-bucket-allocator-block-size=33554432"
    "memorysetup-profiler-bucket-allocator-block-count=8"
    "memorysetup-profiler-allocator-block-size=16777216"
    "memorysetup-profiler-editor-allocator-block-size=1048576"
    "memorysetup-temp-allocator-size-main=16777216"
    "memorysetup-job-temp-allocator-block-size=2097152"
    "memorysetup-job-temp-allocator-block-size-background=1048576"
    "memorysetup-job-temp-allocator-reduction-small-platforms=262144"
Player connection [22812]  Target information:

Player connection [22812]  * "[IP] 192.168.1.88 [Port] 55504 [Flags] 2 [Guid] 4070739910 [EditorId] 4070739910 [Version] 1048832 [Id] WindowsEditor(7,Brawl) [Debug] 1 [PackageName] WindowsEditor [ProjectName] Editor" 

Player connection [22812] Host joined multi-casting on [225.0.0.222:54997]...
Player connection [22812] Host joined alternative multi-casting on [225.0.0.222:34997]...
Input System module state changed to: Initialized.
[Physics::Module] Initialized fallback backend.
[Physics::Module] Id: 0xdecafbad
[Package Manager] Connected to IPC stream "Upm-21412" after 0.4 seconds.
[Licensing::Client] Successfully resolved entitlement details
Library Redirect Path: Library/
Initialising UDS system complete:
  - System type: Client
  - Resource namespace: 0ca478043790c031216a82234c11c58f
  - Shared memory size: 1073741824
  - Command buffer id: 1052576
  - Command buffer size: 8192
  - Hashmap size: 4194304
  - Service connected: false
Launching Unity Data Store - C:/Program Files/Unity/Hub/Editor/6000.6.2f1/Editor/Data/Tools/Unity.DataStore.exe 
Unity Data Store artifact dir = Library/DataStore, working dir = C:/Users/Admin/Documents/Trabalho IPS/Desin de programacao de jogo/DPJ_Lab01/DPJ_Lab01_Base[Physics::Module] Selected backend.
[Physics::Module] Name: PhysX
[Physics::Module] Id: 0xf2b8ea05
[Physics::Module] SDK Version: 4.1.2
[Physics::Module] Integration Version: 1.0.0
[Physics::Module] Threading Mode: Multi-Threaded
Unity Data Store running and initialised
Refreshing native plugins compatible for Editor in 3.01 ms, found 0 plugins.
Initialize engine version: 6000.6.2f1 (770e33f6875c)
[EntityIdStore] init: VM path (explicit commit), pageSize=4096, blockCount=1048576, entitiesPerBlock=256, slots reserved=4294967296 bytes
[Subsystems] Discovering subsystems at path C:/Program Files/Unity/Hub/Editor/6000.6.2f1/Editor/Data/Resources/UnitySubsystems
[Subsystems] Discovering subsystems at path C:/Users/Admin/Documents/Trabalho IPS/Desin de programacao de jogo/DPJ_Lab01/DPJ_Lab01_Base/Assets
GfxDevice: creating device client; kGfxThreadingModeThreaded
Direct3D:
    Version:  Direct3D 11.0 [level 11.1]
    Renderer: NVIDIA GeForce RTX 3050 6GB Laptop GPU (ID=0x25ac)
    Vendor:   NVIDIA
    VRAM:     6001 MB
    Driver:   32.0.16.1664
Initialize mono
Mono path[0] = 'C:/Program Files/Unity/Hub/Editor/6000.6.2f1/Editor/Data/Managed'
Mono path[1] = 'C:/Program Files/Unity/Hub/Editor/6000.6.2f1/Editor/Data/BCLExtensions/runtime/netstandard2.1'
Mono path[2] = 'C:/Program Files/Unity/Hub/Editor/6000.6.2f1/Editor/Data/MonoBleedingEdge/lib/mono/unityjit-win32'
Mono config path = 'C:/Program Files/Unity/Hub/Editor/6000.6.2f1/Editor/Data/MonoBleedingEdge/etc'
Using monoOptions --debugger-agent=transport=dt_socket,embedding=1,server=y,suspend=n,address=127.0.0.1:56412
CodeReloadManager initialized
ImportWorker Server TCP listen port: 0
AcceleratorClientConnectionCallback - disconnected - :0
Begin MonoManager ReloadAssembly
Registering precompiled unity dll's ...
Register platform support module: C:/Program Files/Unity/Hub/Editor/6000.6.2f1/Editor/Data/PlaybackEngines/WebGLSupport/UnityEditor.WebGL.Extensions.dll
Register platform support module: C:/Program Files/Unity/Hub/Editor/6000.6.2f1/Editor/Data/PlaybackEngines/WindowsStandaloneSupport/UnityEditor.WindowsStandalone.Extensions.dll
Registered in 0.680713 seconds.
Native extension for WindowsStandalone target not found
Native extension for WebGL target not found
Package Manager log level set to [2]
ScheduleIndexationOnStartup MainProcess:False IndexOnStartup:True
Scripting: successfully reloaded assembly
- Finished resetting the current domain, in  5.099 seconds
Domain Reload Profiling: 9515ms
	BeginReloadAssembly (504ms)
		CreateAndSetChildDomain (14ms)
	RebuildCommonClasses (11ms)
	RebuildNativeTypeToScriptingClass (343ms)
	initialDomainReloadingComplete (1023ms)
	LoadAllAssembliesAndSetupDomain (2532ms)
		LoadAssemblies (493ms)
		TypeCache.Refresh (2305ms)
			TypeCache.ScanAssembly (1891ms)
		AnalyzeDomain (3ms)
	FinalizeReload (5101ms)
		SetupLoadedEditorAssemblies (0ms)
			LogAssemblyErrors (4ms)
			InitializePlatformSupportModulesInManaged (7ms)
			BeforeProcessingInitializeOnLoad (207ms)
			ProcessInitializeOnLoadAttributes (213ms)
			ProcessInitializeOnLoadMethodAttributes (3363ms)
[Licensing::Client] Successfully resolved entitlement details
Application.AssetDatabase Initial Refresh Start
[Package Manager] Restoring resolved packages state from cache
[Licensing::Client] Successfully resolved entitlement details
[Package Manager] Registered 70 packages:
  Packages from [https://packages.unity.com]:
    com.unity.collab-proxy@2.13.6 (location: C:\Users\Admin\Documents\Trabalho IPS\Desin de programacao de jogo\DPJ_Lab01\DPJ_Lab01_Base\Library\PackageCache\com.unity.collab-proxy@4628d2ba6ea4)
    com.unity.ide.rider@3.0.39 (location: C:\Users\Admin\Documents\Trabalho IPS\Desin de programacao de jogo\DPJ_Lab01\DPJ_Lab01_Base\Library\PackageCache\com.unity.ide.rider@4504839d03f7)
    com.unity.ide.visualstudio@2.0.26 (location: C:\Users\Admin\Documents\Trabalho IPS\Desin de programacao de jogo\DPJ_Lab01\DPJ_Lab01_Base\Library\PackageCache\com.unity.ide.visualstudio@a99d56dec63f)
    com.unity.visualscripting@1.9.12 (location: C:\Users\Admin\Documents\Trabalho IPS\Desin de programacao de jogo\DPJ_Lab01\DPJ_Lab01_Base\Library\PackageCache\com.unity.visualscripting@4edfcc09512f)
    com.unity.profiling.core@1.0.3 (location: C:\Users\Admin\Documents\Trabalho IPS\Desin de programacao de jogo\DPJ_Lab01\DPJ_Lab01_Base\Library\PackageCache\com.unity.profiling.core@8a49f7027d06)
    com.unity.2d.animation@16.0.1 (location: C:\Users\Admin\Documents\Trabalho IPS\Desin de programacao de jogo\DPJ_Lab01\DPJ_Lab01_Base\Library\PackageCache\com.unity.2d.animation@899988b542b9)
    com.unity.2d.pixel-perfect@6.0.0 (location: C:\Users\Admin\Documents\Trabalho IPS\Desin de programacao de jogo\DPJ_Lab01\DPJ_Lab01_Base\Library\PackageCache\com.unity.2d.pixel-perfect@a860cb24a0cc)
    com.unity.2d.psdimporter@15.0.1 (location: C:\Users\Admin\Documents\Trabalho IPS\Desin de programacao de jogo\DPJ_Lab01\DPJ_Lab01_Base\Library\PackageCache\com.unity.2d.psdimporter@e02a9153d8d9)
    com.unity.2d.spriteshape@16.0.0 (location: C:\Users\Admin\Documents\Trabalho IPS\Desin de programacao de jogo\DPJ_Lab01\DPJ_Lab01_Base\Library\PackageCache\com.unity.2d.spriteshape@42798c9d35d3)
    com.unity.2d.tilemap.extras@9.0.1 (location: C:\Users\Admin\Documents\Trabalho IPS\Desin de programacao de jogo\DPJ_Lab01\DPJ_Lab01_Base\Library\PackageCache\com.unity.2d.tilemap.extras@9446f3c60919)
    com.unity.2d.aseprite@6.0.0 (location: C:\Users\Admin\Documents\Trabalho IPS\Desin de programacao de jogo\DPJ_Lab01\DPJ_Lab01_Base\Library\PackageCache\com.unity.2d.aseprite@ab909e3e9b5f)
    com.unity.2d.tooling@4.0.1 (location: C:\Users\Admin\Documents\Trabalho IPS\Desin de programacao de jogo\DPJ_Lab01\DPJ_Lab01_Base\Library\PackageCache\com.unity.2d.tooling@4e93af4036ee)
    com.unity.nuget.mono-cecil@1.11.6 (location: C:\Users\Admin\Documents\Trabalho IPS\Desin de programacao de jogo\DPJ_Lab01\DPJ_Lab01_Base\Library\PackageCache\com.unity.nuget.mono-cecil@ecb9724e46ff)
    com.unity.searcher@4.9.5 (location: C:\Users\Admin\Documents\Trabalho IPS\Desin de programacao de jogo\DPJ_Lab01\DPJ_Lab01_Base\Library\PackageCache\com.unity.searcher@a463122f2c00)
    com.unity.2d.common@15.0.0 (location: C:\Users\Admin\Documents\Trabalho IPS\Desin de programacao de jogo\DPJ_Lab01\DPJ_Lab01_Base\Library\PackageCache\com.unity.2d.common@b779c433ed47)
  Built-in packages:
    com.unity.feature.2d@2.0.2 (location: C:\Users\Admin\Documents\Trabalho IPS\Desin de programacao de jogo\DPJ_Lab01\DPJ_Lab01_Base\Library\PackageCache\com.unity.feature.2d@11724ae7e5b5)
    com.unity.multiplayer.center@2.0.1 (location: C:\Users\Admin\Documents\Trabalho IPS\Desin de programacao de jogo\DPJ_Lab01\DPJ_Lab01_Base\Library\PackageCache\com.unity.multiplayer.center@549886182930)
    com.unity.render-pipelines.universal@17.6.0 (location: C:\Users\Admin\Documents\Trabalho IPS\Desin de programacao de jogo\DPJ_Lab01\DPJ_Lab01_Base\Library\PackageCache\com.unity.render-pipelines.universal@1e1cf3dcbd40)
    com.unity.test-framework@1.8.0 (location: C:\Users\Admin\Documents\Trabalho IPS\Desin de programacao de jogo\DPJ_Lab01\DPJ_Lab01_Base\Library\PackageCache\com.unity.test-framework@7a3849e09bd0)
    com.unity.timeline@6.6.0 (location: C:\Users\Admin\Documents\Trabalho IPS\Desin de programacao de jogo\DPJ_Lab01\DPJ_Lab01_Base\Library\PackageCache\com.unity.timeline@c56d56b0070b)
    com.unity.ugui@2.6.0 (location: C:\Users\Admin\Documents\Trabalho IPS\Desin de programacao de jogo\DPJ_Lab01\DPJ_Lab01_Base\Library\PackageCache\com.unity.ugui@0f30cee369f3)
    com.unity.modules.accessibility@1.0.0 (location: C:\Users\Admin\Documents\Trabalho IPS\Desin de programacao de jogo\DPJ_Lab01\DPJ_Lab01_Base\Library\PackageCache\com.unity.modules.accessibility)
    com.unity.modules.adaptiveperformance@1.0.0 (location: C:\Users\Admin\Documents\Trabalho IPS\Desin de programacao de jogo\DPJ_Lab01\DPJ_Lab01_Base\Library\PackageCache\com.unity.modules.adaptiveperformance)
    com.unity.modules.ai@1.0.0 (location: C:\Users\Admin\Documents\Trabalho IPS\Desin de programacao de jogo\DPJ_Lab01\DPJ_Lab01_Base\Library\PackageCache\com.unity.modules.ai)
    com.unity.modules.androidjni@1.0.0 (location: C:\Users\Admin\Documents\Trabalho IPS\Desin de programacao de jogo\DPJ_Lab01\DPJ_Lab01_Base\Library\PackageCache\com.unity.modules.androidjni)
    com.unity.modules.animation@1.0.0 (location: C:\Users\Admin\Documents\Trabalho IPS\Desin de programacao de jogo\DPJ_Lab01\DPJ_Lab01_Base\Library\PackageCache\com.unity.modules.animation)
    com.unity.modules.assetbundle@1.0.0 (location: C:\Users\Admin\Documents\Trabalho IPS\Desin de programacao de jogo\DPJ_Lab01\DPJ_Lab01_Base\Library\PackageCache\com.unity.modules.assetbundle)
    com.unity.modules.audio@1.0.0 (location: C:\Users\Admin\Documents\Trabalho IPS\Desin de programacao de jogo\DPJ_Lab01\DPJ_Lab01_Base\Library\PackageCache\com.unity.modules.audio)
    com.unity.modules.cloth@1.0.0 (location: C:\Users\Admin\Documents\Trabalho IPS\Desin de programacao de jogo\DPJ_Lab01\DPJ_Lab01_Base\Library\PackageCache\com.unity.modules.cloth)
    com.unity.modules.director@1.0.0 (location: C:\Users\Admin\Documents\Trabalho IPS\Desin de programacao de jogo\DPJ_Lab01\DPJ_Lab01_Base\Library\PackageCache\com.unity.modules.director)
    com.unity.modules.imageconversion@1.0.0 (location: C:\Users\Admin\Documents\Trabalho IPS\Desin de programacao de jogo\DPJ_Lab01\DPJ_Lab01_Base\Library\PackageCache\com.unity.modules.imageconversion)
    com.unity.modules.imgui@1.0.0 (location: C:\Users\Admin\Documents\Trabalho IPS\Desin de programacao de jogo\DPJ_Lab01\DPJ_Lab01_Base\Library\PackageCache\com.unity.modules.imgui)
    com.unity.modules.jsonserialize@1.0.0 (location: C:\Users\Admin\Documents\Trabalho IPS\Desin de programacao de jogo\DPJ_Lab01\DPJ_Lab01_Base\Library\PackageCache\com.unity.modules.jsonserialize)
    com.unity.modules.particlesystem@1.0.0 (location: C:\Users\Admin\Documents\Trabalho IPS\Desin de programacao de jogo\DPJ_Lab01\DPJ_Lab01_Base\Library\PackageCache\com.unity.modules.particlesystem)
    com.unity.modules.physics@1.0.0 (location: C:\Users\Admin\Documents\Trabalho IPS\Desin de programacao de jogo\DPJ_Lab01\DPJ_Lab01_Base\Library\PackageCache\com.unity.modules.physics)
    com.unity.modules.physics2d@1.0.0 (location: C:\Users\Admin\Documents\Trabalho IPS\Desin de programacao de jogo\DPJ_Lab01\DPJ_Lab01_Base\Library\PackageCache\com.unity.modules.physics2d)
    com.unity.modules.physicscore2d@1.0.0 (location: C:\Users\Admin\Documents\Trabalho IPS\Desin de programacao de jogo\DPJ_Lab01\DPJ_Lab01_Base\Library\PackageCache\com.unity.modules.physicscore2d)
    com.unity.modules.screencapture@1.0.0 (location: C:\Users\Admin\Documents\Trabalho IPS\Desin de programacao de jogo\DPJ_Lab01\DPJ_Lab01_Base\Library\PackageCache\com.unity.modules.screencapture)
    com.unity.modules.terrain@1.0.0 (location: C:\Users\Admin\Documents\Trabalho IPS\Desin de programacao de jogo\DPJ_Lab01\DPJ_Lab01_Base\Library\PackageCache\com.unity.modules.terrain)
    com.unity.modules.terrainphysics@1.0.0 (location: C:\Users\Admin\Documents\Trabalho IPS\Desin de programacao de jogo\DPJ_Lab01\DPJ_Lab01_Base\Library\PackageCache\com.unity.modules.terrainphysics)
    com.unity.modules.tetgen@1.0.0 (location: C:\Users\Admin\Documents\Trabalho IPS\Desin de programacao de jogo\DPJ_Lab01\DPJ_Lab01_Base\Library\PackageCache\com.unity.modules.tetgen)
    com.unity.modules.tilemap@1.0.0 (location: C:\Users\Admin\Documents\Trabalho IPS\Desin de programacao de jogo\DPJ_Lab01\DPJ_Lab01_Base\Library\PackageCache\com.unity.modules.tilemap)
    com.unity.modules.timelinefoundation@1.0.0 (location: C:\Users\Admin\Documents\Trabalho IPS\Desin de programacao de jogo\DPJ_Lab01\DPJ_Lab01_Base\Library\PackageCache\com.unity.modules.timelinefoundation)
    com.unity.modules.ui@1.0.0 (location: C:\Users\Admin\Documents\Trabalho IPS\Desin de programacao de jogo\DPJ_Lab01\DPJ_Lab01_Base\Library\PackageCache\com.unity.modules.ui)
    com.unity.modules.uielements@1.0.0 (location: C:\Users\Admin\Documents\Trabalho IPS\Desin de programacao de jogo\DPJ_Lab01\DPJ_Lab01_Base\Library\PackageCache\com.unity.modules.uielements)
    com.unity.modules.umbra@1.0.0 (location: C:\Users\Admin\Documents\Trabalho IPS\Desin de programacao de jogo\DPJ_Lab01\DPJ_Lab01_Base\Library\PackageCache\com.unity.modules.umbra)
    com.unity.modules.unityanalytics@1.0.0 (location: C:\Users\Admin\Documents\Trabalho IPS\Desin de programacao de jogo\DPJ_Lab01\DPJ_Lab01_Base\Library\PackageCache\com.unity.modules.unityanalytics)
    com.unity.modules.unitywebrequest@1.0.0 (location: C:\Users\Admin\Documents\Trabalho IPS\Desin de programacao de jogo\DPJ_Lab01\DPJ_Lab01_Base\Library\PackageCache\com.unity.modules.unitywebrequest)
    com.unity.modules.unitywebrequestassetbundle@1.0.0 (location: C:\Users\Admin\Documents\Trabalho IPS\Desin de programacao de jogo\DPJ_Lab01\DPJ_Lab01_Base\Library\PackageCache\com.unity.modules.unitywebrequestassetbundle)
    com.unity.modules.unitywebrequestaudio@1.0.0 (location: C:\Users\Admin\Documents\Trabalho IPS\Desin de programacao de jogo\DPJ_Lab01\DPJ_Lab01_Base\Library\PackageCache\com.unity.modules.unitywebrequestaudio)
    com.unity.modules.unitywebrequesttexture@1.0.0 (location: C:\Users\Admin\Documents\Trabalho IPS\Desin de programacao de jogo\DPJ_Lab01\DPJ_Lab01_Base\Library\PackageCache\com.unity.modules.unitywebrequesttexture)
    com.unity.modules.unitywebrequestwww@1.0.0 (location: C:\Users\Admin\Documents\Trabalho IPS\Desin de programacao de jogo\DPJ_Lab01\DPJ_Lab01_Base\Library\PackageCache\com.unity.modules.unitywebrequestwww)
    com.unity.modules.vectorgraphics@1.0.0 (location: C:\Users\Admin\Documents\Trabalho IPS\Desin de programacao de jogo\DPJ_Lab01\DPJ_Lab01_Base\Library\PackageCache\com.unity.modules.vectorgraphics)
    com.unity.modules.vehicles@1.0.0 (location: C:\Users\Admin\Documents\Trabalho IPS\Desin de programacao de jogo\DPJ_Lab01\DPJ_Lab01_Base\Library\PackageCache\com.unity.modules.vehicles)
    com.unity.modules.video@1.0.0 (location: C:\Users\Admin\Documents\Trabalho IPS\Desin de programacao de jogo\DPJ_Lab01\DPJ_Lab01_Base\Library\PackageCache\com.unity.modules.video)
    com.unity.modules.wind@1.0.0 (location: C:\Users\Admin\Documents\Trabalho IPS\Desin de programacao de jogo\DPJ_Lab01\DPJ_Lab01_Base\Library\PackageCache\com.unity.modules.wind)
    com.unity.modules.xr@1.0.0 (location: C:\Users\Admin\Documents\Trabalho IPS\Desin de programacao de jogo\DPJ_Lab01\DPJ_Lab01_Base\Library\PackageCache\com.unity.modules.xr)
    com.unity.render-pipelines.core@17.6.0 (location: C:\Users\Admin\Documents\Trabalho IPS\Desin de programacao de jogo\DPJ_Lab01\DPJ_Lab01_Base\Library\PackageCache\com.unity.render-pipelines.core@a14850be21a6)
    com.unity.burst@2.0.0 (location: C:\Users\Admin\Documents\Trabalho IPS\Desin de programacao de jogo\DPJ_Lab01\DPJ_Lab01_Base\Library\PackageCache\com.unity.burst@626e66ab421b)
    com.unity.collections@6.6.0 (location: C:\Users\Admin\Documents\Trabalho IPS\Desin de programacao de jogo\DPJ_Lab01\DPJ_Lab01_Base\Library\PackageCache\com.unity.collections@10fff0607388)
    com.unity.modules.subsystems@1.0.0 (location: C:\Users\Admin\Documents\Trabalho IPS\Desin de programacao de jogo\DPJ_Lab01\DPJ_Lab01_Base\Library\PackageCache\com.unity.modules.subsystems)
    com.unity.modules.hierarchycore@1.0.0 (location: C:\Users\Admin\Documents\Trabalho IPS\Desin de programacao de jogo\DPJ_Lab01\DPJ_Lab01_Base\Library\PackageCache\com.unity.modules.hierarchycore)
    com.unity.ext.nunit@2.1.0 (location: C:\Users\Admin\Documents\Trabalho IPS\Desin de programacao de jogo\DPJ_Lab01\DPJ_Lab01_Base\Library\PackageCache\com.unity.ext.nunit@0198eae3b53e)
    com.unity.shadergraph@17.6.0 (location: C:\Users\Admin\Documents\Trabalho IPS\Desin de programacao de jogo\DPJ_Lab01\DPJ_Lab01_Base\Library\PackageCache\com.unity.shadergraph@96a7923f6bed)
    com.unity.render-pipelines.universal-config@17.6.0 (location: C:\Users\Admin\Documents\Trabalho IPS\Desin de programacao de jogo\DPJ_Lab01\DPJ_Lab01_Base\Library\PackageCache\com.unity.render-pipelines.universal-config@561422b74439)
    com.unity.2d.sprite@1.0.0 (location: C:\Users\Admin\Documents\Trabalho IPS\Desin de programacao de jogo\DPJ_Lab01\DPJ_Lab01_Base\Library\PackageCache\com.unity.2d.sprite@947350d67f82)
    com.unity.2d.tilemap@1.0.0 (location: C:\Users\Admin\Documents\Trabalho IPS\Desin de programacao de jogo\DPJ_Lab01\DPJ_Lab01_Base\Library\PackageCache\com.unity.2d.tilemap@2c6966496615)
    com.unity.test-framework.performance@6.6.0 (location: C:\Users\Admin\Documents\Trabalho IPS\Desin de programacao de jogo\DPJ_Lab01\DPJ_Lab01_Base\Library\PackageCache\com.unity.test-framework.performance@0a60b857a52e)
    com.unity.graph-authoring@1.0.0 (location: C:\Users\Admin\Documents\Trabalho IPS\Desin de programacao de jogo\DPJ_Lab01\DPJ_Lab01_Base\Library\PackageCache\com.unity.graph-authoring@cfd2588851ee)
    com.unity.mathematics@1.4.0 (location: C:\Users\Admin\Documents\Trabalho IPS\Desin de programacao de jogo\DPJ_Lab01\DPJ_Lab01_Base\Library\PackageCache\com.unity.mathematics@8306a64d0cd6)
[Subsystems] No new subsystems found in resolved package list.
[Package Manager] Done registering packages in 0.03 seconds
[ScriptCompilation] Requested script compilation because: AssetDatabase observed changes in script compilation related files
Starting: C:\Program Files\Unity\Hub\Editor\6000.6.2f1\Editor\Data\Tools\BuildPipeline\bee_backend.exe --ipc --defer-dag-verification --dagfile="Library/Bee/1900b0aE.dag" --continue-on-failure --profile="Library/Bee/backend1.traceevents" ScriptAssemblies
WorkingDir: C:/Users/Admin/Documents/Trabalho IPS/Desin de programacao de jogo/DPJ_Lab01/DPJ_Lab01_Base
warn: Unity.ILPP.Runner.PostProcessingAssemblyLoadContext[0]
      Assembly system.runtime.interopservices.windowsruntime has duplicate hint path. Ignoring "C:\Program Files\Unity\Hub\Editor\6000.6.2f1\Editor\Data\UnityReferenceAssemblies\unity-4.8-api\Facades\System.Runtime.InteropServices.WindowsRuntime.dll" in favor of "C:\Program Files\Unity\Hub\Editor\6000.6.2f1\Editor\Data\NetStandard\Extensions\2.0.0\System.Runtime.InteropServices.WindowsRuntime.dll"
warn: Unity.ILPP.Runner.PostProcessingAssemblyLoadContext[0]
      Assembly system.componentmodel.composition has duplicate hint path. Ignoring "C:\Program Files\Unity\Hub\Editor\6000.6.2f1\Editor\Data\UnityReferenceAssemblies\unity-4.8-api\System.ComponentModel.Composition.dll" in favor of "C:\Program Files\Unity\Hub\Editor\6000.6.2f1\Editor\Data\NetStandard\compat\2.1.0\shims\netfx\System.ComponentModel.Composition.dll"
ExitCode: 0 Duration: 4s269ms
[ 908/1180  0s] ILPP-Configuration Library/ilpp-configuration.nevergeneratedoutput
[1176/1180  0s] Csc Library/Bee/artifacts/1900b0aE.dag/Assembly-CSharp.dll (+2 others)
[1177/1180  2s] ILPostProcess Library/Bee/artifacts/1900b0aE.dag/post-processed/Assembly-CSharp.dll (+pdb)
Processing assembly Library/Bee/artifacts/1900b0aE.dag/Assembly-CSharp.dll, with 148 defines and 371 references

processors: Unity.Jobs.CodeGen.JobsILPostProcessor, zzzUnity.Burst.CodeGen.BurstILPostProcessor

1 processor(s) skipped this assembly

running Unity.Jobs.CodeGen.JobsILPostProcessor
[1178/1180  0s] CopyFiles Library/ScriptAssemblies/Assembly-CSharp.pdb
[1179/1180  0s] CopyFiles Library/ScriptAssemblies/Assembly-CSharp.dll
*** Tundra build success (4.14 seconds), 5 items updated, 1180 evaluated
AssetDatabase: script compilation time: 6.149080s
Begin MonoManager ReloadAssembly
Total cache size 68022760
Total cache size after purge 68022760, took 00:00:00.3616803
'Packages/com.unity.render-pipelines.core/Editor/Deprecated.cs' contains partial class of Unity.Object, exactly 1 of the partial classes needs to be in a file with the same filename. This is to know the one that can be referenced from ie. GameObjects
'Packages/com.unity.render-pipelines.core/Editor/Deprecated.cs' contains partial class of Unity.Object, exactly 1 of the partial classes needs to be in a file with the same filename. This is to know the one that can be referenced from ie. GameObjects
Refreshing native plugins compatible for Editor in 155.68 ms, found 5 plugins.
Native extension for WindowsStandalone target not found
Native extension for WebGL target not found
ScheduleIndexationOnStartup MainProcess:True IndexOnStartup:True
Scripting: successfully reloaded assembly
- Finished resetting the current domain, in  2.215 seconds
Domain Reload Profiling: 6289ms
	BeginReloadAssembly (485ms)
		DisableScriptedObjects (103ms)
		CreateAndSetChildDomain (81ms)
	RebuildCommonClasses (15ms)
	RebuildNativeTypeToScriptingClass (27ms)
	initialDomainReloadingComplete (111ms)
	LoadAllAssembliesAndSetupDomain (3435ms)
		LoadAssemblies (2882ms)
		TypeCache.Refresh (304ms)
			TypeCache.ScanAssembly (286ms)
		AnalyzeDomain (168ms)
			BuildScriptInfoCaches (147ms)
			ResolveRequiredComponents (18ms)
	FinalizeReload (2217ms)
		SetupLoadedEditorAssemblies (0ms)
			LogAssemblyErrors (6ms)
			InitializePlatformSupportModulesInManaged (3ms)
			BeforeProcessingInitializeOnLoad (227ms)
			ProcessInitializeOnLoadAttributes (674ms)
			ProcessInitializeOnLoadMethodAttributes (738ms)
			AfterProcessingInitializeOnLoad (18ms)
			EditorAssembliesLoaded (4ms)
		AwakeInstancesAfterBackupRestoration (64ms)
Starting new worker id: 0 with log in C:/Users/Admin/Documents/Trabalho IPS/Desin de programacao de jogo/DPJ_Lab01/DPJ_Lab01_Base/Logs/AssetImportWorkerHW0.log
Refreshing native plugins compatible for Editor in 4.44 ms, found 5 plugins.

Asset Pipeline Refresh (id=1d11c03771a5bee48b3b7b48908aa652): Total: 26.085 seconds - Initiated by InitialRefreshV2(ForceSynchronousImport)
	(Values over 0.05ms)
	Summary:
		Imports: total=0 (actual=0, local cache=0, cache server=0)
		Asset DB Process Time: managed=0 ms, native=15045 ms
		Asset DB Callback time: managed=505 ms, native=93 ms
		Scripting: domain reloads=1, domain reload time=4175 ms, compile time=6154 ms, other=110 ms
		Project Asset Count: scripts=1599, non-scripts=3352
		Asset File Changes: new=0, changed=2, moved=0, deleted=0
		Scan Filter Count: 0
	InvokePackagesCallback: 75.523ms
	ApplyChangesToAssetFolders: 1.541ms
	Scan: 354.307ms
	Collect global state as custom dependencies: 45.035ms
	OnSourceAssetsModified: 2.386ms
	CategorizeScriptCompilationAssets: 2600.900ms
	ProcessAssetsWithTransientArtifactChanges: 152.405ms
	CategorizeAssets: 147.006ms
	CompileScripts: 6153.553ms
	ImportOutOfDateAssets: 2444.867ms (2419.169ms without children)
		ReloadNativeAssets: 0.314ms
		UnloadImportedAssets: 1.167ms
		EnsureUptoDateAssetsAreRegisteredWithGuidPM: 1.734ms
		ImportSchedulerStart: 22.477ms
	PostProcessAllAssets: 513.766ms
		VCAutoAddAssetPostprocess 3.823ms
		PostProcessCallbackCreateDeferredMaterials 2.625ms
		XRBuildSystem.XRAssetImported 1.018ms
		MonoPostProcessAllAssets: 504.242ms
			AssetPostprocessor.OnPostprocessAllAssets 303.096ms
			StyleCatalogPostProcessor.OnPostprocessAllAssets 63.178ms
			UniversalRenderPipelineGlobalSettingsPostprocessor.OnPostprocessAllAssets 35.292ms
			BuilderAssetPostprocessor.OnPostprocessAllAssets 13.694ms
			AssetChangedListener.OnPostprocessAllAssets 11.470ms
			SyncVS.PostprocessSyncProject 8.699ms
			SpriteSlicePostprocessor.OnPostprocessAllAssets 6.021ms
			WindowAssetPostprocessingWatcher.OnPostprocessAllAssets 4.601ms
			SpeedTree9Postprocessor.OnPostprocessAllAssets 3.717ms
			ShaderGraphAssetPostProcessor.OnPostprocessAllAssets 3.583ms
			RetainedModeAssetPostprocessor.OnPostprocessAllAssets 2.687ms
			EditModeScopePostprocessor.OnPostprocessAllAssets 1.643ms
			MaterialPostprocessor.OnPostprocessAllAssets 1.634ms
			RenderPipelineGlobalSettingsPostprocessor.OnPostprocessAllAssets 1.581ms
			ArtifactBrowserPostProcessor.OnPostprocessAllAssets 1.309ms
			SpriteEditorTexturePostprocessor.OnPostprocessAllAssets 1.246ms
			SpriteShapeAssetPostProcessor.OnPostprocessAllAssets 1.092ms
			ShaderReflectionAssetPostProcessor.OnPostprocessAllAssets 1.085ms
			AudioMixerPostprocessor.OnPostprocessAllAssets 0.871ms
			UVCSAssetPostprocessor.OnPostprocessAllAssets 0.853ms
			AssetProcessor.OnPostprocessAllAssets 0.812ms
			TextAssetPostProcessor.OnPostprocessAllAssets 0.722ms
			ReferencedClipsPostProcessor.OnPostprocessAllAssets 0.698ms
			PostProcessor.OnPostprocessAllAssets 0.688ms
			AssetEvents.OnPostprocessAllAssets 0.566ms
			SpriteLibraryAssetPostprocessor.OnPostprocessAllAssets 0.536ms
			AssetDatabaseCallbacks.OnPostprocessAllAssets 0.452ms
			TMPro_TexturePostProcessor.OnPostprocessAllAssets 0.444ms
			ConfigAssetsTracker.OnPostprocessAllAssets 0.406ms
			TerrainToolbarOverlayPostProcessor.OnPostprocessAllAssets 0.389ms
			SamplePostprocessor.OnPostprocessAllAssets 0.387ms
			ThemePostprocessor.OnPostprocessAllAssets 0.362ms
			PSDImportPostProcessor.OnPostprocessAllAssets 0.356ms
			SpeedTreePostProcessor.OnPostprocessAllAssets 0.326ms
			ScenarioDriftAssetsTracker.OnPostprocessAllAssets 0.308ms
			AssetReloadNotifier.OnPostprocessAllAssets 0.277ms
			AudioContainerPostProcessor.OnPostprocessAllAssets 0.273ms
			PSDImporterAssetPostProcessor.OnPostprocessAllAssets 0.258ms
	PostAssetChangesProfiler: 10.251ms
	GatherAllCurrentPrimaryImportResultRevisions: 0.216ms
	UnloadStreamsBegin: 2.971ms
	PersistCurrentRevisions: 0.249ms
	GenerateScriptTypeHashes: 4.970ms
	GenerateScriptTypeSerializationHashes: 9.254ms
	Untracked: 13533.863ms

Application.AssetDatabase Initial Refresh End
Launched and connected shader compiler UnityShaderCompiler.exe after 0.08 seconds
Scanning for USB devices : 4.822ms
Initializing Unity extensions:
[MODES] ModeService[none].Initialize
[MODES] ModeService[none].LoadModes
[MODES] Loading mode Default (0) for mode-current-id-DPJ_Lab01
Unloading 26 Unused Serialized files (Serialized files now loaded: 0)
Loaded scene 'Assets/Scenes/Level1.unity'
	Deserialize:            27.504 ms
	Integration:            134.560 ms
	Integration of assets:  0.009 ms
	Thread Wait Time:       0.036 ms
	Total Operation Time:   162.108 ms
Unloading 7001 unused Assets / (7.4 MB). Loaded Objects now: 8056.
Memory consumption went from 433.2 MB to 425.8 MB.
Total: 19.593400 ms (FindLiveObjects: 0.887400 ms CreateObjectMapping: 0.325200 ms MarkObjects: 11.628400 ms  DeleteObjects: 6.135000 ms)

[LAYOUT] About to load UserSettings\Layouts\default-6000.dwlt, keepMainWindow=False
[LAYOUT] About to save layout C:\Users\Admin\Documents\Trabalho IPS\Desin de programacao de jogo\DPJ_Lab01\DPJ_Lab01_Base\UserSettings\Layouts\default-6000.dwlt
[LAYOUT] About to save layout C:/Users/Admin/AppData/Roaming/Unity/Editor-5.x/Preferences\Layouts\current\default-6000.dwlt
[MODES] ModeService[default].InitializeCurrentMode
[MODES] ModeService[default].RaiseModeChanged(default, default)
Worker ready: AssetImportWorkerHW0 0
This project uses Input Manager, which is marked for deprecation. To manage input in your project, use the <a href="https://docs.unity3d.com/Packages/com.unity.inputsystem@latest">Input System package</a> instead.
<RI> Initializing input.
<RI> Input initialized.
[Project] Loading completed in 53.921 seconds
	Project init time: 				51.113 seconds
		Template init time: 		0.000 seconds
		Package Manager init time: 		0.373 seconds
		Asset Database init time: 		2.237 seconds
		Global illumination init time: 	0.012 seconds
		Assemblies load time: 			15.572 seconds
		Unity extensions init time: 	0.040 seconds
		Asset Database refresh time: 	26.086 seconds
	Scene opening time: 			2.423 seconds
##utp:{"type":"ProjectInfo","version":2,"phase":"Immediate","time":1790698418681,"processId":21412,"projectLoad":53.9213693,"projectInit":51.1133026,"templateInit":0.0,"packageManagerInit":0.37301840000000003,"assetDatabaseInit":2.2371639,"globalIlluminationInit":0.0116039,"assembliesLoad":15.5721922,"unityExtensionsInit":0.0401108,"assetDatabaseRefresh":26.0864478,"sceneOpening":2.4227637}
##utp:{"type":"EditorInfo","version":2,"phase":"Immediate","time":1790698418682,"processId":21412,"editorVersion":"6000.6.2f1 (770e33f6875c)","branch":"6000.6/staging","buildType":"Release","platform":"Windows"}
Asset Pipeline Refresh (id=0aa6b81d3b63e64429ae8973e21daab8): Total: 0.152 seconds - Initiated by RefreshV2(AllowForceSynchronousImport)
Start Indexing on Editor startup
[Indexing] Starting Initial Indexing for Assets
Created GICache directory at C:/Users/Admin/AppData/LocalLow/Unity/Caches/GiCache. Took: 0.043s, timestamps: [56.172 - 56.215]
[Licensing::Client] Successfully resolved entitlement details
[Licensing::Client] Successfully resolved entitlement details
[Licensing::Client] Successfully resolved entitlement details
[Licensing::Client] Successfully updated the access token
[Licensing::Module] Successfully updated access token: "r7MxIvsl"... (expires: 2026-09-29T18:11:21Z)
Starting new worker id: 1 with log in C:/Users/Admin/Documents/Trabalho IPS/Desin de programacao de jogo/DPJ_Lab01/DPJ_Lab01_Base/Logs/AssetImportWorkerHW1.log
[Worker0] Imported GUID: e318819094e537844a397e8d35f22cb0 - Path: Assets/Scenes/Level1.unity - Importer: ScriptedImporter/UnityEditor.QuickSearchModule:UnityEditor.Search:ASIAI03 -> (ImportResultId: 'c83e112556f7da61879952d6463a661f') in 0.153444 seconds
[Worker0] Imported GUID: 6cb91715606ef1d42ac82775e75fd7d1 - Path: Assets/Scripts/Collectible.cs - Importer: ScriptedImporter/UnityEditor.QuickSearchModule:UnityEditor.Search:ASIAI03 -> (ImportResultId: '6dcf6923806578cef30eddfa3dadad39') in 0.0568234 seconds
[Licensing::Client] Successfully resolved entitlement details
Worker ready: AssetImportWorkerHW1 1
TrimDiskCacheJob: Current cache size 0mb
[Licensing::Client] Successfully resolved entitlement details
Asset Pipeline Refresh (id=5c627917606cb514a8fd2017c8349132): Total: 0.069 seconds - Initiated by RefreshV2(AllowForceSynchronousImport)
Asset Pipeline Refresh (id=b038f4aa1c39af544ab268099720d629): Total: 0.009 seconds - Initiated by RefreshV2(AllowForceSynchronousImport)
Asset Pipeline Refresh (id=a24dab654298e8e42ba8627d807c0699): Total: 0.009 seconds - Initiated by RefreshV2(AllowForceSynchronousImport)
SpriteAtlasPacking completed in 0.010557 sec
Reloading assemblies for play mode.
Reloading assemblies after forced synchronous recompile.
[Licensing::Client] Successfully resolved entitlement details
Begin MonoManager ReloadAssembly
'Packages/com.unity.render-pipelines.core/Editor/Deprecated.cs' contains partial class of Unity.Object, exactly 1 of the partial classes needs to be in a file with the same filename. This is to know the one that can be referenced from ie. GameObjects
'Packages/com.unity.render-pipelines.core/Editor/Deprecated.cs' contains partial class of Unity.Object, exactly 1 of the partial classes needs to be in a file with the same filename. This is to know the one that can be referenced from ie. GameObjects
Refreshing native plugins compatible for Editor in 41.68 ms, found 5 plugins.
Native extension for WindowsStandalone target not found
Native extension for WebGL target not found
ScheduleIndexationOnStartup MainProcess:True IndexOnStartup:True
[MODES] ModeService[none].Initialize
[MODES] ModeService[none].LoadModes
Scripting: successfully reloaded assembly
- Finished resetting the current domain, in  3.900 seconds
Domain Reload Profiling: 6805ms
	BeginReloadAssembly (1075ms)
		DisableScriptedObjects (288ms)
		CreateAndSetChildDomain (443ms)
	RebuildCommonClasses (15ms)
	RebuildNativeTypeToScriptingClass (27ms)
	initialDomainReloadingComplete (350ms)
	LoadAllAssembliesAndSetupDomain (1437ms)
		LoadAssemblies (1124ms)
		TypeCache.Refresh (12ms)
		AnalyzeDomain (48ms)
			ResolveRequiredComponents (42ms)
	FinalizeReload (3902ms)
		SetupLoadedEditorAssemblies (0ms)
			LogAssemblyErrors (3ms)
			InitializePlatformSupportModulesInManaged (4ms)
			BeforeProcessingInitializeOnLoad (194ms)
			ProcessInitializeOnLoadAttributes (531ms)
			ProcessInitializeOnLoadMethodAttributes (197ms)
			AfterProcessingInitializeOnLoad (7ms)
		AwakeInstancesAfterBackupRestoration (1609ms)
No restricted APIs configured; Validation skipped.
Checking 18 assemblies for restricted APIs found 0 usage(s) in 7 ms
Refreshing native plugins compatible for Editor in 3.52 ms, found 5 plugins.

Asset Pipeline Refresh (id=d883c91be7b20fd4f9c9e5d7feb50700): Total: 35.649 seconds - Initiated by StopAssetImportingV2(ForceSynchronousImport | ForceDomainReload)
	(Values over 0.05ms)
	Summary:
		Imports: total=0 (actual=0, local cache=0, cache server=0)
		Asset DB Process Time: managed=0 ms, native=4741 ms
		Asset DB Callback time: managed=1381 ms, native=1994 ms
		Scripting: domain reloads=1, domain reload time=27472 ms, compile time=59 ms, other=0 ms
		Project Asset Count: scripts=1599, non-scripts=3352
		Asset File Changes: new=0, changed=0, moved=0, deleted=0
		Scan Filter Count: 0
	InvokePackagesCallback: 3.191ms
	ApplyChangesToAssetFolders: 0.688ms
	Collect global state as custom dependencies: 20.471ms
	ProcessAssetsWithTransientArtifactChanges: 384.546ms
	CategorizeAssets: 119.387ms
	CompileScripts: 58.542ms
	ImportOutOfDateAssets: 3990.501ms (3972.908ms without children)
		CollectScriptTypesHashes: 4.253ms
		ReloadNativeAssets: 2.638ms
		UnloadImportedAssets: 11.616ms
		EnsureUptoDateAssetsAreRegisteredWithGuidPM: 1.525ms
		ImportSchedulerStart: 1.690ms
	PostProcessAllAssets: 3350.217ms
		PostProcessCallbackCreateDeferredMaterials 44.192ms
		AssemblyValidation.PostprocessAllAssets 41.316ms
		SpriteAtlasDatabase.OnAssetPostprocessCallback 31.239ms
		PostprocessAssetsUpdateCachedIcon 25.409ms
		ShaderAssetModifiedCallback 21.554ms
		ComputeShaderImportPostprocess 20.855ms
		RaytracingShaderImportPostprocess 15.078ms
		SpeedTreeImporter.PostprocessAllAssets 13.428ms
		LocalizationDatabase.AssetDatabasePostprocessCallback 9.045ms
		BlockShaderImporter.PostprocessAllAssets 6.170ms
		XRBuildSystem.XRAssetImported 1.027ms
		ObjectImages.AssetImported 0.052ms
		MonoPostProcessAllAssets: 1378.603ms
			SyncVS.PostprocessSyncProject 536.682ms
			ShaderGraphAssetPostProcessor.OnPostprocessAllAssets 303.164ms
			PostProcessor.OnPostprocessAllAssets 94.197ms
			AssetPostprocessor.OnPostprocessAllAssets 76.525ms
			MaterialPostprocessor.OnPostprocessAllAssets 65.489ms
			UniversalRenderPipelineGlobalSettingsPostprocessor.OnPostprocessAllAssets 47.150ms
			AssetChangedListener.OnPostprocessAllAssets 42.585ms
			TextAssetPostProcessor.OnPostprocessAllAssets 42.219ms
			SpriteSlicePostprocessor.OnPostprocessAllAssets 29.671ms
			BuilderAssetPostprocessor.OnPostprocessAllAssets 13.810ms
			SpeedTree9Postprocessor.OnPostprocessAllAssets 9.748ms
			RenderPipelineGlobalSettingsPostprocessor.OnPostprocessAllAssets 9.599ms
			RetainedModeAssetPostprocessor.OnPostprocessAllAssets 4.391ms
			WindowAssetPostprocessingWatcher.OnPostprocessAllAssets 2.960ms
			StyleCatalogPostProcessor.OnPostprocessAllAssets 1.309ms
			ArtifactBrowserPostProcessor.OnPostprocessAllAssets 1.149ms
			ShaderReflectionAssetPostProcessor.OnPostprocessAllAssets 1.145ms
			ThemePostprocessor.OnPostprocessAllAssets 0.947ms
			SpriteShapeAssetPostProcessor.OnPostprocessAllAssets 0.934ms
			SpriteEditorTexturePostprocessor.OnPostprocessAllAssets 0.870ms
			AudioMixerPostprocessor.OnPostprocessAllAssets 0.726ms
			UVCSAssetPostprocessor.OnPostprocessAllAssets 0.670ms
			AssetEvents.OnPostprocessAllAssets 0.632ms
			EditModeScopePostprocessor.OnPostprocessAllAssets 0.591ms
			TMPro_TexturePostProcessor.OnPostprocessAllAssets 0.583ms
			ReferencedClipsPostProcessor.OnPostprocessAllAssets 0.568ms
			SpeedTreePostProcessor.OnPostprocessAllAssets 0.546ms
			SpriteLibraryAssetPostprocessor.OnPostprocessAllAssets 0.326ms
			AssetDatabaseCallbacks.OnPostprocessAllAssets 0.257ms
			AudioContainerPostProcessor.OnPostprocessAllAssets 0.250ms
			ConfigAssetsTracker.OnPostprocessAllAssets 0.242ms
			SamplePostprocessor.OnPostprocessAllAssets 0.237ms
			PSDImportPostProcessor.OnPostprocessAllAssets 0.226ms
			ScenarioDriftAssetsTracker.OnPostprocessAllAssets 0.225ms
			TerrainToolbarOverlayPostProcessor.OnPostprocessAllAssets 0.224ms
			AssetReloadNotifier.OnPostprocessAllAssets 0.197ms
			PSDImporterAssetPostProcessor.OnPostprocessAllAssets 0.170ms
			AssetProcessor.OnPostprocessAllAssets 0.126ms
	PostAssetChangesProfiler: 25.233ms
	GatherAllCurrentPrimaryImportResultRevisions: 0.391ms
	UnloadStreamsBegin: 3.439ms
	PersistCurrentRevisions: 0.246ms
	GenerateScriptTypeHashes: 7.276ms
	GenerateScriptTypeSerializationHashes: 12.595ms
	Untracked: 27620.907ms

groundCheck n�o atribu�do em Player (1). Criar child vazio posicionado nos p�s e arrastar aqui.
UnityEngine.Debug:ExtractStackTraceNoAlloc (byte*,int,string)
UnityEngine.StackTraceUtility:ExtractStackTrace ()
UnityEngine.DebugLogHandler:Internal_Log (UnityEngine.LogType,UnityEngine.LogOption,string,UnityEngine.Object)
UnityEngine.DebugLogHandler:LogFormat (UnityEngine.LogType,UnityEngine.Object,string,object[])
UnityEngine.Logger:Log (UnityEngine.LogType,object)
UnityEngine.Debug:LogWarning (object)
PlayerController:Awake () (at Assets/Scripts/PlayerController.cs:29)

(Filename: Assets/Scripts/PlayerController.cs Line: 29)

groundCheck n�o atribu�do em Player. Criar child vazio posicionado nos p�s e arrastar aqui.
UnityEngine.Debug:ExtractStackTraceNoAlloc (byte*,int,string)
UnityEngine.StackTraceUtility:ExtractStackTrace ()
UnityEngine.DebugLogHandler:Internal_Log (UnityEngine.LogType,UnityEngine.LogOption,string,UnityEngine.Object)
UnityEngine.DebugLogHandler:LogFormat (UnityEngine.LogType,UnityEngine.Object,string,object[])
UnityEngine.Logger:Log (UnityEngine.LogType,object)
UnityEngine.Debug:LogWarning (object)
PlayerController:Awake () (at Assets/Scripts/PlayerController.cs:29)

(Filename: Assets/Scripts/PlayerController.cs Line: 29)

Loaded scene 'Temp/__Backupscenes/0.backup'
	Deserialize:            14.795 ms
	Integration:            755.202 ms
	Integration of assets:  0.070 ms
	Thread Wait Time:       0.013 ms
	Total Operation Time:   770.080 ms
[Licensing::Client] Successfully resolved entitlement details
[Licensing::Client] Successfully resolved entitlement details
Unloading 5 Unused Serialized files (Serialized files now loaded: 0)
Loaded scene 'Temp/__Backupscenes/0.backup'
	Deserialize:            2.261 ms
	Integration:            37.145 ms
	Integration of assets:  0.003 ms
	Thread Wait Time:       0.030 ms
	Total Operation Time:   39.440 ms
Unloading 6298 unused Assets / (3.2 MB). Loaded Objects now: 9414.
Memory consumption went from 0.59 GB to 0.58 GB.
Total: 40.257300 ms (FindLiveObjects: 2.381700 ms CreateObjectMapping: 0.531500 ms MarkObjects: 34.998500 ms  DeleteObjects: 2.025500 ms)

[Licensing::Client] Successfully resolved entitlement details
SpriteAtlasPacking completed in 0.006803 sec
Reloading assemblies for play mode.
Reloading assemblies after forced synchronous recompile.
Begin MonoManager ReloadAssembly
Refreshing native plugins compatible for Editor in 3.58 ms, found 5 plugins.
Native extension for WindowsStandalone target not found
Native extension for WebGL target not found
ScheduleIndexationOnStartup MainProcess:True IndexOnStartup:True
[MODES] ModeService[none].Initialize
[MODES] ModeService[none].LoadModes
Scripting: successfully reloaded assembly
- Finished resetting the current domain, in  3.084 seconds
Domain Reload Profiling: 4435ms
	BeginReloadAssembly (806ms)
		DisableScriptedObjects (196ms)
		CreateAndSetChildDomain (331ms)
	RebuildCommonClasses (24ms)
	RebuildNativeTypeToScriptingClass (37ms)
	initialDomainReloadingComplete (101ms)
	LoadAllAssembliesAndSetupDomain (381ms)
		LoadAssemblies (240ms)
		TypeCache.Refresh (11ms)
		AnalyzeDomain (53ms)
			ResolveRequiredComponents (45ms)
	FinalizeReload (3085ms)
		SetupLoadedEditorAssemblies (0ms)
			LogAssemblyErrors (3ms)
			InitializePlatformSupportModulesInManaged (3ms)
			BeforeProcessingInitializeOnLoad (188ms)
			ProcessInitializeOnLoadAttributes (421ms)
			ProcessInitializeOnLoadMethodAttributes (206ms)
			AfterProcessingInitializeOnLoad (7ms)
		AwakeInstancesAfterBackupRestoration (1369ms)

Asset Pipeline Refresh (id=f85d69dba29a61447a167ec385f86602): Total: 4.844 seconds - Initiated by StopAssetImportingV2(ForceSynchronousImport | ForceDomainReload)
	(Values over 0.05ms)
	Summary:
		Imports: total=0 (actual=0, local cache=0, cache server=0)
		Asset DB Process Time: managed=0 ms, native=3353 ms
		Asset DB Callback time: managed=66 ms, native=0 ms
		Scripting: domain reloads=1, domain reload time=1420 ms, compile time=3 ms, other=0 ms
		Project Asset Count: scripts=1599, non-scripts=3352
		Asset File Changes: new=0, changed=0, moved=0, deleted=0
		Scan Filter Count: 0
	InvokePackagesCallback: 2.769ms
	ApplyChangesToAssetFolders: 0.532ms
	Collect global state as custom dependencies: 5.676ms
	ProcessAssetsWithTransientArtifactChanges: 0.215ms
	CategorizeAssets: 109.688ms
	CompileScripts: 3.218ms
	ImportOutOfDateAssets: 3103.410ms (3099.828ms without children)
		CollectScriptTypesHashes: 1.637ms
		ReloadNativeAssets: 1.519ms
		UnloadImportedAssets: 0.447ms
		EnsureUptoDateAssetsAreRegisteredWithGuidPM: 0.980ms
		ImportSchedulerStart: 0.566ms
	PostProcessAllAssets: 66.332ms
		MonoPostProcessAllAssets: 66.323ms
			ShaderGraphAssetPostProcessor.OnPostprocessAllAssets 303.164ms
			PostProcessor.OnPostprocessAllAssets 94.197ms
			AssetPostprocessor.OnPostprocessAllAssets 76.525ms
			MaterialPostprocessor.OnPostprocessAllAssets 65.489ms
			AssetChangedListener.OnPostprocessAllAssets 42.585ms
			TextAssetPostProcessor.OnPostprocessAllAssets 42.219ms
			UniversalRenderPipelineGlobalSettingsPostprocessor.OnPostprocessAllAssets 31.328ms
			SpriteSlicePostprocessor.OnPostprocessAllAssets 29.671ms
			BuilderAssetPostprocessor.OnPostprocessAllAssets 13.810ms
			SyncVS.PostprocessSyncProject 7.742ms
			RetainedModeAssetPostprocessor.OnPostprocessAllAssets 4.391ms
			WindowAssetPostprocessingWatcher.OnPostprocessAllAssets 4.088ms
			SpeedTree9Postprocessor.OnPostprocessAllAssets 4.012ms
			ShaderReflectionAssetPostProcessor.OnPostprocessAllAssets 1.396ms
			StyleCatalogPostProcessor.OnPostprocessAllAssets 1.309ms
			ArtifactBrowserPostProcessor.OnPostprocessAllAssets 1.149ms
			RenderPipelineGlobalSettingsPostprocessor.OnPostprocessAllAssets 1.126ms
			ThemePostprocessor.OnPostprocessAllAssets 0.947ms
			SpriteShapeAssetPostProcessor.OnPostprocessAllAssets 0.934ms
			SpriteEditorTexturePostprocessor.OnPostprocessAllAssets 0.870ms
			AudioMixerPostprocessor.OnPostprocessAllAssets 0.726ms
			UVCSAssetPostprocessor.OnPostprocessAllAssets 0.670ms
			AssetEvents.OnPostprocessAllAssets 0.632ms
			TMPro_TexturePostProcessor.OnPostprocessAllAssets 0.583ms
			SpeedTreePostProcessor.OnPostprocessAllAssets 0.546ms
			EditModeScopePostprocessor.OnPostprocessAllAssets 0.420ms
			ReferencedClipsPostProcessor.OnPostprocessAllAssets 0.398ms
			TerrainToolbarOverlayPostProcessor.OnPostprocessAllAssets 0.351ms
			SpriteLibraryAssetPostprocessor.OnPostprocessAllAssets 0.326ms
			AudioContainerPostProcessor.OnPostprocessAllAssets 0.250ms
			ConfigAssetsTracker.OnPostprocessAllAssets 0.242ms
			AssetDatabaseCallbacks.OnPostprocessAllAssets 0.238ms
			SamplePostprocessor.OnPostprocessAllAssets 0.237ms
			PSDImportPostProcessor.OnPostprocessAllAssets 0.226ms
			ScenarioDriftAssetsTracker.OnPostprocessAllAssets 0.225ms
			AssetReloadNotifier.OnPostprocessAllAssets 0.197ms
			PSDImporterAssetPostProcessor.OnPostprocessAllAssets 0.170ms
			AssetProcessor.OnPostprocessAllAssets 0.126ms
	GatherAllCurrentPrimaryImportResultRevisions: 0.206ms
	PersistCurrentRevisions: 0.191ms
	GenerateScriptTypeHashes: 5.082ms
	GenerateScriptTypeSerializationHashes: 9.279ms
	Untracked: 1478.549ms

groundCheck n�o atribu�do em Player (1). Criar child vazio posicionado nos p�s e arrastar aqui.
UnityEngine.Debug:ExtractStackTraceNoAlloc (byte*,int,string)
UnityEngine.StackTraceUtility:ExtractStackTrace ()
UnityEngine.DebugLogHandler:Internal_Log (UnityEngine.LogType,UnityEngine.LogOption,string,UnityEngine.Object)
UnityEngine.DebugLogHandler:LogFormat (UnityEngine.LogType,UnityEngine.Object,string,object[])
UnityEngine.Logger:Log (UnityEngine.LogType,object)
UnityEngine.Debug:LogWarning (object)
PlayerController:Awake () (at Assets/Scripts/PlayerController.cs:29)

(Filename: Assets/Scripts/PlayerController.cs Line: 29)

groundCheck n�o atribu�do em Player. Criar child vazio posicionado nos p�s e arrastar aqui.
UnityEngine.Debug:ExtractStackTraceNoAlloc (byte*,int,string)
UnityEngine.StackTraceUtility:ExtractStackTrace ()
UnityEngine.DebugLogHandler:Internal_Log (UnityEngine.LogType,UnityEngine.LogOption,string,UnityEngine.Object)
UnityEngine.DebugLogHandler:LogFormat (UnityEngine.LogType,UnityEngine.Object,string,object[])
UnityEngine.Logger:Log (UnityEngine.LogType,object)
UnityEngine.Debug:LogWarning (object)
PlayerController:Awake () (at Assets/Scripts/PlayerController.cs:29)

(Filename: Assets/Scripts/PlayerController.cs Line: 29)

Loaded scene 'Temp/__Backupscenes/0.backup'
	Deserialize:            3.082 ms
	Integration:            658.268 ms
	Integration of assets:  0.005 ms
	Thread Wait Time:       0.025 ms
	Total Operation Time:   661.381 ms
[Licensing::Client] Successfully resolved entitlement details
[Licensing::Client] Successfully resolved entitlement details
Unloading 2 Unused Serialized files (Serialized files now loaded: 0)
Loaded scene 'Temp/__Backupscenes/0.backup'
	Deserialize:            1.919 ms
	Integration:            30.331 ms
	Integration of assets:  0.004 ms
	Thread Wait Time:       0.037 ms
	Total Operation Time:   32.290 ms
Unloading 16 unused Assets / (99.2 KB). Loaded Objects now: 9404.
Memory consumption went from 0.59 GB to 0.59 GB.
Total: 49.627900 ms (FindLiveObjects: 1.618700 ms CreateObjectMapping: 0.372500 ms MarkObjects: 47.225600 ms  DeleteObjects: 0.083300 ms)

[Licensing::Client] Successfully resolved entitlement details
SpriteAtlasPacking completed in 0.006364 sec
Reloading assemblies for play mode.
Reloading assemblies after forced synchronous recompile.
Begin MonoManager ReloadAssembly
Refreshing native plugins compatible for Editor in 3.79 ms, found 5 plugins.
Native extension for WindowsStandalone target not found
Native extension for WebGL target not found
ScheduleIndexationOnStartup MainProcess:True IndexOnStartup:True
[MODES] ModeService[none].Initialize
[MODES] ModeService[none].LoadModes
Scripting: successfully reloaded assembly
- Finished resetting the current domain, in  3.114 seconds
Domain Reload Profiling: 4436ms
	BeginReloadAssembly (788ms)
		DisableScriptedObjects (215ms)
		CreateAndSetChildDomain (303ms)
	RebuildCommonClasses (16ms)
	RebuildNativeTypeToScriptingClass (29ms)
	initialDomainReloadingComplete (97ms)
	LoadAllAssembliesAndSetupDomain (391ms)
		LoadAssemblies (229ms)
		TypeCache.Refresh (9ms)
		AnalyzeDomain (44ms)
			ResolveRequiredComponents (38ms)
	FinalizeReload (3115ms)
		SetupLoadedEditorAssemblies (0ms)
			LogAssemblyErrors (3ms)
			InitializePlatformSupportModulesInManaged (3ms)
			BeforeProcessingInitializeOnLoad (208ms)
			ProcessInitializeOnLoadAttributes (390ms)
			ProcessInitializeOnLoadMethodAttributes (216ms)
			AfterProcessingInitializeOnLoad (7ms)
		AwakeInstancesAfterBackupRestoration (1362ms)

Asset Pipeline Refresh (id=31d9dc143dfc963478f56e78066b1952): Total: 4.801 seconds - Initiated by StopAssetImportingV2(ForceSynchronousImport | ForceDomainReload)
	(Values over 0.05ms)
	Summary:
		Imports: total=0 (actual=0, local cache=0, cache server=0)
		Asset DB Process Time: managed=0 ms, native=3339 ms
		Asset DB Callback time: managed=62 ms, native=0 ms
		Scripting: domain reloads=1, domain reload time=1395 ms, compile time=3 ms, other=0 ms
		Project Asset Count: scripts=1599, non-scripts=3352
		Asset File Changes: new=0, changed=0, moved=0, deleted=0
		Scan Filter Count: 0
	InvokePackagesCallback: 2.846ms
	ApplyChangesToAssetFolders: 0.616ms
	Collect global state as custom dependencies: 4.857ms
	ProcessAssetsWithTransientArtifactChanges: 0.118ms
	CategorizeAssets: 98.275ms
	CompileScripts: 2.767ms
	ImportOutOfDateAssets: 3133.267ms (3129.737ms without children)
		CollectScriptTypesHashes: 1.491ms
		ReloadNativeAssets: 1.428ms
		UnloadImportedAssets: 0.361ms
		EnsureUptoDateAssetsAreRegisteredWithGuidPM: 0.986ms
		ImportSchedulerStart: 0.729ms
	PostProcessAllAssets: 62.844ms
		MonoPostProcessAllAssets: 62.839ms
			ShaderGraphAssetPostProcessor.OnPostprocessAllAssets 303.164ms
			PostProcessor.OnPostprocessAllAssets 94.197ms
			AssetPostprocessor.OnPostprocessAllAssets 76.525ms
			MaterialPostprocessor.OnPostprocessAllAssets 65.489ms
			AssetChangedListener.OnPostprocessAllAssets 42.585ms
			TextAssetPostProcessor.OnPostprocessAllAssets 42.219ms
			UniversalRenderPipelineGlobalSettingsPostprocessor.OnPostprocessAllAssets 30.157ms
			SpriteSlicePostprocessor.OnPostprocessAllAssets 29.671ms
			BuilderAssetPostprocessor.OnPostprocessAllAssets 13.810ms
			SyncVS.PostprocessSyncProject 6.387ms
			RetainedModeAssetPostprocessor.OnPostprocessAllAssets 4.391ms
			SpeedTree9Postprocessor.OnPostprocessAllAssets 4.184ms
			WindowAssetPostprocessingWatcher.OnPostprocessAllAssets 2.934ms
			StyleCatalogPostProcessor.OnPostprocessAllAssets 1.309ms
			RenderPipelineGlobalSettingsPostprocessor.OnPostprocessAllAssets 1.233ms
			ArtifactBrowserPostProcessor.OnPostprocessAllAssets 1.149ms
			ThemePostprocessor.OnPostprocessAllAssets 0.947ms
			SpriteShapeAssetPostProcessor.OnPostprocessAllAssets 0.934ms
			SpriteEditorTexturePostprocessor.OnPostprocessAllAssets 0.870ms
			ShaderReflectionAssetPostProcessor.OnPostprocessAllAssets 0.848ms
			AudioMixerPostprocessor.OnPostprocessAllAssets 0.726ms
			UVCSAssetPostprocessor.OnPostprocessAllAssets 0.670ms
			AssetEvents.OnPostprocessAllAssets 0.632ms
			TMPro_TexturePostProcessor.OnPostprocessAllAssets 0.583ms
			SpeedTreePostProcessor.OnPostprocessAllAssets 0.546ms
			TerrainToolbarOverlayPostProcessor.OnPostprocessAllAssets 0.521ms
			ReferencedClipsPostProcessor.OnPostprocessAllAssets 0.450ms
			EditModeScopePostprocessor.OnPostprocessAllAssets 0.417ms
			SpriteLibraryAssetPostprocessor.OnPostprocessAllAssets 0.326ms
			AudioContainerPostProcessor.OnPostprocessAllAssets 0.250ms
			ConfigAssetsTracker.OnPostprocessAllAssets 0.242ms
			SamplePostprocessor.OnPostprocessAllAssets 0.237ms
			AssetDatabaseCallbacks.OnPostprocessAllAssets 0.236ms
			PSDImportPostProcessor.OnPostprocessAllAssets 0.226ms
			ScenarioDriftAssetsTracker.OnPostprocessAllAssets 0.225ms
			AssetReloadNotifier.OnPostprocessAllAssets 0.197ms
			PSDImporterAssetPostProcessor.OnPostprocessAllAssets 0.170ms
			AssetProcessor.OnPostprocessAllAssets 0.126ms
	GatherAllCurrentPrimaryImportResultRevisions: 0.338ms
	PersistCurrentRevisions: 0.251ms
	GenerateScriptTypeHashes: 5.158ms
	GenerateScriptTypeSerializationHashes: 9.583ms
	Untracked: 1448.764ms

groundCheck n�o atribu�do em Player. Criar child vazio posicionado nos p�s e arrastar aqui.
UnityEngine.Debug:ExtractStackTraceNoAlloc (byte*,int,string)
UnityEngine.StackTraceUtility:ExtractStackTrace ()
UnityEngine.DebugLogHandler:Internal_Log (UnityEngine.LogType,UnityEngine.LogOption,string,UnityEngine.Object)
UnityEngine.DebugLogHandler:LogFormat (UnityEngine.LogType,UnityEngine.Object,string,object[])
UnityEngine.Logger:Log (UnityEngine.LogType,object)
UnityEngine.Debug:LogWarning (object)
PlayerController:Awake () (at Assets/Scripts/PlayerController.cs:29)

(Filename: Assets/Scripts/PlayerController.cs Line: 29)

Loaded scene 'Temp/__Backupscenes/0.backup'
	Deserialize:            3.073 ms
	Integration:            779.353 ms
	Integration of assets:  0.005 ms
	Thread Wait Time:       0.013 ms
	Total Operation Time:   782.445 ms
[Licensing::Client] Successfully resolved entitlement details
[Licensing::Client] Successfully resolved entitlement details
Asset Pipeline Refresh (id=ca582f2d96da0c54894283e00714faab): Total: 0.026 seconds - Initiated by RefreshV2(NoUpdateAssetOptions)
Unloading 0 Unused Serialized files (Serialized files now loaded: 0)
Loaded scene 'Temp/__Backupscenes/0.backup'
	Deserialize:            1.871 ms
	Integration:            30.783 ms
	Integration of assets:  0.004 ms
	Thread Wait Time:       0.028 ms
	Total Operation Time:   32.686 ms
Unloading 16 unused Assets / (227.1 KB). Loaded Objects now: 9400.
Memory consumption went from 0.60 GB to 0.60 GB.
Total: 45.548900 ms (FindLiveObjects: 1.516600 ms CreateObjectMapping: 0.205000 ms MarkObjects: 43.419300 ms  DeleteObjects: 0.080300 ms)

[Licensing::Client] Successfully resolved entitlement details
SpriteAtlasPacking completed in 0.006702 sec
Reloading assemblies for play mode.
Reloading assemblies after forced synchronous recompile.
Begin MonoManager ReloadAssembly
Refreshing native plugins compatible for Editor in 3.78 ms, found 5 plugins.
Native extension for WindowsStandalone target not found
Native extension for WebGL target not found
ScheduleIndexationOnStartup MainProcess:True IndexOnStartup:True
[MODES] ModeService[none].Initialize
[MODES] ModeService[none].LoadModes
Scripting: successfully reloaded assembly
- Finished resetting the current domain, in  3.155 seconds
Domain Reload Profiling: 4567ms
	BeginReloadAssembly (853ms)
		DisableScriptedObjects (210ms)
		CreateAndSetChildDomain (362ms)
	RebuildCommonClasses (16ms)
	RebuildNativeTypeToScriptingClass (31ms)
	initialDomainReloadingComplete (109ms)
	LoadAllAssembliesAndSetupDomain (401ms)
		LoadAssemblies (239ms)
		TypeCache.Refresh (13ms)
		AnalyzeDomain (51ms)
			ResolveRequiredComponents (46ms)
	FinalizeReload (3157ms)
		SetupLoadedEditorAssemblies (0ms)
			LogAssemblyErrors (4ms)
			InitializePlatformSupportModulesInManaged (3ms)
			BeforeProcessingInitializeOnLoad (181ms)
			ProcessInitializeOnLoadAttributes (442ms)
			ProcessInitializeOnLoadMethodAttributes (208ms)
			AfterProcessingInitializeOnLoad (7ms)
		AwakeInstancesAfterBackupRestoration (1385ms)

Asset Pipeline Refresh (id=f79c568d37ea2784cbe9448402ec141a): Total: 4.961 seconds - Initiated by StopAssetImportingV2(ForceSynchronousImport | ForceDomainReload)
	(Values over 0.05ms)
	Summary:
		Imports: total=0 (actual=0, local cache=0, cache server=0)
		Asset DB Process Time: managed=0 ms, native=3398 ms
		Asset DB Callback time: managed=66 ms, native=0 ms
		Scripting: domain reloads=1, domain reload time=1492 ms, compile time=3 ms, other=0 ms
		Project Asset Count: scripts=1599, non-scripts=3352
		Asset File Changes: new=0, changed=0, moved=0, deleted=0
		Scan Filter Count: 0
	InvokePackagesCallback: 2.787ms
	ApplyChangesToAssetFolders: 0.606ms
	Collect global state as custom dependencies: 6.578ms
	ProcessAssetsWithTransientArtifactChanges: 0.177ms
	CategorizeAssets: 114.698ms
	CompileScripts: 2.887ms
	ImportOutOfDateAssets: 3179.717ms (3176.199ms without children)
		CollectScriptTypesHashes: 1.535ms
		ReloadNativeAssets: 1.425ms
		UnloadImportedAssets: 0.349ms
		EnsureUptoDateAssetsAreRegisteredWithGuidPM: 1.099ms
		ImportSchedulerStart: 0.616ms
	PostProcessAllAssets: 66.583ms
		MonoPostProcessAllAssets: 66.576ms
			ShaderGraphAssetPostProcessor.OnPostprocessAllAssets 303.164ms
			PostProcessor.OnPostprocessAllAssets 94.197ms
			AssetPostprocessor.OnPostprocessAllAssets 76.525ms
			MaterialPostprocessor.OnPostprocessAllAssets 65.489ms
			AssetChangedListener.OnPostprocessAllAssets 42.585ms
			TextAssetPostProcessor.OnPostprocessAllAssets 42.219ms
			SpriteSlicePostprocessor.OnPostprocessAllAssets 29.671ms
			UniversalRenderPipelineGlobalSettingsPostprocessor.OnPostprocessAllAssets 27.795ms
			BuilderAssetPostprocessor.OnPostprocessAllAssets 13.810ms
			SyncVS.PostprocessSyncProject 6.976ms
			RetainedModeAssetPostprocessor.OnPostprocessAllAssets 4.391ms
			SpeedTree9Postprocessor.OnPostprocessAllAssets 4.267ms
			WindowAssetPostprocessingWatcher.OnPostprocessAllAssets 3.791ms
			RenderPipelineGlobalSettingsPostprocessor.OnPostprocessAllAssets 1.760ms
			StyleCatalogPostProcessor.OnPostprocessAllAssets 1.309ms
			ArtifactBrowserPostProcessor.OnPostprocessAllAssets 1.149ms
			ShaderReflectionAssetPostProcessor.OnPostprocessAllAssets 1.101ms
			ThemePostprocessor.OnPostprocessAllAssets 0.947ms
			SpriteShapeAssetPostProcessor.OnPostprocessAllAssets 0.934ms
			SpriteEditorTexturePostprocessor.OnPostprocessAllAssets 0.870ms
			AudioMixerPostprocessor.OnPostprocessAllAssets 0.726ms
			ReferencedClipsPostProcessor.OnPostprocessAllAssets 0.705ms
			UVCSAssetPostprocessor.OnPostprocessAllAssets 0.670ms
			AssetEvents.OnPostprocessAllAssets 0.632ms
			TMPro_TexturePostProcessor.OnPostprocessAllAssets 0.583ms
			EditModeScopePostprocessor.OnPostprocessAllAssets 0.570ms
			SpeedTreePostProcessor.OnPostprocessAllAssets 0.546ms
			TerrainToolbarOverlayPostProcessor.OnPostprocessAllAssets 0.365ms
			AssetDatabaseCallbacks.OnPostprocessAllAssets 0.357ms
			SpriteLibraryAssetPostprocessor.OnPostprocessAllAssets 0.326ms
			AudioContainerPostProcessor.OnPostprocessAllAssets 0.250ms
			ConfigAssetsTracker.OnPostprocessAllAssets 0.242ms
			SamplePostprocessor.OnPostprocessAllAssets 0.237ms
			PSDImportPostProcessor.OnPostprocessAllAssets 0.226ms
			ScenarioDriftAssetsTracker.OnPostprocessAllAssets 0.225ms
			AssetReloadNotifier.OnPostprocessAllAssets 0.197ms
			PSDImporterAssetPostProcessor.OnPostprocessAllAssets 0.170ms
			AssetProcessor.OnPostprocessAllAssets 0.126ms
	GatherAllCurrentPrimaryImportResultRevisions: 0.297ms
	PersistCurrentRevisions: 0.202ms
	GenerateScriptTypeHashes: 5.081ms
	GenerateScriptTypeSerializationHashes: 9.373ms
	Untracked: 1549.909ms

groundCheck n�o atribu�do em Player. Criar child vazio posicionado nos p�s e arrastar aqui.
UnityEngine.Debug:ExtractStackTraceNoAlloc (byte*,int,string)
UnityEngine.StackTraceUtility:ExtractStackTrace ()
UnityEngine.DebugLogHandler:Internal_Log (UnityEngine.LogType,UnityEngine.LogOption,string,UnityEngine.Object)
UnityEngine.DebugLogHandler:LogFormat (UnityEngine.LogType,UnityEngine.Object,string,object[])
UnityEngine.Logger:Log (UnityEngine.LogType,object)
UnityEngine.Debug:LogWarning (object)
PlayerController:Awake () (at Assets/Scripts/PlayerController.cs:29)

(Filename: Assets/Scripts/PlayerController.cs Line: 29)

Loaded scene 'Temp/__Backupscenes/0.backup'
	Deserialize:            2.290 ms
	Integration:            644.003 ms
	Integration of assets:  0.003 ms
	Thread Wait Time:       0.027 ms
	Total Operation Time:   646.323 ms
[Licensing::Client] Successfully resolved entitlement details
[Licensing::Client] Successfully resolved entitlement details
Unloading 2 Unused Serialized files (Serialized files now loaded: 0)
Loaded scene 'Temp/__Backupscenes/0.backup'
	Deserialize:            1.999 ms
	Integration:            30.139 ms
	Integration of assets:  0.002 ms
	Thread Wait Time:       0.017 ms
	Total Operation Time:   32.157 ms
Unloading 16 unused Assets / (76.0 KB). Loaded Objects now: 9402.
Memory consumption went from 0.60 GB to 0.60 GB.
Total: 41.078000 ms (FindLiveObjects: 1.572000 ms CreateObjectMapping: 0.279100 ms MarkObjects: 38.340400 ms  DeleteObjects: 0.061200 ms)

SpriteAtlasPacking completed in 0.010102 sec
Reloading assemblies for play mode.
Reloading assemblies after forced synchronous recompile.
[Licensing::Client] Successfully resolved entitlement details
Begin MonoManager ReloadAssembly
Refreshing native plugins compatible for Editor in 3.70 ms, found 5 plugins.
Native extension for WindowsStandalone target not found
Native extension for WebGL target not found
ScheduleIndexationOnStartup MainProcess:True IndexOnStartup:True
[MODES] ModeService[none].Initialize
[MODES] ModeService[none].LoadModes
Scripting: successfully reloaded assembly
- Finished resetting the current domain, in  3.196 seconds
Domain Reload Profiling: 4639ms
	BeginReloadAssembly (859ms)
		DisableScriptedObjects (242ms)
		CreateAndSetChildDomain (355ms)
	RebuildCommonClasses (20ms)
	RebuildNativeTypeToScriptingClass (28ms)
	initialDomainReloadingComplete (108ms)
	LoadAllAssembliesAndSetupDomain (427ms)
		LoadAssemblies (236ms)
		TypeCache.Refresh (10ms)
		AnalyzeDomain (46ms)
			ResolveRequiredComponents (40ms)
	FinalizeReload (3198ms)
		SetupLoadedEditorAssemblies (0ms)
			LogAssemblyErrors (4ms)
			InitializePlatformSupportModulesInManaged (5ms)
			BeforeProcessingInitializeOnLoad (197ms)
			ProcessInitializeOnLoadAttributes (445ms)
			ProcessInitializeOnLoadMethodAttributes (201ms)
			AfterProcessingInitializeOnLoad (7ms)
		AwakeInstancesAfterBackupRestoration (1419ms)

Asset Pipeline Refresh (id=7a807f1e60d477a4d9b11f6ec0268e59): Total: 5.041 seconds - Initiated by StopAssetImportingV2(ForceSynchronousImport | ForceDomainReload)
	(Values over 0.05ms)
	Summary:
		Imports: total=0 (actual=0, local cache=0, cache server=0)
		Asset DB Process Time: managed=0 ms, native=3431 ms
		Asset DB Callback time: managed=77 ms, native=0 ms
		Scripting: domain reloads=1, domain reload time=1528 ms, compile time=3 ms, other=0 ms
		Project Asset Count: scripts=1599, non-scripts=3352
		Asset File Changes: new=0, changed=0, moved=0, deleted=0
		Scan Filter Count: 0
	InvokePackagesCallback: 3.250ms
	ApplyChangesToAssetFolders: 0.602ms
	Collect global state as custom dependencies: 6.063ms
	ProcessAssetsWithTransientArtifactChanges: 0.128ms
	CategorizeAssets: 106.262ms
	CompileScripts: 3.099ms
	ImportOutOfDateAssets: 3217.616ms (3213.402ms without children)
		CollectScriptTypesHashes: 1.562ms
		ReloadNativeAssets: 1.665ms
		UnloadImportedAssets: 0.374ms
		EnsureUptoDateAssetsAreRegisteredWithGuidPM: 1.435ms
		ImportSchedulerStart: 0.710ms
	PostProcessAllAssets: 77.394ms
		MonoPostProcessAllAssets: 77.388ms
			ShaderGraphAssetPostProcessor.OnPostprocessAllAssets 303.164ms
			PostProcessor.OnPostprocessAllAssets 94.197ms
			AssetPostprocessor.OnPostprocessAllAssets 76.525ms
			MaterialPostprocessor.OnPostprocessAllAssets 65.489ms
			AssetChangedListener.OnPostprocessAllAssets 42.585ms
			TextAssetPostProcessor.OnPostprocessAllAssets 42.219ms
			UniversalRenderPipelineGlobalSettingsPostprocessor.OnPostprocessAllAssets 39.367ms
			SpriteSlicePostprocessor.OnPostprocessAllAssets 29.671ms
			BuilderAssetPostprocessor.OnPostprocessAllAssets 13.810ms
			SyncVS.PostprocessSyncProject 4.626ms
			RetainedModeAssetPostprocessor.OnPostprocessAllAssets 4.391ms
			WindowAssetPostprocessingWatcher.OnPostprocessAllAssets 4.249ms
			SpeedTree9Postprocessor.OnPostprocessAllAssets 3.642ms
			ShaderReflectionAssetPostProcessor.OnPostprocessAllAssets 1.351ms
			RenderPipelineGlobalSettingsPostprocessor.OnPostprocessAllAssets 1.322ms
			StyleCatalogPostProcessor.OnPostprocessAllAssets 1.309ms
			ArtifactBrowserPostProcessor.OnPostprocessAllAssets 1.149ms
			ThemePostprocessor.OnPostprocessAllAssets 0.947ms
			SpriteShapeAssetPostProcessor.OnPostprocessAllAssets 0.934ms
			SpriteEditorTexturePostprocessor.OnPostprocessAllAssets 0.870ms
			EditModeScopePostprocessor.OnPostprocessAllAssets 0.730ms
			AudioMixerPostprocessor.OnPostprocessAllAssets 0.726ms
			UVCSAssetPostprocessor.OnPostprocessAllAssets 0.670ms
			AssetEvents.OnPostprocessAllAssets 0.632ms
			TMPro_TexturePostProcessor.OnPostprocessAllAssets 0.583ms
			SpeedTreePostProcessor.OnPostprocessAllAssets 0.546ms
			ReferencedClipsPostProcessor.OnPostprocessAllAssets 0.529ms
			SpriteLibraryAssetPostprocessor.OnPostprocessAllAssets 0.326ms
			AssetDatabaseCallbacks.OnPostprocessAllAssets 0.285ms
			AudioContainerPostProcessor.OnPostprocessAllAssets 0.250ms
			ConfigAssetsTracker.OnPostprocessAllAssets 0.242ms
			SamplePostprocessor.OnPostprocessAllAssets 0.237ms
			TerrainToolbarOverlayPostProcessor.OnPostprocessAllAssets 0.236ms
			PSDImportPostProcessor.OnPostprocessAllAssets 0.226ms
			ScenarioDriftAssetsTracker.OnPostprocessAllAssets 0.225ms
			AssetReloadNotifier.OnPostprocessAllAssets 0.197ms
			PSDImporterAssetPostProcessor.OnPostprocessAllAssets 0.170ms
			AssetProcessor.OnPostprocessAllAssets 0.126ms
	GatherAllCurrentPrimaryImportResultRevisions: 0.354ms
	PersistCurrentRevisions: 0.409ms
	GenerateScriptTypeHashes: 4.896ms
	GenerateScriptTypeSerializationHashes: 8.693ms
	Untracked: 1583.766ms

groundCheck n�o atribu�do em Player. Criar child vazio posicionado nos p�s e arrastar aqui.
UnityEngine.Debug:ExtractStackTraceNoAlloc (byte*,int,string)
UnityEngine.StackTraceUtility:ExtractStackTrace ()
UnityEngine.DebugLogHandler:Internal_Log (UnityEngine.LogType,UnityEngine.LogOption,string,UnityEngine.Object)
UnityEngine.DebugLogHandler:LogFormat (UnityEngine.LogType,UnityEngine.Object,string,object[])
UnityEngine.Logger:Log (UnityEngine.LogType,object)
UnityEngine.Debug:LogWarning (object)
PlayerController:Awake () (at Assets/Scripts/PlayerController.cs:29)

(Filename: Assets/Scripts/PlayerController.cs Line: 29)

Loaded scene 'Temp/__Backupscenes/0.backup'
	Deserialize:            2.257 ms
	Integration:            729.838 ms
	Integration of assets:  0.004 ms
	Thread Wait Time:       0.025 ms
	Total Operation Time:   732.122 ms
[Licensing::Client] Successfully resolved entitlement details
[Licensing::Client] Successfully resolved entitlement details
Unloading 2 Unused Serialized files (Serialized files now loaded: 0)
Loaded scene 'Temp/__Backupscenes/0.backup'
	Deserialize:            2.115 ms
	Integration:            43.321 ms
	Integration of assets:  0.003 ms
	Thread Wait Time:       0.025 ms
	Total Operation Time:   45.463 ms
Unloading 16 unused Assets / (165.9 KB). Loaded Objects now: 9405.
Memory consumption went from 0.61 GB to 0.61 GB.
Total: 43.628000 ms (FindLiveObjects: 1.622200 ms CreateObjectMapping: 0.412400 ms MarkObjects: 41.142700 ms  DeleteObjects: 0.104300 ms)

[Licensing::Client] Successfully resolved entitlement details
Asset Pipeline Refresh (id=125a01a55ed3dbf4f8370f515faae2b1): Total: 0.037 seconds - Initiated by RefreshV2(AllowForceSynchronousImport)
SpriteAtlasPacking completed in 0.006711 sec
Reloading assemblies for play mode.
Reloading assemblies after forced synchronous recompile.
Begin MonoManager ReloadAssembly
[Licensing::Client] Successfully resolved entitlement details
Refreshing native plugins compatible for Editor in 3.10 ms, found 5 plugins.
Native extension for WindowsStandalone target not found
Native extension for WebGL target not found
ScheduleIndexationOnStartup MainProcess:True IndexOnStartup:True
[MODES] ModeService[none].Initialize
[MODES] ModeService[none].LoadModes
Scripting: successfully reloaded assembly
- Finished resetting the current domain, in  3.052 seconds
Domain Reload Profiling: 4412ms
	BeginReloadAssembly (805ms)
		DisableScriptedObjects (209ms)
		CreateAndSetChildDomain (323ms)
	RebuildCommonClasses (17ms)
	RebuildNativeTypeToScriptingClass (30ms)
	initialDomainReloadingComplete (113ms)
	LoadAllAssembliesAndSetupDomain (394ms)
		LoadAssemblies (234ms)
		TypeCache.Refresh (13ms)
		AnalyzeDomain (45ms)
			ResolveRequiredComponents (40ms)
	FinalizeReload (3054ms)
		SetupLoadedEditorAssemblies (0ms)
			LogAssemblyErrors (5ms)
			InitializePlatformSupportModulesInManaged (4ms)
			BeforeProcessingInitializeOnLoad (183ms)
			ProcessInitializeOnLoadAttributes (406ms)
			ProcessInitializeOnLoadMethodAttributes (204ms)
			AfterProcessingInitializeOnLoad (8ms)
		AwakeInstancesAfterBackupRestoration (1351ms)

Asset Pipeline Refresh (id=b8909e89eb5e31447ad08cfe9e15bb67): Total: 4.809 seconds - Initiated by StopAssetImportingV2(ForceSynchronousImport | ForceDomainReload)
	(Values over 0.05ms)
	Summary:
		Imports: total=0 (actual=0, local cache=0, cache server=0)
		Asset DB Process Time: managed=0 ms, native=3303 ms
		Asset DB Callback time: managed=63 ms, native=0 ms
		Scripting: domain reloads=1, domain reload time=1439 ms, compile time=3 ms, other=0 ms
		Project Asset Count: scripts=1599, non-scripts=3352
		Asset File Changes: new=0, changed=0, moved=0, deleted=0
		Scan Filter Count: 0
	InvokePackagesCallback: 2.927ms
	ApplyChangesToAssetFolders: 0.635ms
	Collect global state as custom dependencies: 5.803ms
	ProcessAssetsWithTransientArtifactChanges: 0.128ms
	CategorizeAssets: 119.659ms
	CompileScripts: 2.777ms
	ImportOutOfDateAssets: 3069.212ms (3065.301ms without children)
		CollectScriptTypesHashes: 1.548ms
		ReloadNativeAssets: 1.839ms
		UnloadImportedAssets: 0.451ms
		EnsureUptoDateAssetsAreRegisteredWithGuidPM: 0.991ms
		ImportSchedulerStart: 0.601ms
	PostProcessAllAssets: 63.379ms
		MonoPostProcessAllAssets: 63.373ms
			ShaderGraphAssetPostProcessor.OnPostprocessAllAssets 303.164ms
			PostProcessor.OnPostprocessAllAssets 94.197ms
			AssetPostprocessor.OnPostprocessAllAssets 76.525ms
			MaterialPostprocessor.OnPostprocessAllAssets 65.489ms
			AssetChangedListener.OnPostprocessAllAssets 42.585ms
			TextAssetPostProcessor.OnPostprocessAllAssets 42.219ms
			UniversalRenderPipelineGlobalSettingsPostprocessor.OnPostprocessAllAssets 31.722ms
			SpriteSlicePostprocessor.OnPostprocessAllAssets 29.671ms
			BuilderAssetPostprocessor.OnPostprocessAllAssets 13.810ms
			SyncVS.PostprocessSyncProject 5.471ms
			RetainedModeAssetPostprocessor.OnPostprocessAllAssets 4.391ms
			SpeedTree9Postprocessor.OnPostprocessAllAssets 3.940ms
			WindowAssetPostprocessingWatcher.OnPostprocessAllAssets 3.443ms
			RenderPipelineGlobalSettingsPostprocessor.OnPostprocessAllAssets 1.559ms
			StyleCatalogPostProcessor.OnPostprocessAllAssets 1.309ms
			ArtifactBrowserPostProcessor.OnPostprocessAllAssets 1.149ms
			ThemePostprocessor.OnPostprocessAllAssets 0.947ms
			SpriteShapeAssetPostProcessor.OnPostprocessAllAssets 0.934ms
			ShaderReflectionAssetPostProcessor.OnPostprocessAllAssets 0.896ms
			SpriteEditorTexturePostprocessor.OnPostprocessAllAssets 0.870ms
			AudioMixerPostprocessor.OnPostprocessAllAssets 0.726ms
			UVCSAssetPostprocessor.OnPostprocessAllAssets 0.670ms
			AssetEvents.OnPostprocessAllAssets 0.632ms
			ReferencedClipsPostProcessor.OnPostprocessAllAssets 0.592ms
			TMPro_TexturePostProcessor.OnPostprocessAllAssets 0.583ms
			SpeedTreePostProcessor.OnPostprocessAllAssets 0.546ms
			EditModeScopePostprocessor.OnPostprocessAllAssets 0.439ms
			AssetDatabaseCallbacks.OnPostprocessAllAssets 0.333ms
			SpriteLibraryAssetPostprocessor.OnPostprocessAllAssets 0.326ms
			TerrainToolbarOverlayPostProcessor.OnPostprocessAllAssets 0.315ms
			AudioContainerPostProcessor.OnPostprocessAllAssets 0.250ms
			ConfigAssetsTracker.OnPostprocessAllAssets 0.242ms
			SamplePostprocessor.OnPostprocessAllAssets 0.237ms
			PSDImportPostProcessor.OnPostprocessAllAssets 0.226ms
			ScenarioDriftAssetsTracker.OnPostprocessAllAssets 0.225ms
			AssetReloadNotifier.OnPostprocessAllAssets 0.197ms
			PSDImporterAssetPostProcessor.OnPostprocessAllAssets 0.170ms
			AssetProcessor.OnPostprocessAllAssets 0.126ms
	GatherAllCurrentPrimaryImportResultRevisions: 0.308ms
	PersistCurrentRevisions: 0.188ms
	GenerateScriptTypeHashes: 5.409ms
	GenerateScriptTypeSerializationHashes: 9.592ms
	Untracked: 1503.531ms

groundCheck n�o atribu�do em Player. Criar child vazio posicionado nos p�s e arrastar aqui.
UnityEngine.Debug:ExtractStackTraceNoAlloc (byte*,int,string)
UnityEngine.StackTraceUtility:ExtractStackTrace ()
UnityEngine.DebugLogHandler:Internal_Log (UnityEngine.LogType,UnityEngine.LogOption,string,UnityEngine.Object)
UnityEngine.DebugLogHandler:LogFormat (UnityEngine.LogType,UnityEngine.Object,string,object[])
UnityEngine.Logger:Log (UnityEngine.LogType,object)
UnityEngine.Debug:LogWarning (object)
PlayerController:Awake () (at Assets/Scripts/PlayerController.cs:29)

(Filename: Assets/Scripts/PlayerController.cs Line: 29)

Loaded scene 'Temp/__Backupscenes/0.backup'
	Deserialize:            3.104 ms
	Integration:            690.992 ms
	Integration of assets:  0.004 ms
	Thread Wait Time:       0.032 ms
	Total Operation Time:   694.132 ms
[Licensing::Client] Successfully resolved entitlement details
[Licensing::Client] Successfully resolved entitlement details
Unloading 2 Unused Serialized files (Serialized files now loaded: 0)
Loaded scene 'Temp/__Backupscenes/0.backup'
	Deserialize:            2.032 ms
	Integration:            34.171 ms
	Integration of assets:  0.003 ms
	Thread Wait Time:       0.036 ms
	Total Operation Time:   36.242 ms
Unloading 16 unused Assets / (162.8 KB). Loaded Objects now: 9417.
Memory consumption went from 0.62 GB to 0.62 GB.
Total: 47.900500 ms (FindLiveObjects: 1.575600 ms CreateObjectMapping: 0.572900 ms MarkObjects: 45.283500 ms  DeleteObjects: 0.096700 ms)

[Licensing::Client] Successfully resolved entitlement details
SpriteAtlasPacking completed in 0.006393 sec
Reloading assemblies for play mode.
Reloading assemblies after forced synchronous recompile.
Begin MonoManager ReloadAssembly
Refreshing native plugins compatible for Editor in 4.67 ms, found 5 plugins.
Native extension for WindowsStandalone target not found
Native extension for WebGL target not found
ScheduleIndexationOnStartup MainProcess:True IndexOnStartup:True
[MODES] ModeService[none].Initialize
[MODES] ModeService[none].LoadModes
Scripting: successfully reloaded assembly
- Finished resetting the current domain, in  3.183 seconds
Domain Reload Profiling: 4620ms
	BeginReloadAssembly (879ms)
		DisableScriptedObjects (215ms)
		CreateAndSetChildDomain (366ms)
	RebuildCommonClasses (25ms)
	RebuildNativeTypeToScriptingClass (30ms)
	initialDomainReloadingComplete (99ms)
	LoadAllAssembliesAndSetupDomain (403ms)
		LoadAssemblies (256ms)
		TypeCache.Refresh (10ms)
		AnalyzeDomain (47ms)
			ResolveRequiredComponents (41ms)
	FinalizeReload (3184ms)
		SetupLoadedEditorAssemblies (0ms)
			LogAssemblyErrors (3ms)
			InitializePlatformSupportModulesInManaged (3ms)
			BeforeProcessingInitializeOnLoad (192ms)
			ProcessInitializeOnLoadAttributes (431ms)
			ProcessInitializeOnLoadMethodAttributes (226ms)
			AfterProcessingInitializeOnLoad (7ms)
		AwakeInstancesAfterBackupRestoration (1399ms)

Asset Pipeline Refresh (id=022093e57c6fcf849bbd0b283277239e): Total: 5.018 seconds - Initiated by StopAssetImportingV2(ForceSynchronousImport | ForceDomainReload)
	(Values over 0.05ms)
	Summary:
		Imports: total=0 (actual=0, local cache=0, cache server=0)
		Asset DB Process Time: managed=0 ms, native=3436 ms
		Asset DB Callback time: managed=69 ms, native=0 ms
		Scripting: domain reloads=1, domain reload time=1509 ms, compile time=3 ms, other=0 ms
		Project Asset Count: scripts=1599, non-scripts=3352
		Asset File Changes: new=0, changed=0, moved=0, deleted=0
		Scan Filter Count: 0
	InvokePackagesCallback: 2.689ms
	ApplyChangesToAssetFolders: 0.464ms
	Collect global state as custom dependencies: 6.057ms
	ProcessAssetsWithTransientArtifactChanges: 0.272ms
	CategorizeAssets: 109.174ms
	CompileScripts: 3.029ms
	ImportOutOfDateAssets: 3202.266ms (3198.218ms without children)
		CollectScriptTypesHashes: 1.289ms
		ReloadNativeAssets: 1.435ms
		UnloadImportedAssets: 0.576ms
		EnsureUptoDateAssetsAreRegisteredWithGuidPM: 1.273ms
		ImportSchedulerStart: 0.733ms
	PostProcessAllAssets: 69.140ms
		MonoPostProcessAllAssets: 69.133ms
			ShaderGraphAssetPostProcessor.OnPostprocessAllAssets 303.164ms
			PostProcessor.OnPostprocessAllAssets 94.197ms
			AssetPostprocessor.OnPostprocessAllAssets 76.525ms
			MaterialPostprocessor.OnPostprocessAllAssets 65.489ms
			AssetChangedListener.OnPostprocessAllAssets 42.585ms
			TextAssetPostProcessor.OnPostprocessAllAssets 42.219ms
			SpriteSlicePostprocessor.OnPostprocessAllAssets 29.671ms
			UniversalRenderPipelineGlobalSettingsPostprocessor.OnPostprocessAllAssets 29.449ms
			BuilderAssetPostprocessor.OnPostprocessAllAssets 13.810ms
			SyncVS.PostprocessSyncProject 7.273ms
			WindowAssetPostprocessingWatcher.OnPostprocessAllAssets 4.525ms
			SpeedTree9Postprocessor.OnPostprocessAllAssets 4.445ms
			RetainedModeAssetPostprocessor.OnPostprocessAllAssets 4.391ms
			RenderPipelineGlobalSettingsPostprocessor.OnPostprocessAllAssets 1.511ms
			StyleCatalogPostProcessor.OnPostprocessAllAssets 1.309ms
			ArtifactBrowserPostProcessor.OnPostprocessAllAssets 1.149ms
			ShaderReflectionAssetPostProcessor.OnPostprocessAllAssets 0.968ms
			ThemePostprocessor.OnPostprocessAllAssets 0.947ms
			SpriteShapeAssetPostProcessor.OnPostprocessAllAssets 0.934ms
			SpriteEditorTexturePostprocessor.OnPostprocessAllAssets 0.870ms
			AudioMixerPostprocessor.OnPostprocessAllAssets 0.726ms
			UVCSAssetPostprocessor.OnPostprocessAllAssets 0.670ms
			AssetEvents.OnPostprocessAllAssets 0.632ms
			ReferencedClipsPostProcessor.OnPostprocessAllAssets 0.606ms
			TMPro_TexturePostProcessor.OnPostprocessAllAssets 0.583ms
			SpeedTreePostProcessor.OnPostprocessAllAssets 0.546ms
			EditModeScopePostprocessor.OnPostprocessAllAssets 0.473ms
			TerrainToolbarOverlayPostProcessor.OnPostprocessAllAssets 0.376ms
			SpriteLibraryAssetPostprocessor.OnPostprocessAllAssets 0.326ms
			AssetDatabaseCallbacks.OnPostprocessAllAssets 0.318ms
			AudioContainerPostProcessor.OnPostprocessAllAssets 0.250ms
			ConfigAssetsTracker.OnPostprocessAllAssets 0.242ms
			SamplePostprocessor.OnPostprocessAllAssets 0.237ms
			PSDImportPostProcessor.OnPostprocessAllAssets 0.226ms
			ScenarioDriftAssetsTracker.OnPostprocessAllAssets 0.225ms
			AssetReloadNotifier.OnPostprocessAllAssets 0.197ms
			PSDImporterAssetPostProcessor.OnPostprocessAllAssets 0.170ms
			AssetProcessor.OnPostprocessAllAssets 0.126ms
	GatherAllCurrentPrimaryImportResultRevisions: 0.179ms
	UnloadStreamsBegin: 2.658ms
	PersistCurrentRevisions: 0.219ms
	GenerateScriptTypeHashes: 4.829ms
	GenerateScriptTypeSerializationHashes: 8.827ms
	Untracked: 1563.698ms

groundCheck n�o atribu�do em Player. Criar child vazio posicionado nos p�s e arrastar aqui.
UnityEngine.Debug:ExtractStackTraceNoAlloc (byte*,int,string)
UnityEngine.StackTraceUtility:ExtractStackTrace ()
UnityEngine.DebugLogHandler:Internal_Log (UnityEngine.LogType,UnityEngine.LogOption,string,UnityEngine.Object)
UnityEngine.DebugLogHandler:LogFormat (UnityEngine.LogType,UnityEngine.Object,string,object[])
UnityEngine.Logger:Log (UnityEngine.LogType,object)
UnityEngine.Debug:LogWarning (object)
PlayerController:Awake () (at Assets/Scripts/PlayerController.cs:29)

(Filename: Assets/Scripts/PlayerController.cs Line: 29)

Loaded scene 'Temp/__Backupscenes/0.backup'
	Deserialize:            2.638 ms
	Integration:            686.720 ms
	Integration of assets:  0.003 ms
	Thread Wait Time:       0.024 ms
	Total Operation Time:   689.386 ms
[Licensing::Client] Successfully resolved entitlement details
[Licensing::Client] Successfully resolved entitlement details
GameManager não encontrado na cena. Certificar que existe um GameManager com script anexado.
UnityEngine.Debug:ExtractStackTraceNoAlloc (byte*,int,string)
UnityEngine.StackTraceUtility:ExtractStackTrace ()
UnityEngine.DebugLogHandler:Internal_Log (UnityEngine.LogType,UnityEngine.LogOption,string,UnityEngine.Object)
UnityEngine.DebugLogHandler:LogFormat (UnityEngine.LogType,UnityEngine.Object,string,object[])
UnityEngine.Logger:Log (UnityEngine.LogType,object)
UnityEngine.Debug:LogWarning (object)
Collectible:OnTriggerEnter2D (UnityEngine.Collider2D) (at Assets/Scripts/Collectible.cs:20)

(Filename: Assets/Scripts/Collectible.cs Line: 20)

Unloading 2 Unused Serialized files (Serialized files now loaded: 0)
Loaded scene 'Temp/__Backupscenes/0.backup'
	Deserialize:            1.948 ms
	Integration:            36.131 ms
	Integration of assets:  0.003 ms
	Thread Wait Time:       0.025 ms
	Total Operation Time:   38.106 ms
Unloading 16 unused Assets / (70.8 KB). Loaded Objects now: 9440.
Memory consumption went from 0.63 GB to 0.63 GB.
Total: 47.328200 ms (FindLiveObjects: 1.711100 ms CreateObjectMapping: 0.602200 ms MarkObjects: 44.596700 ms  DeleteObjects: 0.087500 ms)

SpriteAtlasPacking completed in 0.006305 sec
Reloading assemblies for play mode.
Reloading assemblies after forced synchronous recompile.
Begin MonoManager ReloadAssembly
Refreshing native plugins compatible for Editor in 3.02 ms, found 5 plugins.
Native extension for WindowsStandalone target not found
Native extension for WebGL target not found
ScheduleIndexationOnStartup MainProcess:True IndexOnStartup:True
[MODES] ModeService[none].Initialize
[MODES] ModeService[none].LoadModes
Scripting: successfully reloaded assembly
- Finished resetting the current domain, in  3.209 seconds
Domain Reload Profiling: 4643ms
	BeginReloadAssembly (870ms)
		DisableScriptedObjects (231ms)
		CreateAndSetChildDomain (346ms)
	RebuildCommonClasses (18ms)
	RebuildNativeTypeToScriptingClass (29ms)
	initialDomainReloadingComplete (89ms)
	LoadAllAssembliesAndSetupDomain (428ms)
		LoadAssemblies (253ms)
		TypeCache.Refresh (12ms)
		AnalyzeDomain (51ms)
			ResolveRequiredComponents (45ms)
	FinalizeReload (3210ms)
		SetupLoadedEditorAssemblies (0ms)
			LogAssemblyErrors (5ms)
			InitializePlatformSupportModulesInManaged (4ms)
			BeforeProcessingInitializeOnLoad (198ms)
			ProcessInitializeOnLoadAttributes (424ms)
			ProcessInitializeOnLoadMethodAttributes (208ms)
			AfterProcessingInitializeOnLoad (8ms)
			EditorAssembliesLoaded (6ms)
		AwakeInstancesAfterBackupRestoration (1407ms)

Asset Pipeline Refresh (id=494c32c6f275c3b4ca0b77922465c503): Total: 5.039 seconds - Initiated by StopAssetImportingV2(ForceSynchronousImport | ForceDomainReload)
	(Values over 0.05ms)
	Summary:
		Imports: total=0 (actual=0, local cache=0, cache server=0)
		Asset DB Process Time: managed=0 ms, native=3454 ms
		Asset DB Callback time: managed=67 ms, native=0 ms
		Scripting: domain reloads=1, domain reload time=1514 ms, compile time=3 ms, other=0 ms
		Project Asset Count: scripts=1599, non-scripts=3352
		Asset File Changes: new=0, changed=0, moved=0, deleted=0
		Scan Filter Count: 0
	InvokePackagesCallback: 2.838ms
	ApplyChangesToAssetFolders: 0.498ms
	Collect global state as custom dependencies: 5.133ms
	ProcessAssetsWithTransientArtifactChanges: 0.290ms
	CategorizeAssets: 110.578ms
	CompileScripts: 2.832ms
	ImportOutOfDateAssets: 3225.561ms (3221.708ms without children)
		CollectScriptTypesHashes: 1.405ms
		ReloadNativeAssets: 1.602ms
		UnloadImportedAssets: 0.352ms
		EnsureUptoDateAssetsAreRegisteredWithGuidPM: 1.076ms
		ImportSchedulerStart: 0.795ms
	PostProcessAllAssets: 67.553ms
		MonoPostProcessAllAssets: 67.543ms
			ShaderGraphAssetPostProcessor.OnPostprocessAllAssets 303.164ms
			PostProcessor.OnPostprocessAllAssets 94.197ms
			AssetPostprocessor.OnPostprocessAllAssets 76.525ms
			MaterialPostprocessor.OnPostprocessAllAssets 65.489ms
			AssetChangedListener.OnPostprocessAllAssets 42.585ms
			TextAssetPostProcessor.OnPostprocessAllAssets 42.219ms
			SpriteSlicePostprocessor.OnPostprocessAllAssets 29.671ms
			UniversalRenderPipelineGlobalSettingsPostprocessor.OnPostprocessAllAssets 29.659ms
			BuilderAssetPostprocessor.OnPostprocessAllAssets 13.810ms
			SyncVS.PostprocessSyncProject 8.306ms
			SpeedTree9Postprocessor.OnPostprocessAllAssets 5.285ms
			RetainedModeAssetPostprocessor.OnPostprocessAllAssets 4.391ms
			WindowAssetPostprocessingWatcher.OnPostprocessAllAssets 3.378ms
			RenderPipelineGlobalSettingsPostprocessor.OnPostprocessAllAssets 1.535ms
			StyleCatalogPostProcessor.OnPostprocessAllAssets 1.309ms
			ArtifactBrowserPostProcessor.OnPostprocessAllAssets 1.149ms
			ShaderReflectionAssetPostProcessor.OnPostprocessAllAssets 1.004ms
			ThemePostprocessor.OnPostprocessAllAssets 0.947ms
			SpriteShapeAssetPostProcessor.OnPostprocessAllAssets 0.934ms
			SpriteEditorTexturePostprocessor.OnPostprocessAllAssets 0.870ms
			AudioMixerPostprocessor.OnPostprocessAllAssets 0.726ms
			UVCSAssetPostprocessor.OnPostprocessAllAssets 0.670ms
			AssetEvents.OnPostprocessAllAssets 0.632ms
			TMPro_TexturePostProcessor.OnPostprocessAllAssets 0.583ms
			ReferencedClipsPostProcessor.OnPostprocessAllAssets 0.551ms
			SpeedTreePostProcessor.OnPostprocessAllAssets 0.546ms
			EditModeScopePostprocessor.OnPostprocessAllAssets 0.523ms
			TerrainToolbarOverlayPostProcessor.OnPostprocessAllAssets 0.404ms
			SpriteLibraryAssetPostprocessor.OnPostprocessAllAssets 0.326ms
			AssetDatabaseCallbacks.OnPostprocessAllAssets 0.291ms
			AudioContainerPostProcessor.OnPostprocessAllAssets 0.250ms
			ConfigAssetsTracker.OnPostprocessAllAssets 0.242ms
			SamplePostprocessor.OnPostprocessAllAssets 0.237ms
			PSDImportPostProcessor.OnPostprocessAllAssets 0.226ms
			ScenarioDriftAssetsTracker.OnPostprocessAllAssets 0.225ms
			AssetReloadNotifier.OnPostprocessAllAssets 0.197ms
			PSDImporterAssetPostProcessor.OnPostprocessAllAssets 0.170ms
			AssetProcessor.OnPostprocessAllAssets 0.126ms
	GatherAllCurrentPrimaryImportResultRevisions: 0.202ms
	PersistCurrentRevisions: 0.227ms
	GenerateScriptTypeHashes: 4.573ms
	GenerateScriptTypeSerializationHashes: 8.320ms
	Untracked: 1574.444ms

groundCheck n�o atribu�do em Player. Criar child vazio posicionado nos p�s e arrastar aqui.
UnityEngine.Debug:ExtractStackTraceNoAlloc (byte*,int,string)
UnityEngine.StackTraceUtility:ExtractStackTrace ()
UnityEngine.DebugLogHandler:Internal_Log (UnityEngine.LogType,UnityEngine.LogOption,string,UnityEngine.Object)
UnityEngine.DebugLogHandler:LogFormat (UnityEngine.LogType,UnityEngine.Object,string,object[])
UnityEngine.Logger:Log (UnityEngine.LogType,object)
UnityEngine.Debug:LogWarning (object)
PlayerController:Awake () (at Assets/Scripts/PlayerController.cs:29)

(Filename: Assets/Scripts/PlayerController.cs Line: 29)

Loaded scene 'Temp/__Backupscenes/0.backup'
	Deserialize:            2.151 ms
	Integration:            722.951 ms
	Integration of assets:  0.003 ms
	Thread Wait Time:       0.022 ms
	Total Operation Time:   725.127 ms
[Licensing::Client] Successfully resolved entitlement details
[Licensing::Client] Successfully resolved entitlement details
GameManager não encontrado na cena. Certificar que existe um GameManager com script anexado.
UnityEngine.Debug:ExtractStackTraceNoAlloc (byte*,int,string)
UnityEngine.StackTraceUtility:ExtractStackTrace ()
UnityEngine.DebugLogHandler:Internal_Log (UnityEngine.LogType,UnityEngine.LogOption,string,UnityEngine.Object)
UnityEngine.DebugLogHandler:LogFormat (UnityEngine.LogType,UnityEngine.Object,string,object[])
UnityEngine.Logger:Log (UnityEngine.LogType,object)
UnityEngine.Debug:LogWarning (object)
Collectible:OnTriggerEnter2D (UnityEngine.Collider2D) (at Assets/Scripts/Collectible.cs:20)

(Filename: Assets/Scripts/Collectible.cs Line: 20)

Unloading 2 Unused Serialized files (Serialized files now loaded: 0)
Loaded scene 'Temp/__Backupscenes/0.backup'
	Deserialize:            2.341 ms
	Integration:            30.679 ms
	Integration of assets:  0.004 ms
	Thread Wait Time:       0.022 ms
	Total Operation Time:   33.046 ms
Unloading 16 unused Assets / (325.2 KB). Loaded Objects now: 9444.
Memory consumption went from 0.64 GB to 0.64 GB.
Total: 46.417800 ms (FindLiveObjects: 1.500100 ms CreateObjectMapping: 0.336200 ms MarkObjects: 44.181900 ms  DeleteObjects: 0.069900 ms)

[Licensing::Client] Successfully resolved entitlement details
SpriteAtlasPacking completed in 0.008489 sec
Reloading assemblies for play mode.
Reloading assemblies after forced synchronous recompile.
[Licensing::Client] Successfully resolved entitlement details
Begin MonoManager ReloadAssembly
Refreshing native plugins compatible for Editor in 2.97 ms, found 5 plugins.
Native extension for WindowsStandalone target not found
Native extension for WebGL target not found
ScheduleIndexationOnStartup MainProcess:True IndexOnStartup:True
[MODES] ModeService[none].Initialize
[MODES] ModeService[none].LoadModes
Scripting: successfully reloaded assembly
- Finished resetting the current domain, in  3.149 seconds
Domain Reload Profiling: 4525ms
	BeginReloadAssembly (783ms)
		DisableScriptedObjects (191ms)
		CreateAndSetChildDomain (331ms)
	RebuildCommonClasses (18ms)
	RebuildNativeTypeToScriptingClass (30ms)
	initialDomainReloadingComplete (107ms)
	LoadAllAssembliesAndSetupDomain (436ms)
		LoadAssemblies (244ms)
		TypeCache.Refresh (10ms)
		AnalyzeDomain (46ms)
			ResolveRequiredComponents (40ms)
	FinalizeReload (3151ms)
		SetupLoadedEditorAssemblies (0ms)
			LogAssemblyErrors (3ms)
			InitializePlatformSupportModulesInManaged (3ms)
			BeforeProcessingInitializeOnLoad (193ms)
			ProcessInitializeOnLoadAttributes (416ms)
			ProcessInitializeOnLoadMethodAttributes (213ms)
			AfterProcessingInitializeOnLoad (7ms)
		AwakeInstancesAfterBackupRestoration (1404ms)

Asset Pipeline Refresh (id=3b3ee3e89a6220f4fb2bfc72907e0fab): Total: 4.912 seconds - Initiated by StopAssetImportingV2(ForceSynchronousImport | ForceDomainReload)
	(Values over 0.05ms)
	Summary:
		Imports: total=0 (actual=0, local cache=0, cache server=0)
		Asset DB Process Time: managed=0 ms, native=3388 ms
		Asset DB Callback time: managed=64 ms, native=0 ms
		Scripting: domain reloads=1, domain reload time=1455 ms, compile time=4 ms, other=0 ms
		Project Asset Count: scripts=1599, non-scripts=3352
		Asset File Changes: new=0, changed=0, moved=0, deleted=0
		Scan Filter Count: 0
	InvokePackagesCallback: 2.649ms
	ApplyChangesToAssetFolders: 0.569ms
	Collect global state as custom dependencies: 4.814ms
	ProcessAssetsWithTransientArtifactChanges: 0.146ms
	CategorizeAssets: 102.106ms
	CompileScripts: 3.645ms
	ImportOutOfDateAssets: 3167.060ms (3163.266ms without children)
		CollectScriptTypesHashes: 1.237ms
		ReloadNativeAssets: 1.749ms
		UnloadImportedAssets: 0.316ms
		EnsureUptoDateAssetsAreRegisteredWithGuidPM: 1.000ms
		ImportSchedulerStart: 0.700ms
	PostProcessAllAssets: 64.029ms
		MonoPostProcessAllAssets: 64.023ms
			ShaderGraphAssetPostProcessor.OnPostprocessAllAssets 303.164ms
			PostProcessor.OnPostprocessAllAssets 94.197ms
			AssetPostprocessor.OnPostprocessAllAssets 76.525ms
			MaterialPostprocessor.OnPostprocessAllAssets 65.489ms
			AssetChangedListener.OnPostprocessAllAssets 42.585ms
			TextAssetPostProcessor.OnPostprocessAllAssets 42.219ms
			UniversalRenderPipelineGlobalSettingsPostprocessor.OnPostprocessAllAssets 30.950ms
			SpriteSlicePostprocessor.OnPostprocessAllAssets 29.671ms
			BuilderAssetPostprocessor.OnPostprocessAllAssets 13.810ms
			SyncVS.PostprocessSyncProject 5.360ms
			RetainedModeAssetPostprocessor.OnPostprocessAllAssets 4.391ms
			SpeedTree9Postprocessor.OnPostprocessAllAssets 4.157ms
			WindowAssetPostprocessingWatcher.OnPostprocessAllAssets 3.485ms
			RenderPipelineGlobalSettingsPostprocessor.OnPostprocessAllAssets 1.442ms
			StyleCatalogPostProcessor.OnPostprocessAllAssets 1.309ms
			ShaderReflectionAssetPostProcessor.OnPostprocessAllAssets 1.191ms
			ArtifactBrowserPostProcessor.OnPostprocessAllAssets 1.149ms
			ThemePostprocessor.OnPostprocessAllAssets 0.947ms
			SpriteShapeAssetPostProcessor.OnPostprocessAllAssets 0.934ms
			SpriteEditorTexturePostprocessor.OnPostprocessAllAssets 0.870ms
			AudioMixerPostprocessor.OnPostprocessAllAssets 0.726ms
			UVCSAssetPostprocessor.OnPostprocessAllAssets 0.670ms
			AssetEvents.OnPostprocessAllAssets 0.632ms
			ReferencedClipsPostProcessor.OnPostprocessAllAssets 0.605ms
			TerrainToolbarOverlayPostProcessor.OnPostprocessAllAssets 0.598ms
			TMPro_TexturePostProcessor.OnPostprocessAllAssets 0.583ms
			EditModeScopePostprocessor.OnPostprocessAllAssets 0.578ms
			SpeedTreePostProcessor.OnPostprocessAllAssets 0.546ms
			SpriteLibraryAssetPostprocessor.OnPostprocessAllAssets 0.326ms
			AssetDatabaseCallbacks.OnPostprocessAllAssets 0.305ms
			AudioContainerPostProcessor.OnPostprocessAllAssets 0.250ms
			ConfigAssetsTracker.OnPostprocessAllAssets 0.242ms
			SamplePostprocessor.OnPostprocessAllAssets 0.237ms
			PSDImportPostProcessor.OnPostprocessAllAssets 0.226ms
			ScenarioDriftAssetsTracker.OnPostprocessAllAssets 0.225ms
			AssetReloadNotifier.OnPostprocessAllAssets 0.197ms
			PSDImporterAssetPostProcessor.OnPostprocessAllAssets 0.170ms
			AssetProcessor.OnPostprocessAllAssets 0.126ms
	GatherAllCurrentPrimaryImportResultRevisions: 0.205ms
	UnloadStreamsBegin: 4.744ms
	PersistCurrentRevisions: 0.216ms
	GenerateScriptTypeHashes: 4.454ms
	GenerateScriptTypeSerializationHashes: 8.152ms
	Untracked: 1512.177ms

groundCheck n�o atribu�do em Player. Criar child vazio posicionado nos p�s e arrastar aqui.
UnityEngine.Debug:ExtractStackTraceNoAlloc (byte*,int,string)
UnityEngine.StackTraceUtility:ExtractStackTrace ()
UnityEngine.DebugLogHandler:Internal_Log (UnityEngine.LogType,UnityEngine.LogOption,string,UnityEngine.Object)
UnityEngine.DebugLogHandler:LogFormat (UnityEngine.LogType,UnityEngine.Object,string,object[])
UnityEngine.Logger:Log (UnityEngine.LogType,object)
UnityEngine.Debug:LogWarning (object)
PlayerController:Awake () (at Assets/Scripts/PlayerController.cs:29)

(Filename: Assets/Scripts/PlayerController.cs Line: 29)

Loaded scene 'Temp/__Backupscenes/0.backup'
	Deserialize:            2.581 ms
	Integration:            651.059 ms
	Integration of assets:  0.003 ms
	Thread Wait Time:       0.032 ms
	Total Operation Time:   653.676 ms
[Licensing::Client] Successfully resolved entitlement details
[Licensing::Client] Successfully resolved entitlement details
Unloading 2 Unused Serialized files (Serialized files now loaded: 0)
Loaded scene 'Temp/__Backupscenes/0.backup'
	Deserialize:            2.289 ms
	Integration:            34.447 ms
	Integration of assets:  0.004 ms
	Thread Wait Time:       0.027 ms
	Total Operation Time:   36.766 ms
Unloading 32 unused Assets / (307.9 KB). Loaded Objects now: 9711.
Memory consumption went from 0.65 GB to 0.65 GB.
Total: 34.907200 ms (FindLiveObjects: 1.487100 ms CreateObjectMapping: 0.265600 ms MarkObjects: 32.682100 ms  DeleteObjects: 0.146800 ms)

[Licensing::Client] Successfully resolved entitlement details
Asset Pipeline Refresh (id=27f57e7e7df5221438fd9ab957a5d552): Total: 0.033 seconds - Initiated by RefreshV2(AllowForceSynchronousImport)
Asset Pipeline Refresh (id=82c271256df49354a8b293b5cb3e7f71): Total: 0.006 seconds - Initiated by RefreshV2(AllowForceSynchronousImport)
Asset Pipeline Refresh (id=610ca37a73fa78948956d393c71439c1): Total: 0.011 seconds - Initiated by RefreshV2(AllowForceSynchronousImport)
[ScriptCompilation] Requested script compilation because: AssetDatabase observed changes in script compilation related files
Refreshing native plugins compatible for Editor in 4.14 ms, found 5 plugins.
Asset Pipeline Refresh (id=7eec9bf689163b54c8909d46fc4b6cfb): Total: 0.189 seconds - Initiated by RefreshV2(NoUpdateAssetOptions)
[Licensing::Client] Successfully resolved entitlement details
Starting: C:\Program Files\Unity\Hub\Editor\6000.6.2f1\Editor\Data\Tools\BuildPipeline\bee_backend.exe --ipc --defer-dag-verification --dagfile="Library/Bee/1900b0aE.dag" --continue-on-failure --profile="Library/Bee/backend1.traceevents" ScriptAssemblies
WorkingDir: C:/Users/Admin/Documents/Trabalho IPS/Desin de programacao de jogo/DPJ_Lab01/DPJ_Lab01_Base
ExitCode: 0 Duration: 7s287ms
[ 908/1180  0s] ILPP-Configuration Library/ilpp-configuration.nevergeneratedoutput
[BUSY       6s] Csc Library/Bee/artifacts/1900b0aE.dag/Assembly-CSharp.dll (+2 others)
[1176/1180  6s] Csc Library/Bee/artifacts/1900b0aE.dag/Assembly-CSharp.dll (+2 others)
[1177/1180  0s] ILPostProcess Library/Bee/artifacts/1900b0aE.dag/post-processed/Assembly-CSharp.dll (+pdb)
Processing assembly Library/Bee/artifacts/1900b0aE.dag/Assembly-CSharp.dll, with 148 defines and 371 references

processors: Unity.Jobs.CodeGen.JobsILPostProcessor, zzzUnity.Burst.CodeGen.BurstILPostProcessor

1 processor(s) skipped this assembly

running Unity.Jobs.CodeGen.JobsILPostProcessor
[1178/1180  0s] CopyFiles Library/ScriptAssemblies/Assembly-CSharp.pdb
[1179/1180  0s] CopyFiles Library/ScriptAssemblies/Assembly-CSharp.dll
*** Tundra build success (7.24 seconds), 5 items updated, 1180 evaluated
Reloading assemblies after forced synchronous recompile.
Total cache size 68022760
Total cache size after purge 68022760, took 00:00:00.3796656
Begin MonoManager ReloadAssembly
Refreshing native plugins compatible for Editor in 8.14 ms, found 5 plugins.
Native extension for WindowsStandalone target not found
Native extension for WebGL target not found
[MODES] ModeService[none].Initialize
[MODES] ModeService[none].LoadModes
ScheduleIndexationOnStartup MainProcess:True IndexOnStartup:True
Scripting: successfully reloaded assembly
- Finished resetting the current domain, in  3.338 seconds
Domain Reload Profiling: 5408ms
	BeginReloadAssembly (1010ms)
		DisableScriptedObjects (250ms)
		CreateAndSetChildDomain (360ms)
	RebuildCommonClasses (18ms)
	RebuildNativeTypeToScriptingClass (32ms)
	initialDomainReloadingComplete (109ms)
	LoadAllAssembliesAndSetupDomain (900ms)
		LoadAssemblies (313ms)
		TypeCache.Refresh (27ms)
		AnalyzeDomain (450ms)
			BuildScriptInfoCaches (397ms)
			ResolveRequiredComponents (51ms)
	FinalizeReload (3339ms)
		SetupLoadedEditorAssemblies (0ms)
			LogAssemblyErrors (4ms)
			InitializePlatformSupportModulesInManaged (7ms)
			BeforeProcessingInitializeOnLoad (393ms)
			ProcessInitializeOnLoadAttributes (429ms)
			ProcessInitializeOnLoadMethodAttributes (214ms)
			AfterProcessingInitializeOnLoad (10ms)
			EditorAssembliesLoaded (3ms)
		AwakeInstancesAfterBackupRestoration (1313ms)

Asset Pipeline Refresh (id=00dac9d92f5bb6d449fe655522ab6dfa): Total: 12.615 seconds - Initiated by RefreshV2(AllowForceSynchronousImport)
	(Values over 0.05ms)
	Summary:
		Imports: total=0 (actual=0, local cache=0, cache server=0)
		Asset DB Process Time: managed=0 ms, native=3585 ms
		Asset DB Callback time: managed=67 ms, native=0 ms
		Scripting: domain reloads=1, domain reload time=2230 ms, compile time=6731 ms, other=0 ms
		Project Asset Count: scripts=1599, non-scripts=3352
		Asset File Changes: new=0, changed=0, moved=0, deleted=0
		Scan Filter Count: 0
	InvokePackagesCallback: 5.029ms
	ApplyChangesToAssetFolders: 0.472ms
	Collect global state as custom dependencies: 8.077ms
	ProcessAssetsWithTransientArtifactChanges: 5.442ms
	CategorizeAssets: 99.080ms
	CompileScripts: 6730.956ms
	ImportOutOfDateAssets: 3356.194ms (3352.623ms without children)
		CollectScriptTypesHashes: 2.155ms
		ReloadNativeAssets: 1.607ms
		UnloadImportedAssets: 0.304ms
		EnsureUptoDateAssetsAreRegisteredWithGuidPM: 1.077ms
		ImportSchedulerStart: 0.554ms
	PostProcessAllAssets: 67.971ms
		MonoPostProcessAllAssets: 67.965ms
			UniversalRenderPipelineGlobalSettingsPostprocessor.OnPostprocessAllAssets 32.710ms
			BuilderAssetPostprocessor.OnPostprocessAllAssets 11.207ms
			AssetPostprocessor.OnPostprocessAllAssets 10.986ms
			AssetChangedListener.OnPostprocessAllAssets 9.719ms
			SyncVS.PostprocessSyncProject 6.989ms
			SpriteSlicePostprocessor.OnPostprocessAllAssets 4.390ms
			SpeedTree9Postprocessor.OnPostprocessAllAssets 3.823ms
			WindowAssetPostprocessingWatcher.OnPostprocessAllAssets 3.212ms
			ShaderGraphAssetPostProcessor.OnPostprocessAllAssets 3.159ms
			RetainedModeAssetPostprocessor.OnPostprocessAllAssets 2.560ms
			EditModeScopePostprocessor.OnPostprocessAllAssets 1.548ms
			RenderPipelineGlobalSettingsPostprocessor.OnPostprocessAllAssets 1.486ms
			SpriteEditorTexturePostprocessor.OnPostprocessAllAssets 1.457ms
			TMPro_TexturePostProcessor.OnPostprocessAllAssets 1.314ms
			ArtifactBrowserPostProcessor.OnPostprocessAllAssets 1.159ms
			ConfigAssetsTracker.OnPostprocessAllAssets 1.100ms
			MaterialPostprocessor.OnPostprocessAllAssets 1.032ms
			UVCSAssetPostprocessor.OnPostprocessAllAssets 1.003ms
			ShaderReflectionAssetPostProcessor.OnPostprocessAllAssets 0.823ms
			AudioMixerPostprocessor.OnPostprocessAllAssets 0.791ms
			TextAssetPostProcessor.OnPostprocessAllAssets 0.691ms
			ReferencedClipsPostProcessor.OnPostprocessAllAssets 0.592ms
			StyleCatalogPostProcessor.OnPostprocessAllAssets 0.561ms
			PostProcessor.OnPostprocessAllAssets 0.492ms
			SpriteShapeAssetPostProcessor.OnPostprocessAllAssets 0.487ms
			SpriteLibraryAssetPostprocessor.OnPostprocessAllAssets 0.445ms
			AssetEvents.OnPostprocessAllAssets 0.440ms
			SpeedTreePostProcessor.OnPostprocessAllAssets 0.398ms
			TerrainToolbarOverlayPostProcessor.OnPostprocessAllAssets 0.357ms
			AssetDatabaseCallbacks.OnPostprocessAllAssets 0.318ms
			SamplePostprocessor.OnPostprocessAllAssets 0.317ms
			ScenarioDriftAssetsTracker.OnPostprocessAllAssets 0.298ms
			ThemePostprocessor.OnPostprocessAllAssets 0.290ms
			PSDImportPostProcessor.OnPostprocessAllAssets 0.276ms
			AssetReloadNotifier.OnPostprocessAllAssets 0.256ms
			AssetProcessor.OnPostprocessAllAssets 0.200ms
			PSDImporterAssetPostProcessor.OnPostprocessAllAssets 0.191ms
			AudioContainerPostProcessor.OnPostprocessAllAssets 0.180ms
	GatherAllCurrentPrimaryImportResultRevisions: 0.230ms
	PersistCurrentRevisions: 0.190ms
	GenerateScriptTypeHashes: 4.603ms
	GenerateScriptTypeSerializationHashes: 8.472ms
	Untracked: 2309.992ms

[Licensing::Client] Successfully resolved entitlement details
[Licensing::Client] Successfully resolved entitlement details
Asset Pipeline Refresh (id=7bec5aecf82ffc848b27ff04db800c23): Total: 0.008 seconds - Initiated by RefreshV2(AllowForceSynchronousImport)
SpriteAtlasPacking completed in 0.007151 sec
Reloading assemblies for play mode.
Reloading assemblies after forced synchronous recompile.
Begin MonoManager ReloadAssembly
Refreshing native plugins compatible for Editor in 2.63 ms, found 5 plugins.
Native extension for WindowsStandalone target not found
Native extension for WebGL target not found
ScheduleIndexationOnStartup MainProcess:True IndexOnStartup:True
[MODES] ModeService[none].Initialize
[MODES] ModeService[none].LoadModes
Scripting: successfully reloaded assembly
- Finished resetting the current domain, in  3.262 seconds
Domain Reload Profiling: 4707ms
	BeginReloadAssembly (888ms)
		DisableScriptedObjects (264ms)
		CreateAndSetChildDomain (340ms)
	RebuildCommonClasses (24ms)
	RebuildNativeTypeToScriptingClass (32ms)
	initialDomainReloadingComplete (108ms)
	LoadAllAssembliesAndSetupDomain (392ms)
		LoadAssemblies (244ms)
		TypeCache.Refresh (11ms)
		AnalyzeDomain (44ms)
			ResolveRequiredComponents (39ms)
	FinalizeReload (3263ms)
		SetupLoadedEditorAssemblies (0ms)
			LogAssemblyErrors (3ms)
			InitializePlatformSupportModulesInManaged (4ms)
			BeforeProcessingInitializeOnLoad (190ms)
			ProcessInitializeOnLoadAttributes (425ms)
			ProcessInitializeOnLoadMethodAttributes (213ms)
			AfterProcessingInitializeOnLoad (9ms)
		AwakeInstancesAfterBackupRestoration (1433ms)

Asset Pipeline Refresh (id=82187de0310fc224791c3e2b948c0dab): Total: 5.087 seconds - Initiated by StopAssetImportingV2(ForceSynchronousImport | ForceDomainReload)
	(Values over 0.05ms)
	Summary:
		Imports: total=0 (actual=0, local cache=0, cache server=0)
		Asset DB Process Time: managed=0 ms, native=3502 ms
		Asset DB Callback time: managed=63 ms, native=0 ms
		Scripting: domain reloads=1, domain reload time=1516 ms, compile time=4 ms, other=0 ms
		Project Asset Count: scripts=1599, non-scripts=3352
		Asset File Changes: new=0, changed=0, moved=0, deleted=0
		Scan Filter Count: 0
	InvokePackagesCallback: 2.354ms
	ApplyChangesToAssetFolders: 0.395ms
	Collect global state as custom dependencies: 4.609ms
	ProcessAssetsWithTransientArtifactChanges: 0.185ms
	CategorizeAssets: 106.548ms
	CompileScripts: 3.838ms
	ImportOutOfDateAssets: 3276.203ms (3272.532ms without children)
		CollectScriptTypesHashes: 1.025ms
		ReloadNativeAssets: 1.724ms
		UnloadImportedAssets: 0.295ms
		EnsureUptoDateAssetsAreRegisteredWithGuidPM: 1.036ms
		ImportSchedulerStart: 0.558ms
	PostProcessAllAssets: 63.819ms
		MonoPostProcessAllAssets: 63.812ms
			UniversalRenderPipelineGlobalSettingsPostprocessor.OnPostprocessAllAssets 29.237ms
			BuilderAssetPostprocessor.OnPostprocessAllAssets 11.207ms
			AssetPostprocessor.OnPostprocessAllAssets 10.986ms
			AssetChangedListener.OnPostprocessAllAssets 9.719ms
			SyncVS.PostprocessSyncProject 7.227ms
			SpriteSlicePostprocessor.OnPostprocessAllAssets 4.390ms
			SpeedTree9Postprocessor.OnPostprocessAllAssets 4.126ms
			ShaderGraphAssetPostProcessor.OnPostprocessAllAssets 3.159ms
			WindowAssetPostprocessingWatcher.OnPostprocessAllAssets 2.860ms
			RetainedModeAssetPostprocessor.OnPostprocessAllAssets 2.560ms
			SpriteEditorTexturePostprocessor.OnPostprocessAllAssets 1.457ms
			TMPro_TexturePostProcessor.OnPostprocessAllAssets 1.314ms
			ArtifactBrowserPostProcessor.OnPostprocessAllAssets 1.159ms
			ConfigAssetsTracker.OnPostprocessAllAssets 1.100ms
			RenderPipelineGlobalSettingsPostprocessor.OnPostprocessAllAssets 1.089ms
			MaterialPostprocessor.OnPostprocessAllAssets 1.032ms
			UVCSAssetPostprocessor.OnPostprocessAllAssets 1.003ms
			ShaderReflectionAssetPostProcessor.OnPostprocessAllAssets 0.898ms
			AudioMixerPostprocessor.OnPostprocessAllAssets 0.791ms
			TextAssetPostProcessor.OnPostprocessAllAssets 0.691ms
			StyleCatalogPostProcessor.OnPostprocessAllAssets 0.561ms
			EditModeScopePostprocessor.OnPostprocessAllAssets 0.540ms
			PostProcessor.OnPostprocessAllAssets 0.492ms
			SpriteShapeAssetPostProcessor.OnPostprocessAllAssets 0.487ms
			ReferencedClipsPostProcessor.OnPostprocessAllAssets 0.460ms
			SpriteLibraryAssetPostprocessor.OnPostprocessAllAssets 0.445ms
			AssetEvents.OnPostprocessAllAssets 0.440ms
			SpeedTreePostProcessor.OnPostprocessAllAssets 0.398ms
			TerrainToolbarOverlayPostProcessor.OnPostprocessAllAssets 0.362ms
			SamplePostprocessor.OnPostprocessAllAssets 0.317ms
			ScenarioDriftAssetsTracker.OnPostprocessAllAssets 0.298ms
			ThemePostprocessor.OnPostprocessAllAssets 0.290ms
			PSDImportPostProcessor.OnPostprocessAllAssets 0.276ms
			AssetReloadNotifier.OnPostprocessAllAssets 0.256ms
			AssetDatabaseCallbacks.OnPostprocessAllAssets 0.235ms
			AssetProcessor.OnPostprocessAllAssets 0.200ms
			PSDImporterAssetPostProcessor.OnPostprocessAllAssets 0.191ms
			AudioContainerPostProcessor.OnPostprocessAllAssets 0.180ms
	GatherAllCurrentPrimaryImportResultRevisions: 0.187ms
	PersistCurrentRevisions: 0.203ms
	GenerateScriptTypeHashes: 5.462ms
	GenerateScriptTypeSerializationHashes: 10.069ms
	Untracked: 1569.616ms

Loaded scene 'Temp/__Backupscenes/0.backup'
	Deserialize:            3.120 ms
	Integration:            687.819 ms
	Integration of assets:  0.004 ms
	Thread Wait Time:       0.027 ms
	Total Operation Time:   690.970 ms
[Licensing::Client] Successfully resolved entitlement details
[Licensing::Client] Successfully resolved entitlement details
GameManager não encontrado na cena. Certificar que existe um GameManager com script anexado.
UnityEngine.Debug:ExtractStackTraceNoAlloc (byte*,int,string)
UnityEngine.StackTraceUtility:ExtractStackTrace ()
UnityEngine.DebugLogHandler:Internal_Log (UnityEngine.LogType,UnityEngine.LogOption,string,UnityEngine.Object)
UnityEngine.DebugLogHandler:LogFormat (UnityEngine.LogType,UnityEngine.Object,string,object[])
UnityEngine.Logger:Log (UnityEngine.LogType,object)
UnityEngine.Debug:LogWarning (object)
Collectible:OnTriggerEnter2D (UnityEngine.Collider2D) (at Assets/Scripts/Collectible.cs:20)

(Filename: Assets/Scripts/Collectible.cs Line: 20)

Unloading 2 Unused Serialized files (Serialized files now loaded: 0)
Loaded scene 'Temp/__Backupscenes/0.backup'
	Deserialize:            1.908 ms
	Integration:            32.905 ms
	Integration of assets:  0.004 ms
	Thread Wait Time:       0.030 ms
	Total Operation Time:   34.848 ms
Unloading 18 unused Assets / (0.5 MB). Loaded Objects now: 9729.
Memory consumption went from 0.67 GB to 0.67 GB.
Total: 45.644900 ms (FindLiveObjects: 1.554700 ms CreateObjectMapping: 0.381500 ms MarkObjects: 43.287300 ms  DeleteObjects: 0.088100 ms)

[Licensing::Client] Successfully resolved entitlement details
Asset Pipeline Refresh (id=6f448980aa2db994095637fb64400e26): Total: 0.032 seconds - Initiated by RefreshV2(AllowForceSynchronousImport)
Asset Pipeline Refresh (id=55d1ec686dc46c341a04e5955e27fe00): Total: 0.009 seconds - Initiated by RefreshV2(AllowForceSynchronousImport)
Asset Pipeline Refresh (id=2f6ebc24b7cc358488057280ae097fbc): Total: 0.018 seconds - Initiated by RefreshV2(AllowForceSynchronousImport)
Asset Pipeline Refresh (id=544b630dc9884a544950e0bd67f1a738): Total: 0.007 seconds - Initiated by RefreshV2(AllowForceSynchronousImport)
Asset Pipeline Refresh (id=c6bd48d207063c548a0a86d77b79728b): Total: 0.007 seconds - Initiated by RefreshV2(AllowForceSynchronousImport)
Asset Pipeline Refresh (id=f9222db8f6f4d484284a9cba48e91784): Total: 0.007 seconds - Initiated by RefreshV2(AllowForceSynchronousImport)
Asset Pipeline Refresh (id=79e867d7446e7b54485611b3104e7a5f): Total: 0.010 seconds - Initiated by RefreshV2(AllowForceSynchronousImport)
[Licensing::Client] Successfully resolved entitlement details
[Licensing::Client] Successfully updated the access token
[Licensing::Module] Successfully updated access token: "0pmy2rmB"... (expires: 2026-09-29T20:11:25Z)
[Licensing::Client] Successfully resolved entitlement details
[Licensing::Client] Successfully resolved entitlement details
SpriteAtlasPacking completed in 0.010687 sec
Reloading assemblies for play mode.
Reloading assemblies after forced synchronous recompile.
[Licensing::Client] Successfully resolved entitlement details
Begin MonoManager ReloadAssembly
Refreshing native plugins compatible for Editor in 3.22 ms, found 5 plugins.
Native extension for WindowsStandalone target not found
Native extension for WebGL target not found
ScheduleIndexationOnStartup MainProcess:True IndexOnStartup:True
[MODES] ModeService[none].Initialize
[MODES] ModeService[none].LoadModes
Scripting: successfully reloaded assembly
- Finished resetting the current domain, in  3.459 seconds
Domain Reload Profiling: 5079ms
	BeginReloadAssembly (1005ms)
		DisableScriptedObjects (229ms)
		CreateAndSetChildDomain (435ms)
	RebuildCommonClasses (26ms)
	RebuildNativeTypeToScriptingClass (30ms)
	initialDomainReloadingComplete (110ms)
	LoadAllAssembliesAndSetupDomain (447ms)
		LoadAssemblies (294ms)
		TypeCache.Refresh (11ms)
		AnalyzeDomain (50ms)
			ResolveRequiredComponents (44ms)
	FinalizeReload (3460ms)
		SetupLoadedEditorAssemblies (0ms)
			LogAssemblyErrors (4ms)
			InitializePlatformSupportModulesInManaged (5ms)
			BeforeProcessingInitializeOnLoad (180ms)
			ProcessInitializeOnLoadAttributes (427ms)
			ProcessInitializeOnLoadMethodAttributes (213ms)
			AfterProcessingInitializeOnLoad (10ms)
			EditorAssembliesLoaded (3ms)
		AwakeInstancesAfterBackupRestoration (1578ms)

Asset Pipeline Refresh (id=d36f90bbe4acade43a486c6e2d3c7212): Total: 5.478 seconds - Initiated by StopAssetImportingV2(ForceSynchronousImport | ForceDomainReload)
	(Values over 0.05ms)
	Summary:
		Imports: total=0 (actual=0, local cache=0, cache server=0)
		Asset DB Process Time: managed=0 ms, native=3707 ms
		Asset DB Callback time: managed=51 ms, native=0 ms
		Scripting: domain reloads=1, domain reload time=1714 ms, compile time=3 ms, other=0 ms
		Project Asset Count: scripts=1599, non-scripts=3352
		Asset File Changes: new=0, changed=0, moved=0, deleted=0
		Scan Filter Count: 0
	InvokePackagesCallback: 3.038ms
	ApplyChangesToAssetFolders: 0.581ms
	Collect global state as custom dependencies: 6.683ms
	ProcessAssetsWithTransientArtifactChanges: 0.282ms
	CategorizeAssets: 105.489ms
	CompileScripts: 2.936ms
	ImportOutOfDateAssets: 3478.836ms (3472.519ms without children)
		CollectScriptTypesHashes: 2.154ms
		ReloadNativeAssets: 1.980ms
		UnloadImportedAssets: 0.531ms
		EnsureUptoDateAssetsAreRegisteredWithGuidPM: 2.175ms
		ImportSchedulerStart: 1.602ms
	PostProcessAllAssets: 51.761ms
		MonoPostProcessAllAssets: 51.755ms
			UniversalRenderPipelineGlobalSettingsPostprocessor.OnPostprocessAllAssets 20.924ms
			BuilderAssetPostprocessor.OnPostprocessAllAssets 11.207ms
			AssetPostprocessor.OnPostprocessAllAssets 10.986ms
			AssetChangedListener.OnPostprocessAllAssets 9.719ms
			SyncVS.PostprocessSyncProject 5.993ms
			SpriteSlicePostprocessor.OnPostprocessAllAssets 4.390ms
			SpeedTree9Postprocessor.OnPostprocessAllAssets 3.487ms
			ShaderGraphAssetPostProcessor.OnPostprocessAllAssets 3.159ms
			WindowAssetPostprocessingWatcher.OnPostprocessAllAssets 2.851ms
			RetainedModeAssetPostprocessor.OnPostprocessAllAssets 2.560ms
			SpriteEditorTexturePostprocessor.OnPostprocessAllAssets 1.457ms
			TMPro_TexturePostProcessor.OnPostprocessAllAssets 1.314ms
			ArtifactBrowserPostProcessor.OnPostprocessAllAssets 1.159ms
			ConfigAssetsTracker.OnPostprocessAllAssets 1.100ms
			RenderPipelineGlobalSettingsPostprocessor.OnPostprocessAllAssets 1.099ms
			MaterialPostprocessor.OnPostprocessAllAssets 1.032ms
			UVCSAssetPostprocessor.OnPostprocessAllAssets 1.003ms
			ShaderReflectionAssetPostProcessor.OnPostprocessAllAssets 0.889ms
			AudioMixerPostprocessor.OnPostprocessAllAssets 0.791ms
			TextAssetPostProcessor.OnPostprocessAllAssets 0.691ms
			StyleCatalogPostProcessor.OnPostprocessAllAssets 0.561ms
			PostProcessor.OnPostprocessAllAssets 0.492ms
			SpriteShapeAssetPostProcessor.OnPostprocessAllAssets 0.487ms
			SpriteLibraryAssetPostprocessor.OnPostprocessAllAssets 0.445ms
			AssetEvents.OnPostprocessAllAssets 0.440ms
			EditModeScopePostprocessor.OnPostprocessAllAssets 0.417ms
			ReferencedClipsPostProcessor.OnPostprocessAllAssets 0.403ms
			SpeedTreePostProcessor.OnPostprocessAllAssets 0.398ms
			SamplePostprocessor.OnPostprocessAllAssets 0.317ms
			ScenarioDriftAssetsTracker.OnPostprocessAllAssets 0.298ms
			ThemePostprocessor.OnPostprocessAllAssets 0.290ms
			TerrainToolbarOverlayPostProcessor.OnPostprocessAllAssets 0.281ms
			PSDImportPostProcessor.OnPostprocessAllAssets 0.276ms
			AssetReloadNotifier.OnPostprocessAllAssets 0.256ms
			AssetDatabaseCallbacks.OnPostprocessAllAssets 0.236ms
			AssetProcessor.OnPostprocessAllAssets 0.200ms
			PSDImporterAssetPostProcessor.OnPostprocessAllAssets 0.191ms
			AudioContainerPostProcessor.OnPostprocessAllAssets 0.180ms
	GatherAllCurrentPrimaryImportResultRevisions: 0.368ms
	PersistCurrentRevisions: 0.214ms
	GenerateScriptTypeHashes: 5.552ms
	GenerateScriptTypeSerializationHashes: 10.499ms
	Untracked: 1780.581ms

Loaded scene 'Temp/__Backupscenes/0.backup'
	Deserialize:            3.345 ms
	Integration:            631.821 ms
	Integration of assets:  0.004 ms
	Thread Wait Time:       0.034 ms
	Total Operation Time:   635.204 ms
[Licensing::Client] Successfully resolved entitlement details
[Licensing::Client] Successfully resolved entitlement details
GameManager não encontrado na cena. Certificar que existe um GameManager com script anexado.
UnityEngine.Debug:ExtractStackTraceNoAlloc (byte*,int,string)
UnityEngine.StackTraceUtility:ExtractStackTrace ()
UnityEngine.DebugLogHandler:Internal_Log (UnityEngine.LogType,UnityEngine.LogOption,string,UnityEngine.Object)
UnityEngine.DebugLogHandler:LogFormat (UnityEngine.LogType,UnityEngine.Object,string,object[])
UnityEngine.Logger:Log (UnityEngine.LogType,object)
UnityEngine.Debug:LogWarning (object)
Collectible:OnTriggerEnter2D (UnityEngine.Collider2D) (at Assets/Scripts/Collectible.cs:20)

(Filename: Assets/Scripts/Collectible.cs Line: 20)

Unloading 2 Unused Serialized files (Serialized files now loaded: 0)
Loaded scene 'Temp/__Backupscenes/0.backup'
	Deserialize:            2.729 ms
	Integration:            46.008 ms
	Integration of assets:  0.006 ms
	Thread Wait Time:       0.069 ms
	Total Operation Time:   48.813 ms
Unloading 39 unused Assets / (363.7 KB). Loaded Objects now: 9746.
Memory consumption went from 0.68 GB to 0.68 GB.
Total: 41.228600 ms (FindLiveObjects: 2.527400 ms CreateObjectMapping: 0.451100 ms MarkObjects: 37.653100 ms  DeleteObjects: 0.261900 ms)

[Licensing::Client] Successfully resolved entitlement details
Asset Pipeline Refresh (id=b4ea36b521c27ba47b45860c8dbbea51): Total: 0.026 seconds - Initiated by RefreshV2(AllowForceSynchronousImport)
[Licensing::Client] Successfully resolved entitlement details
SpriteAtlasPacking completed in 0.009909 sec
Reloading assemblies for play mode.
Reloading assemblies after forced synchronous recompile.
[Licensing::Client] Successfully resolved entitlement details
Begin MonoManager ReloadAssembly
Refreshing native plugins compatible for Editor in 3.20 ms, found 5 plugins.
Native extension for WindowsStandalone target not found
Native extension for WebGL target not found
ScheduleIndexationOnStartup MainProcess:True IndexOnStartup:True
[MODES] ModeService[none].Initialize
[MODES] ModeService[none].LoadModes
Scripting: successfully reloaded assembly
- Finished resetting the current domain, in  3.458 seconds
Domain Reload Profiling: 5122ms
	BeginReloadAssembly (1048ms)
		DisableScriptedObjects (297ms)
		CreateAndSetChildDomain (442ms)
	RebuildCommonClasses (24ms)
	RebuildNativeTypeToScriptingClass (32ms)
	initialDomainReloadingComplete (117ms)
	LoadAllAssembliesAndSetupDomain (442ms)
		LoadAssemblies (251ms)
		TypeCache.Refresh (11ms)
		AnalyzeDomain (49ms)
			ResolveRequiredComponents (43ms)
	FinalizeReload (3460ms)
		SetupLoadedEditorAssemblies (0ms)
			LogAssemblyErrors (4ms)
			InitializePlatformSupportModulesInManaged (4ms)
			BeforeProcessingInitializeOnLoad (185ms)
			ProcessInitializeOnLoadAttributes (411ms)
			ProcessInitializeOnLoadMethodAttributes (210ms)
			AfterProcessingInitializeOnLoad (10ms)
			EditorAssembliesLoaded (4ms)
		AwakeInstancesAfterBackupRestoration (1593ms)

Asset Pipeline Refresh (id=040eeed286d070e49aa8fea83ef1c74c): Total: 5.588 seconds - Initiated by StopAssetImportingV2(ForceSynchronousImport | ForceDomainReload)
	(Values over 0.05ms)
	Summary:
		Imports: total=0 (actual=0, local cache=0, cache server=0)
		Asset DB Process Time: managed=0 ms, native=3751 ms
		Asset DB Callback time: managed=65 ms, native=0 ms
		Scripting: domain reloads=1, domain reload time=1767 ms, compile time=3 ms, other=0 ms
		Project Asset Count: scripts=1599, non-scripts=3352
		Asset File Changes: new=0, changed=0, moved=0, deleted=0
		Scan Filter Count: 0
	InvokePackagesCallback: 3.007ms
	ApplyChangesToAssetFolders: 0.560ms
	Collect global state as custom dependencies: 6.246ms
	ProcessAssetsWithTransientArtifactChanges: 0.178ms
	CategorizeAssets: 111.424ms
	CompileScripts: 2.923ms
	ImportOutOfDateAssets: 3478.045ms (3472.553ms without children)
		CollectScriptTypesHashes: 1.685ms
		ReloadNativeAssets: 2.602ms
		UnloadImportedAssets: 0.547ms
		EnsureUptoDateAssetsAreRegisteredWithGuidPM: 1.442ms
		ImportSchedulerStart: 0.872ms
	PostProcessAllAssets: 65.992ms
		MonoPostProcessAllAssets: 65.986ms
			UniversalRenderPipelineGlobalSettingsPostprocessor.OnPostprocessAllAssets 25.080ms
			BuilderAssetPostprocessor.OnPostprocessAllAssets 11.207ms
			AssetPostprocessor.OnPostprocessAllAssets 10.986ms
			AssetChangedListener.OnPostprocessAllAssets 9.719ms
			SyncVS.PostprocessSyncProject 7.559ms
			SpeedTree9Postprocessor.OnPostprocessAllAssets 4.623ms
			WindowAssetPostprocessingWatcher.OnPostprocessAllAssets 4.470ms
			SpriteSlicePostprocessor.OnPostprocessAllAssets 4.390ms
			ShaderGraphAssetPostProcessor.OnPostprocessAllAssets 3.159ms
			RetainedModeAssetPostprocessor.OnPostprocessAllAssets 2.560ms
			RenderPipelineGlobalSettingsPostprocessor.OnPostprocessAllAssets 1.778ms
			SpriteEditorTexturePostprocessor.OnPostprocessAllAssets 1.457ms
			ShaderReflectionAssetPostProcessor.OnPostprocessAllAssets 1.319ms
			TMPro_TexturePostProcessor.OnPostprocessAllAssets 1.314ms
			ArtifactBrowserPostProcessor.OnPostprocessAllAssets 1.159ms
			ConfigAssetsTracker.OnPostprocessAllAssets 1.100ms
			MaterialPostprocessor.OnPostprocessAllAssets 1.032ms
			UVCSAssetPostprocessor.OnPostprocessAllAssets 1.003ms
			AudioMixerPostprocessor.OnPostprocessAllAssets 0.791ms
			ReferencedClipsPostProcessor.OnPostprocessAllAssets 0.727ms
			EditModeScopePostprocessor.OnPostprocessAllAssets 0.720ms
			TextAssetPostProcessor.OnPostprocessAllAssets 0.691ms
			StyleCatalogPostProcessor.OnPostprocessAllAssets 0.561ms
			PostProcessor.OnPostprocessAllAssets 0.492ms
			SpriteShapeAssetPostProcessor.OnPostprocessAllAssets 0.487ms
			SpriteLibraryAssetPostprocessor.OnPostprocessAllAssets 0.445ms
			AssetEvents.OnPostprocessAllAssets 0.440ms
			TerrainToolbarOverlayPostProcessor.OnPostprocessAllAssets 0.431ms
			SpeedTreePostProcessor.OnPostprocessAllAssets 0.398ms
			AssetDatabaseCallbacks.OnPostprocessAllAssets 0.388ms
			SamplePostprocessor.OnPostprocessAllAssets 0.317ms
			ScenarioDriftAssetsTracker.OnPostprocessAllAssets 0.298ms
			ThemePostprocessor.OnPostprocessAllAssets 0.290ms
			PSDImportPostProcessor.OnPostprocessAllAssets 0.276ms
			AssetReloadNotifier.OnPostprocessAllAssets 0.256ms
			AssetProcessor.OnPostprocessAllAssets 0.200ms
			PSDImporterAssetPostProcessor.OnPostprocessAllAssets 0.191ms
			AudioContainerPostProcessor.OnPostprocessAllAssets 0.180ms
	GatherAllCurrentPrimaryImportResultRevisions: 0.371ms
	UnloadStreamsBegin: 4.556ms
	PersistCurrentRevisions: 0.234ms
	GenerateScriptTypeHashes: 5.398ms
	GenerateScriptTypeSerializationHashes: 9.936ms
	Untracked: 1823.473ms

Loaded scene 'Temp/__Backupscenes/0.backup'
	Deserialize:            4.554 ms
	Integration:            720.209 ms
	Integration of assets:  0.006 ms
	Thread Wait Time:       0.031 ms
	Total Operation Time:   724.801 ms
[Licensing::Client] Successfully resolved entitlement details
[Licensing::Client] Successfully resolved entitlement details
Asset Pipeline Refresh (id=6e4f7500a23d3cf4abf55263be3973cf): Total: 0.036 seconds - Initiated by RefreshV2(NoUpdateAssetOptions)
Unloading 0 Unused Serialized files (Serialized files now loaded: 0)
Loaded scene 'Temp/__Backupscenes/0.backup'
	Deserialize:            3.125 ms
	Integration:            39.210 ms
	Integration of assets:  0.006 ms
	Thread Wait Time:       0.021 ms
	Total Operation Time:   42.361 ms
Unloading 28 unused Assets / (173.7 KB). Loaded Objects now: 9798.
Memory consumption went from 0.70 GB to 0.70 GB.
Total: 43.658500 ms (FindLiveObjects: 1.869300 ms CreateObjectMapping: 0.652700 ms MarkObjects: 40.533700 ms  DeleteObjects: 0.202200 ms)

[Licensing::Client] Successfully resolved entitlement details
SpriteAtlasPacking completed in 0.006625 sec
Reloading assemblies for play mode.
Reloading assemblies after forced synchronous recompile.
Begin MonoManager ReloadAssembly
Refreshing native plugins compatible for Editor in 3.50 ms, found 5 plugins.
Native extension for WindowsStandalone target not found
Native extension for WebGL target not found
ScheduleIndexationOnStartup MainProcess:True IndexOnStartup:True
[MODES] ModeService[none].Initialize
[MODES] ModeService[none].LoadModes
Scripting: successfully reloaded assembly
- Finished resetting the current domain, in  3.899 seconds
Domain Reload Profiling: 5625ms
	BeginReloadAssembly (1082ms)
		DisableScriptedObjects (293ms)
		CreateAndSetChildDomain (445ms)
	RebuildCommonClasses (22ms)
	RebuildNativeTypeToScriptingClass (32ms)
	initialDomainReloadingComplete (124ms)
	LoadAllAssembliesAndSetupDomain (466ms)
		LoadAssemblies (286ms)
		TypeCache.Refresh (12ms)
		AnalyzeDomain (61ms)
			ResolveRequiredComponents (55ms)
	FinalizeReload (3900ms)
		SetupLoadedEditorAssemblies (0ms)
			LogAssemblyErrors (4ms)
			InitializePlatformSupportModulesInManaged (4ms)
			BeforeProcessingInitializeOnLoad (222ms)
			ProcessInitializeOnLoadAttributes (477ms)
			ProcessInitializeOnLoadMethodAttributes (223ms)
			AfterProcessingInitializeOnLoad (12ms)
			EditorAssembliesLoaded (3ms)
		AwakeInstancesAfterBackupRestoration (1842ms)

Asset Pipeline Refresh (id=aeea37ad8b8c01d418db1a0f04ae8298): Total: 6.058 seconds - Initiated by StopAssetImportingV2(ForceSynchronousImport | ForceDomainReload)
	(Values over 0.05ms)
	Summary:
		Imports: total=0 (actual=0, local cache=0, cache server=0)
		Asset DB Process Time: managed=0 ms, native=4176 ms
		Asset DB Callback time: managed=56 ms, native=0 ms
		Scripting: domain reloads=1, domain reload time=1820 ms, compile time=4 ms, other=0 ms
		Project Asset Count: scripts=1599, non-scripts=3352
		Asset File Changes: new=0, changed=0, moved=0, deleted=0
		Scan Filter Count: 0
	InvokePackagesCallback: 3.042ms
	ApplyChangesToAssetFolders: 0.620ms
	Collect global state as custom dependencies: 6.090ms
	ProcessAssetsWithTransientArtifactChanges: 0.351ms
	CategorizeAssets: 139.695ms
	CompileScripts: 3.846ms
	ImportOutOfDateAssets: 3924.998ms (3918.366ms without children)
		CollectScriptTypesHashes: 1.256ms
		ReloadNativeAssets: 2.910ms
		UnloadImportedAssets: 0.635ms
		EnsureUptoDateAssetsAreRegisteredWithGuidPM: 2.103ms
		ImportSchedulerStart: 0.913ms
	PostProcessAllAssets: 56.574ms
		MonoPostProcessAllAssets: 56.565ms
			UniversalRenderPipelineGlobalSettingsPostprocessor.OnPostprocessAllAssets 20.881ms
			BuilderAssetPostprocessor.OnPostprocessAllAssets 11.207ms
			AssetPostprocessor.OnPostprocessAllAssets 10.986ms
			AssetChangedListener.OnPostprocessAllAssets 9.719ms
			SyncVS.PostprocessSyncProject 6.858ms
			SpriteSlicePostprocessor.OnPostprocessAllAssets 4.390ms
			WindowAssetPostprocessingWatcher.OnPostprocessAllAssets 3.950ms
			ShaderGraphAssetPostProcessor.OnPostprocessAllAssets 3.159ms
			SpeedTree9Postprocessor.OnPostprocessAllAssets 3.087ms
			RetainedModeAssetPostprocessor.OnPostprocessAllAssets 2.560ms
			RenderPipelineGlobalSettingsPostprocessor.OnPostprocessAllAssets 1.581ms
			SpriteEditorTexturePostprocessor.OnPostprocessAllAssets 1.457ms
			TMPro_TexturePostProcessor.OnPostprocessAllAssets 1.314ms
			ArtifactBrowserPostProcessor.OnPostprocessAllAssets 1.159ms
			ConfigAssetsTracker.OnPostprocessAllAssets 1.100ms
			ShaderReflectionAssetPostProcessor.OnPostprocessAllAssets 1.073ms
			MaterialPostprocessor.OnPostprocessAllAssets 1.032ms
			UVCSAssetPostprocessor.OnPostprocessAllAssets 1.003ms
			AudioMixerPostprocessor.OnPostprocessAllAssets 0.791ms
			TextAssetPostProcessor.OnPostprocessAllAssets 0.691ms
			ReferencedClipsPostProcessor.OnPostprocessAllAssets 0.646ms
			StyleCatalogPostProcessor.OnPostprocessAllAssets 0.561ms
			PostProcessor.OnPostprocessAllAssets 0.492ms
			SpriteShapeAssetPostProcessor.OnPostprocessAllAssets 0.487ms
			EditModeScopePostprocessor.OnPostprocessAllAssets 0.475ms
			SpriteLibraryAssetPostprocessor.OnPostprocessAllAssets 0.445ms
			AssetEvents.OnPostprocessAllAssets 0.440ms
			SpeedTreePostProcessor.OnPostprocessAllAssets 0.398ms
			AssetDatabaseCallbacks.OnPostprocessAllAssets 0.325ms
			SamplePostprocessor.OnPostprocessAllAssets 0.317ms
			ScenarioDriftAssetsTracker.OnPostprocessAllAssets 0.298ms
			ThemePostprocessor.OnPostprocessAllAssets 0.290ms
			PSDImportPostProcessor.OnPostprocessAllAssets 0.276ms
			AssetReloadNotifier.OnPostprocessAllAssets 0.256ms
			TerrainToolbarOverlayPostProcessor.OnPostprocessAllAssets 0.249ms
			AssetProcessor.OnPostprocessAllAssets 0.200ms
			PSDImporterAssetPostProcessor.OnPostprocessAllAssets 0.191ms
			AudioContainerPostProcessor.OnPostprocessAllAssets 0.180ms
	GatherAllCurrentPrimaryImportResultRevisions: 0.205ms
	PersistCurrentRevisions: 0.237ms
	GenerateScriptTypeHashes: 6.668ms
	GenerateScriptTypeSerializationHashes: 12.166ms
	Untracked: 1881.570ms

Loaded scene 'Temp/__Backupscenes/0.backup'
	Deserialize:            4.827 ms
	Integration:            730.017 ms
	Integration of assets:  0.006 ms
	Thread Wait Time:       0.025 ms
	Total Operation Time:   734.875 ms
[Licensing::Client] Successfully resolved entitlement details
[Licensing::Client] Successfully resolved entitlement details
Asset Pipeline Refresh (id=f4c30253dec15454a9e809ea52698d1b): Total: 0.017 seconds - Initiated by RefreshV2(NoUpdateAssetOptions)
Unloading 0 Unused Serialized files (Serialized files now loaded: 0)
Loaded scene 'Temp/__Backupscenes/0.backup'
	Deserialize:            2.648 ms
	Integration:            40.451 ms
	Integration of assets:  0.004 ms
	Thread Wait Time:       0.016 ms
	Total Operation Time:   43.119 ms
Unloading 16 unused Assets / (75.5 KB). Loaded Objects now: 9803.
Memory consumption went from 0.71 GB to 0.71 GB.
Total: 42.542700 ms (FindLiveObjects: 1.828200 ms CreateObjectMapping: 0.592500 ms MarkObjects: 39.471300 ms  DeleteObjects: 0.295000 ms)

Asset Pipeline Refresh (id=e8d94613ab62f3e4497264bec4b16c62): Total: 0.017 seconds - Initiated by RefreshV2(AllowForceSynchronousImport)
Asset Pipeline Refresh (id=b01851e48ee021f4c95fc763c141cf4a): Total: 0.007 seconds - Initiated by RefreshV2(AllowForceSynchronousImport)
Asset Pipeline Refresh (id=d35ba1069639d494cbbf3a08013b0553): Total: 0.008 seconds - Initiated by RefreshV2(AllowForceSynchronousImport)
Asset Pipeline Refresh (id=d610483d5de4636488988271cf5f848a): Total: 0.012 seconds - Initiated by RefreshV2(AllowForceSynchronousImport)
Asset Pipeline Refresh (id=78ac4d646fb026d4eadb057f153c510b): Total: 0.008 seconds - Initiated by RefreshV2(AllowForceSynchronousImport)
Asset Pipeline Refresh (id=85de3f9df688d2c4695208874d180cb4): Total: 0.011 seconds - Initiated by RefreshV2(AllowForceSynchronousImport)
GUILayout: Mismatched LayoutGroup.Ignore
[Licensing::Client] Successfully resolved entitlement details
[Worker0] Imported GUID: 703ae5541ff0c764d889f44437ff3ed4 - Path: Assets/Scripts/GameManager.cs - Importer: PreviewImporter -> (ImportResultId: '1e550765ca76a3ecde7e6dc1222048c9') in 0.1549218 seconds
Asset Pipeline Refresh (id=f2c71d25051913c4880ef21d8adfbd06): Total: 0.012 seconds - Initiated by RefreshV2(AllowForceSynchronousImport)
SpriteAtlasPacking completed in 0.009905 sec
Reloading assemblies for play mode.
Reloading assemblies after forced synchronous recompile.
Begin MonoManager ReloadAssembly
Refreshing native plugins compatible for Editor in 3.34 ms, found 5 plugins.
Native extension for WindowsStandalone target not found
Native extension for WebGL target not found
ScheduleIndexationOnStartup MainProcess:True IndexOnStartup:True
[MODES] ModeService[none].Initialize
[MODES] ModeService[none].LoadModes
Scripting: successfully reloaded assembly
- Finished resetting the current domain, in  3.201 seconds
Domain Reload Profiling: 4834ms
	BeginReloadAssembly (990ms)
		DisableScriptedObjects (265ms)
		CreateAndSetChildDomain (415ms)
	RebuildCommonClasses (22ms)
	RebuildNativeTypeToScriptingClass (30ms)
	initialDomainReloadingComplete (109ms)
	LoadAllAssembliesAndSetupDomain (481ms)
		LoadAssemblies (285ms)
		TypeCache.Refresh (14ms)
		AnalyzeDomain (69ms)
			ResolveRequiredComponents (59ms)
	FinalizeReload (3202ms)
		SetupLoadedEditorAssemblies (0ms)
			LogAssemblyErrors (3ms)
			InitializePlatformSupportModulesInManaged (4ms)
			BeforeProcessingInitializeOnLoad (175ms)
			ProcessInitializeOnLoadAttributes (417ms)
			ProcessInitializeOnLoadMethodAttributes (201ms)
			AfterProcessingInitializeOnLoad (9ms)
			EditorAssembliesLoaded (3ms)
		AwakeInstancesAfterBackupRestoration (1455ms)

Asset Pipeline Refresh (id=cdf1e09f9858b2c44936e1b9590b0a32): Total: 5.242 seconds - Initiated by StopAssetImportingV2(ForceSynchronousImport | ForceDomainReload)
	(Values over 0.05ms)
	Summary:
		Imports: total=0 (actual=0, local cache=0, cache server=0)
		Asset DB Process Time: managed=0 ms, native=3408 ms
		Asset DB Callback time: managed=58 ms, native=0 ms
		Scripting: domain reloads=1, domain reload time=1770 ms, compile time=3 ms, other=0 ms
		Project Asset Count: scripts=1599, non-scripts=3352
		Asset File Changes: new=0, changed=0, moved=0, deleted=0
		Scan Filter Count: 0
	InvokePackagesCallback: 2.745ms
	ApplyChangesToAssetFolders: 0.457ms
	Collect global state as custom dependencies: 5.433ms
	ProcessAssetsWithTransientArtifactChanges: 0.170ms
	CategorizeAssets: 101.176ms
	CompileScripts: 2.980ms
	ImportOutOfDateAssets: 3217.851ms (3213.831ms without children)
		CollectScriptTypesHashes: 1.638ms
		ReloadNativeAssets: 2.006ms
		UnloadImportedAssets: 0.376ms
		EnsureUptoDateAssetsAreRegisteredWithGuidPM: 0.933ms
		ImportSchedulerStart: 0.676ms
	PostProcessAllAssets: 58.540ms
		MonoPostProcessAllAssets: 58.535ms
			UniversalRenderPipelineGlobalSettingsPostprocessor.OnPostprocessAllAssets 25.578ms
			BuilderAssetPostprocessor.OnPostprocessAllAssets 11.207ms
			AssetPostprocessor.OnPostprocessAllAssets 10.986ms
			AssetChangedListener.OnPostprocessAllAssets 9.719ms
			SyncVS.PostprocessSyncProject 4.747ms
			SpriteSlicePostprocessor.OnPostprocessAllAssets 4.390ms
			SpeedTree9Postprocessor.OnPostprocessAllAssets 3.785ms
			ShaderGraphAssetPostProcessor.OnPostprocessAllAssets 3.159ms
			WindowAssetPostprocessingWatcher.OnPostprocessAllAssets 2.845ms
			RetainedModeAssetPostprocessor.OnPostprocessAllAssets 2.560ms
			SpriteEditorTexturePostprocessor.OnPostprocessAllAssets 1.457ms
			TMPro_TexturePostProcessor.OnPostprocessAllAssets 1.314ms
			ArtifactBrowserPostProcessor.OnPostprocessAllAssets 1.159ms
			ConfigAssetsTracker.OnPostprocessAllAssets 1.100ms
			RenderPipelineGlobalSettingsPostprocessor.OnPostprocessAllAssets 1.052ms
			MaterialPostprocessor.OnPostprocessAllAssets 1.032ms
			UVCSAssetPostprocessor.OnPostprocessAllAssets 1.003ms
			ShaderReflectionAssetPostProcessor.OnPostprocessAllAssets 0.859ms
			AudioMixerPostprocessor.OnPostprocessAllAssets 0.791ms
			TextAssetPostProcessor.OnPostprocessAllAssets 0.691ms
			StyleCatalogPostProcessor.OnPostprocessAllAssets 0.561ms
			PostProcessor.OnPostprocessAllAssets 0.492ms
			SpriteShapeAssetPostProcessor.OnPostprocessAllAssets 0.487ms
			SpriteLibraryAssetPostprocessor.OnPostprocessAllAssets 0.445ms
			AssetEvents.OnPostprocessAllAssets 0.440ms
			ReferencedClipsPostProcessor.OnPostprocessAllAssets 0.429ms
			EditModeScopePostprocessor.OnPostprocessAllAssets 0.426ms
			SpeedTreePostProcessor.OnPostprocessAllAssets 0.398ms
			SamplePostprocessor.OnPostprocessAllAssets 0.317ms
			ScenarioDriftAssetsTracker.OnPostprocessAllAssets 0.298ms
			ThemePostprocessor.OnPostprocessAllAssets 0.290ms
			PSDImportPostProcessor.OnPostprocessAllAssets 0.276ms
			AssetReloadNotifier.OnPostprocessAllAssets 0.256ms
			TerrainToolbarOverlayPostProcessor.OnPostprocessAllAssets 0.244ms
			AssetDatabaseCallbacks.OnPostprocessAllAssets 0.237ms
			AssetProcessor.OnPostprocessAllAssets 0.200ms
			PSDImporterAssetPostProcessor.OnPostprocessAllAssets 0.191ms
			AudioContainerPostProcessor.OnPostprocessAllAssets 0.180ms
	GatherAllCurrentPrimaryImportResultRevisions: 0.343ms
	PersistCurrentRevisions: 0.216ms
	GenerateScriptTypeHashes: 4.686ms
	GenerateScriptTypeSerializationHashes: 8.450ms
	Untracked: 1820.383ms

GameManager: DontDestroyOnLoad only works for root GameObjects or components on root GameObjects.
UnityEngine.Debug:ExtractStackTraceNoAlloc (byte*,int,string)
UnityEngine.StackTraceUtility:ExtractStackTrace ()
UnityEngine.Object:DontDestroyOnLoad (UnityEngine.Object)
GameManager:Awake () (at Assets/Scripts/GameManager.cs:21)

[Assets/Scripts/GameManager.cs line 21]

Loaded scene 'Temp/__Backupscenes/0.backup'
	Deserialize:            3.777 ms
	Integration:            632.114 ms
	Integration of assets:  0.004 ms
	Thread Wait Time:       0.024 ms
	Total Operation Time:   635.919 ms
[Licensing::Client] Successfully resolved entitlement details
[Licensing::Client] Successfully resolved entitlement details
Unloading 2 Unused Serialized files (Serialized files now loaded: 0)
Loaded scene 'Temp/__Backupscenes/0.backup'
	Deserialize:            3.068 ms
	Integration:            41.949 ms
	Integration of assets:  0.007 ms
	Thread Wait Time:       0.074 ms
	Total Operation Time:   45.097 ms
Unloading 86 unused Assets / (16.9 MB). Loaded Objects now: 9817.
Memory consumption went from 0.73 GB to 0.72 GB.
Total: 52.262700 ms (FindLiveObjects: 2.681600 ms CreateObjectMapping: 0.215300 ms MarkObjects: 41.876700 ms  DeleteObjects: 7.120700 ms)

[Licensing::Client] Successfully resolved entitlement details
Asset Pipeline Refresh (id=524ca5a3aff7c4240b162543e1d27108): Total: 0.068 seconds - Initiated by RefreshV2(AllowForceSynchronousImport)
Asset Pipeline Refresh (id=cdd4eb046112ef1498e5b7dbda160798): Total: 0.007 seconds - Initiated by RefreshV2(AllowForceSynchronousImport)
SpriteAtlasPacking completed in 0.012948 sec
Reloading assemblies for play mode.
Reloading assemblies after forced synchronous recompile.
[Licensing::Client] Successfully resolved entitlement details
Begin MonoManager ReloadAssembly
Refreshing native plugins compatible for Editor in 3.33 ms, found 5 plugins.
Native extension for WindowsStandalone target not found
Native extension for WebGL target not found
ScheduleIndexationOnStartup MainProcess:True IndexOnStartup:True
[MODES] ModeService[none].Initialize
[MODES] ModeService[none].LoadModes
Scripting: successfully reloaded assembly
- Finished resetting the current domain, in  3.422 seconds
Domain Reload Profiling: 5114ms
	BeginReloadAssembly (1084ms)
		DisableScriptedObjects (307ms)
		CreateAndSetChildDomain (414ms)
	RebuildCommonClasses (23ms)
	RebuildNativeTypeToScriptingClass (32ms)
	initialDomainReloadingComplete (112ms)
	LoadAllAssembliesAndSetupDomain (440ms)
		LoadAssemblies (270ms)
		TypeCache.Refresh (11ms)
		AnalyzeDomain (49ms)
			ResolveRequiredComponents (42ms)
	FinalizeReload (3424ms)
		SetupLoadedEditorAssemblies (0ms)
			LogAssemblyErrors (4ms)
			InitializePlatformSupportModulesInManaged (4ms)
			BeforeProcessingInitializeOnLoad (173ms)
			ProcessInitializeOnLoadAttributes (433ms)
			ProcessInitializeOnLoadMethodAttributes (216ms)
			AfterProcessingInitializeOnLoad (10ms)
			EditorAssembliesLoaded (3ms)
		AwakeInstancesAfterBackupRestoration (1544ms)

Asset Pipeline Refresh (id=8aac6578d5c00324c966703ca9432b73): Total: 5.506 seconds - Initiated by StopAssetImportingV2(ForceSynchronousImport | ForceDomainReload)
	(Values over 0.05ms)
	Summary:
		Imports: total=0 (actual=0, local cache=0, cache server=0)
		Asset DB Process Time: managed=0 ms, native=3651 ms
		Asset DB Callback time: managed=58 ms, native=0 ms
		Scripting: domain reloads=1, domain reload time=1791 ms, compile time=3 ms, other=0 ms
		Project Asset Count: scripts=1599, non-scripts=3352
		Asset File Changes: new=0, changed=0, moved=0, deleted=0
		Scan Filter Count: 0
	InvokePackagesCallback: 3.198ms
	ApplyChangesToAssetFolders: 0.664ms
	Collect global state as custom dependencies: 5.806ms
	ProcessAssetsWithTransientArtifactChanges: 0.165ms
	CategorizeAssets: 104.174ms
	CompileScripts: 2.837ms
	ImportOutOfDateAssets: 3442.235ms (3438.180ms without children)
		CollectScriptTypesHashes: 2.112ms
		ReloadNativeAssets: 1.892ms
		UnloadImportedAssets: 0.466ms
		EnsureUptoDateAssetsAreRegisteredWithGuidPM: 1.027ms
		ImportSchedulerStart: 0.640ms
	PostProcessAllAssets: 58.911ms
		MonoPostProcessAllAssets: 58.904ms
			UniversalRenderPipelineGlobalSettingsPostprocessor.OnPostprocessAllAssets 21.942ms
			BuilderAssetPostprocessor.OnPostprocessAllAssets 11.207ms
			AssetPostprocessor.OnPostprocessAllAssets 10.986ms
			AssetChangedListener.OnPostprocessAllAssets 9.719ms
			SyncVS.PostprocessSyncProject 7.028ms
			SpriteSlicePostprocessor.OnPostprocessAllAssets 4.390ms
			SpeedTree9Postprocessor.OnPostprocessAllAssets 4.121ms
			WindowAssetPostprocessingWatcher.OnPostprocessAllAssets 3.934ms
			ShaderGraphAssetPostProcessor.OnPostprocessAllAssets 3.159ms
			RetainedModeAssetPostprocessor.OnPostprocessAllAssets 2.560ms
			RenderPipelineGlobalSettingsPostprocessor.OnPostprocessAllAssets 1.659ms
			SpriteEditorTexturePostprocessor.OnPostprocessAllAssets 1.457ms
			TMPro_TexturePostProcessor.OnPostprocessAllAssets 1.314ms
			ShaderReflectionAssetPostProcessor.OnPostprocessAllAssets 1.160ms
			ArtifactBrowserPostProcessor.OnPostprocessAllAssets 1.159ms
			ConfigAssetsTracker.OnPostprocessAllAssets 1.100ms
			MaterialPostprocessor.OnPostprocessAllAssets 1.032ms
			UVCSAssetPostprocessor.OnPostprocessAllAssets 1.003ms
			AudioMixerPostprocessor.OnPostprocessAllAssets 0.791ms
			TextAssetPostProcessor.OnPostprocessAllAssets 0.691ms
			ReferencedClipsPostProcessor.OnPostprocessAllAssets 0.586ms
			StyleCatalogPostProcessor.OnPostprocessAllAssets 0.561ms
			EditModeScopePostprocessor.OnPostprocessAllAssets 0.524ms
			PostProcessor.OnPostprocessAllAssets 0.492ms
			SpriteShapeAssetPostProcessor.OnPostprocessAllAssets 0.487ms
			SpriteLibraryAssetPostprocessor.OnPostprocessAllAssets 0.445ms
			AssetEvents.OnPostprocessAllAssets 0.440ms
			SpeedTreePostProcessor.OnPostprocessAllAssets 0.398ms
			TerrainToolbarOverlayPostProcessor.OnPostprocessAllAssets 0.383ms
			AssetDatabaseCallbacks.OnPostprocessAllAssets 0.345ms
			SamplePostprocessor.OnPostprocessAllAssets 0.317ms
			ScenarioDriftAssetsTracker.OnPostprocessAllAssets 0.298ms
			ThemePostprocessor.OnPostprocessAllAssets 0.290ms
			PSDImportPostProcessor.OnPostprocessAllAssets 0.276ms
			AssetReloadNotifier.OnPostprocessAllAssets 0.256ms
			AssetProcessor.OnPostprocessAllAssets 0.200ms
			PSDImporterAssetPostProcessor.OnPostprocessAllAssets 0.191ms
			AudioContainerPostProcessor.OnPostprocessAllAssets 0.180ms
	GatherAllCurrentPrimaryImportResultRevisions: 0.258ms
	UnloadStreamsBegin: 0.285ms
	PersistCurrentRevisions: 0.217ms
	GenerateScriptTypeHashes: 4.571ms
	GenerateScriptTypeSerializationHashes: 8.371ms
	Untracked: 1851.834ms

GameManager: DontDestroyOnLoad only works for root GameObjects or components on root GameObjects.
UnityEngine.Debug:ExtractStackTraceNoAlloc (byte*,int,string)
UnityEngine.StackTraceUtility:ExtractStackTrace ()
UnityEngine.Object:DontDestroyOnLoad (UnityEngine.Object)
GameManager:Awake () (at Assets/Scripts/GameManager.cs:21)

[Assets/Scripts/GameManager.cs line 21]

Loaded scene 'Temp/__Backupscenes/0.backup'
	Deserialize:            3.990 ms
	Integration:            616.947 ms
	Integration of assets:  0.006 ms
	Thread Wait Time:       0.024 ms
	Total Operation Time:   620.968 ms
[Licensing::Client] Successfully resolved entitlement details
[Licensing::Client] Successfully resolved entitlement details
Unloading 2 Unused Serialized files (Serialized files now loaded: 0)
Loaded scene 'Temp/__Backupscenes/0.backup'
	Deserialize:            2.909 ms
	Integration:            47.197 ms
	Integration of assets:  0.005 ms
	Thread Wait Time:       0.051 ms
	Total Operation Time:   50.161 ms
Unloading 17 unused Assets / (280.8 KB). Loaded Objects now: 9865.
Memory consumption went from 0.74 GB to 0.74 GB.
Total: 41.964400 ms (FindLiveObjects: 1.637600 ms CreateObjectMapping: 0.244000 ms MarkObjects: 39.569500 ms  DeleteObjects: 0.162700 ms)

[Licensing::Client] Successfully resolved entitlement details
Asset Pipeline Refresh (id=56b2dea98bb9bda48b69933591cb76d4): Total: 0.026 seconds - Initiated by RefreshV2(AllowForceSynchronousImport)
SpriteAtlasPacking completed in 0.010421 sec
Reloading assemblies for play mode.
Reloading assemblies after forced synchronous recompile.
Begin MonoManager ReloadAssembly
Refreshing native plugins compatible for Editor in 3.33 ms, found 5 plugins.
Native extension for WindowsStandalone target not found
Native extension for WebGL target not found
ScheduleIndexationOnStartup MainProcess:True IndexOnStartup:True
[MODES] ModeService[none].Initialize
[MODES] ModeService[none].LoadModes
Scripting: successfully reloaded assembly
- Finished resetting the current domain, in  3.638 seconds
Domain Reload Profiling: 5236ms
	BeginReloadAssembly (986ms)
		DisableScriptedObjects (276ms)
		CreateAndSetChildDomain (415ms)
	RebuildCommonClasses (27ms)
	RebuildNativeTypeToScriptingClass (33ms)
	initialDomainReloadingComplete (114ms)
	LoadAllAssembliesAndSetupDomain (435ms)
		LoadAssemblies (254ms)
		TypeCache.Refresh (12ms)
		AnalyzeDomain (49ms)
			ResolveRequiredComponents (42ms)
	FinalizeReload (3641ms)
		SetupLoadedEditorAssemblies (0ms)
			LogAssemblyErrors (5ms)
			InitializePlatformSupportModulesInManaged (4ms)
			BeforeProcessingInitializeOnLoad (197ms)
			ProcessInitializeOnLoadAttributes (452ms)
			ProcessInitializeOnLoadMethodAttributes (218ms)
			AfterProcessingInitializeOnLoad (10ms)
			EditorAssembliesLoaded (4ms)
		AwakeInstancesAfterBackupRestoration (1696ms)

Asset Pipeline Refresh (id=8ccf3e8448145e248b3310449930077f): Total: 5.663 seconds - Initiated by StopAssetImportingV2(ForceSynchronousImport | ForceDomainReload)
	(Values over 0.05ms)
	Summary:
		Imports: total=0 (actual=0, local cache=0, cache server=0)
		Asset DB Process Time: managed=0 ms, native=3908 ms
		Asset DB Callback time: managed=64 ms, native=0 ms
		Scripting: domain reloads=1, domain reload time=1685 ms, compile time=4 ms, other=0 ms
		Project Asset Count: scripts=1599, non-scripts=3352
		Asset File Changes: new=0, changed=0, moved=0, deleted=0
		Scan Filter Count: 0
	InvokePackagesCallback: 3.034ms
	ApplyChangesToAssetFolders: 0.599ms
	Collect global state as custom dependencies: 6.495ms
	ProcessAssetsWithTransientArtifactChanges: 0.293ms
	CategorizeAssets: 132.055ms
	CompileScripts: 3.695ms
	ImportOutOfDateAssets: 3662.804ms (3656.662ms without children)
		CollectScriptTypesHashes: 1.743ms
		ReloadNativeAssets: 3.085ms
		UnloadImportedAssets: 0.559ms
		EnsureUptoDateAssetsAreRegisteredWithGuidPM: 1.524ms
		ImportSchedulerStart: 0.925ms
	PostProcessAllAssets: 64.488ms
		MonoPostProcessAllAssets: 64.478ms
			UniversalRenderPipelineGlobalSettingsPostprocessor.OnPostprocessAllAssets 22.766ms
			BuilderAssetPostprocessor.OnPostprocessAllAssets 11.207ms
			AssetPostprocessor.OnPostprocessAllAssets 10.986ms
			AssetChangedListener.OnPostprocessAllAssets 9.719ms
			SyncVS.PostprocessSyncProject 7.769ms
			SpeedTree9Postprocessor.OnPostprocessAllAssets 4.571ms
			SpriteSlicePostprocessor.OnPostprocessAllAssets 4.390ms
			WindowAssetPostprocessingWatcher.OnPostprocessAllAssets 3.267ms
			ShaderGraphAssetPostProcessor.OnPostprocessAllAssets 3.159ms
			RetainedModeAssetPostprocessor.OnPostprocessAllAssets 2.560ms
			SpriteEditorTexturePostprocessor.OnPostprocessAllAssets 1.457ms
			RenderPipelineGlobalSettingsPostprocessor.OnPostprocessAllAssets 1.317ms
			TMPro_TexturePostProcessor.OnPostprocessAllAssets 1.314ms
			ShaderReflectionAssetPostProcessor.OnPostprocessAllAssets 1.264ms
			ArtifactBrowserPostProcessor.OnPostprocessAllAssets 1.159ms
			ConfigAssetsTracker.OnPostprocessAllAssets 1.100ms
			MaterialPostprocessor.OnPostprocessAllAssets 1.032ms
			UVCSAssetPostprocessor.OnPostprocessAllAssets 1.003ms
			AudioMixerPostprocessor.OnPostprocessAllAssets 0.791ms
			TextAssetPostProcessor.OnPostprocessAllAssets 0.691ms
			ReferencedClipsPostProcessor.OnPostprocessAllAssets 0.571ms
			StyleCatalogPostProcessor.OnPostprocessAllAssets 0.561ms
			EditModeScopePostprocessor.OnPostprocessAllAssets 0.507ms
			PostProcessor.OnPostprocessAllAssets 0.492ms
			SpriteShapeAssetPostProcessor.OnPostprocessAllAssets 0.487ms
			SpriteLibraryAssetPostprocessor.OnPostprocessAllAssets 0.445ms
			AssetEvents.OnPostprocessAllAssets 0.440ms
			TerrainToolbarOverlayPostProcessor.OnPostprocessAllAssets 0.419ms
			SpeedTreePostProcessor.OnPostprocessAllAssets 0.398ms
			SamplePostprocessor.OnPostprocessAllAssets 0.317ms
			ScenarioDriftAssetsTracker.OnPostprocessAllAssets 0.298ms
			ThemePostprocessor.OnPostprocessAllAssets 0.290ms
			AssetDatabaseCallbacks.OnPostprocessAllAssets 0.278ms
			PSDImportPostProcessor.OnPostprocessAllAssets 0.276ms
			AssetReloadNotifier.OnPostprocessAllAssets 0.256ms
			AssetProcessor.OnPostprocessAllAssets 0.200ms
			PSDImporterAssetPostProcessor.OnPostprocessAllAssets 0.191ms
			AudioContainerPostProcessor.OnPostprocessAllAssets 0.180ms
	GatherAllCurrentPrimaryImportResultRevisions: 0.423ms
	PersistCurrentRevisions: 0.221ms
	GenerateScriptTypeHashes: 6.364ms
	GenerateScriptTypeSerializationHashes: 11.568ms
	Untracked: 1751.962ms

GameManager: DontDestroyOnLoad only works for root GameObjects or components on root GameObjects.
UnityEngine.Debug:ExtractStackTraceNoAlloc (byte*,int,string)
UnityEngine.StackTraceUtility:ExtractStackTrace ()
UnityEngine.Object:DontDestroyOnLoad (UnityEngine.Object)
GameManager:Awake () (at Assets/Scripts/GameManager.cs:21)

[Assets/Scripts/GameManager.cs line 21]

Loaded scene 'Temp/__Backupscenes/0.backup'
	Deserialize:            4.584 ms
	Integration:            634.148 ms
	Integration of assets:  0.006 ms
	Thread Wait Time:       0.022 ms
	Total Operation Time:   638.760 ms
[Licensing::Client] Successfully resolved entitlement details
[Licensing::Client] Successfully resolved entitlement details
Unloading 2 Unused Serialized files (Serialized files now loaded: 0)
Loaded scene 'Temp/__Backupscenes/0.backup'
	Deserialize:            3.312 ms
	Integration:            42.127 ms
	Integration of assets:  0.007 ms
	Thread Wait Time:       0.074 ms
	Total Operation Time:   45.520 ms
Unloading 16 unused Assets / (231.8 KB). Loaded Objects now: 9870.
Memory consumption went from 0.74 GB to 0.74 GB.
Total: 39.473500 ms (FindLiveObjects: 1.717400 ms CreateObjectMapping: 0.342500 ms MarkObjects: 36.985200 ms  DeleteObjects: 0.091200 ms)

Asset Pipeline Refresh (id=7452e842eeb869b468c3f73e3099dc86): Total: 0.066 seconds - Initiated by RefreshV2(AllowForceSynchronousImport)
SpriteAtlasPacking completed in 0.009059 sec
Reloading assemblies for play mode.
Reloading assemblies after forced synchronous recompile.
[Licensing::Client] Successfully resolved entitlement details
Begin MonoManager ReloadAssembly
Refreshing native plugins compatible for Editor in 3.63 ms, found 5 plugins.
Native extension for WindowsStandalone target not found
Native extension for WebGL target not found
ScheduleIndexationOnStartup MainProcess:True IndexOnStartup:True
[MODES] ModeService[none].Initialize
[MODES] ModeService[none].LoadModes
Scripting: successfully reloaded assembly
- Finished resetting the current domain, in  3.448 seconds
Domain Reload Profiling: 5023ms
	BeginReloadAssembly (960ms)
		DisableScriptedObjects (241ms)
		CreateAndSetChildDomain (409ms)
	RebuildCommonClasses (23ms)
	RebuildNativeTypeToScriptingClass (30ms)
	initialDomainReloadingComplete (104ms)
	LoadAllAssembliesAndSetupDomain (457ms)
		LoadAssemblies (258ms)
		TypeCache.Refresh (10ms)
		AnalyzeDomain (54ms)
			ResolveRequiredComponents (48ms)
	FinalizeReload (3449ms)
		SetupLoadedEditorAssemblies (0ms)
			LogAssemblyErrors (4ms)
			InitializePlatformSupportModulesInManaged (4ms)
			BeforeProcessingInitializeOnLoad (207ms)
			ProcessInitializeOnLoadAttributes (440ms)
			ProcessInitializeOnLoadMethodAttributes (230ms)
			AfterProcessingInitializeOnLoad (11ms)
			EditorAssembliesLoaded (3ms)
		AwakeInstancesAfterBackupRestoration (1543ms)

Asset Pipeline Refresh (id=8861591ffe609284cb5c6e2052b53909): Total: 5.415 seconds - Initiated by StopAssetImportingV2(ForceSynchronousImport | ForceDomainReload)
	(Values over 0.05ms)
	Summary:
		Imports: total=0 (actual=0, local cache=0, cache server=0)
		Asset DB Process Time: managed=0 ms, native=3685 ms
		Asset DB Callback time: managed=61 ms, native=0 ms
		Scripting: domain reloads=1, domain reload time=1662 ms, compile time=5 ms, other=0 ms
		Project Asset Count: scripts=1599, non-scripts=3352
		Asset File Changes: new=0, changed=0, moved=0, deleted=0
		Scan Filter Count: 0
	InvokePackagesCallback: 2.749ms
	ApplyChangesToAssetFolders: 0.574ms
	Collect global state as custom dependencies: 7.274ms
	ProcessAssetsWithTransientArtifactChanges: 0.234ms
	CategorizeAssets: 101.646ms
	CompileScripts: 4.699ms
	ImportOutOfDateAssets: 3466.279ms (3461.948ms without children)
		CollectScriptTypesHashes: 1.655ms
		ReloadNativeAssets: 1.979ms
		UnloadImportedAssets: 0.524ms
		EnsureUptoDateAssetsAreRegisteredWithGuidPM: 1.053ms
		ImportSchedulerStart: 0.747ms
	PostProcessAllAssets: 61.750ms
		MonoPostProcessAllAssets: 61.744ms
			UniversalRenderPipelineGlobalSettingsPostprocessor.OnPostprocessAllAssets 27.701ms
			BuilderAssetPostprocessor.OnPostprocessAllAssets 11.207ms
			AssetPostprocessor.OnPostprocessAllAssets 10.986ms
			AssetChangedListener.OnPostprocessAllAssets 9.719ms
			SyncVS.PostprocessSyncProject 6.285ms
			SpriteSlicePostprocessor.OnPostprocessAllAssets 4.390ms
			SpeedTree9Postprocessor.OnPostprocessAllAssets 3.860ms
			WindowAssetPostprocessingWatcher.OnPostprocessAllAssets 3.544ms
			ShaderGraphAssetPostProcessor.OnPostprocessAllAssets 3.159ms
			RetainedModeAssetPostprocessor.OnPostprocessAllAssets 2.560ms
			SpriteEditorTexturePostprocessor.OnPostprocessAllAssets 1.457ms
			TMPro_TexturePostProcessor.OnPostprocessAllAssets 1.314ms
			ArtifactBrowserPostProcessor.OnPostprocessAllAssets 1.159ms
			RenderPipelineGlobalSettingsPostprocessor.OnPostprocessAllAssets 1.126ms
			ConfigAssetsTracker.OnPostprocessAllAssets 1.100ms
			MaterialPostprocessor.OnPostprocessAllAssets 1.032ms
			UVCSAssetPostprocessor.OnPostprocessAllAssets 1.003ms
			ShaderReflectionAssetPostProcessor.OnPostprocessAllAssets 0.860ms
			AudioMixerPostprocessor.OnPostprocessAllAssets 0.791ms
			TextAssetPostProcessor.OnPostprocessAllAssets 0.691ms
			StyleCatalogPostProcessor.OnPostprocessAllAssets 0.561ms
			ReferencedClipsPostProcessor.OnPostprocessAllAssets 0.541ms
			PostProcessor.OnPostprocessAllAssets 0.492ms
			SpriteShapeAssetPostProcessor.OnPostprocessAllAssets 0.487ms
			SpriteLibraryAssetPostprocessor.OnPostprocessAllAssets 0.445ms
			EditModeScopePostprocessor.OnPostprocessAllAssets 0.445ms
			AssetEvents.OnPostprocessAllAssets 0.440ms
			SpeedTreePostProcessor.OnPostprocessAllAssets 0.398ms
			TerrainToolbarOverlayPostProcessor.OnPostprocessAllAssets 0.369ms
			AssetDatabaseCallbacks.OnPostprocessAllAssets 0.352ms
			SamplePostprocessor.OnPostprocessAllAssets 0.317ms
			ScenarioDriftAssetsTracker.OnPostprocessAllAssets 0.298ms
			ThemePostprocessor.OnPostprocessAllAssets 0.290ms
			PSDImportPostProcessor.OnPostprocessAllAssets 0.276ms
			AssetReloadNotifier.OnPostprocessAllAssets 0.256ms
			AssetProcessor.OnPostprocessAllAssets 0.200ms
			PSDImporterAssetPostProcessor.OnPostprocessAllAssets 0.191ms
			AudioContainerPostProcessor.OnPostprocessAllAssets 0.180ms
	GatherAllCurrentPrimaryImportResultRevisions: 0.253ms
	PersistCurrentRevisions: 0.219ms
	GenerateScriptTypeHashes: 4.646ms
	GenerateScriptTypeSerializationHashes: 8.640ms
	Untracked: 1723.793ms

GameManager: DontDestroyOnLoad only works for root GameObjects or components on root GameObjects.
UnityEngine.Debug:ExtractStackTraceNoAlloc (byte*,int,string)
UnityEngine.StackTraceUtility:ExtractStackTrace ()
UnityEngine.Object:DontDestroyOnLoad (UnityEngine.Object)
GameManager:Awake () (at Assets/Scripts/GameManager.cs:21)

[Assets/Scripts/GameManager.cs line 21]

Loaded scene 'Temp/__Backupscenes/0.backup'
	Deserialize:            4.929 ms
	Integration:            677.614 ms
	Integration of assets:  0.006 ms
	Thread Wait Time:       0.027 ms
	Total Operation Time:   682.576 ms
[Licensing::Client] Successfully resolved entitlement details
[Licensing::Client] Successfully resolved entitlement details
Unloading 2 Unused Serialized files (Serialized files now loaded: 0)
Loaded scene 'Temp/__Backupscenes/0.backup'
	Deserialize:            3.646 ms
	Integration:            49.752 ms
	Integration of assets:  0.005 ms
	Thread Wait Time:       0.054 ms
	Total Operation Time:   53.457 ms
Unloading 39 unused Assets / (496.0 KB). Loaded Objects now: 9832.
Memory consumption went from 0.73 GB to 0.73 GB.
Total: 52.488300 ms (FindLiveObjects: 2.541000 ms CreateObjectMapping: 0.238900 ms MarkObjects: 48.927300 ms  DeleteObjects: 0.232900 ms)

[Licensing::Client] Successfully resolved entitlement details
Asset Pipeline Refresh (id=656fcc490d186464c8e30a674069dd67): Total: 0.067 seconds - Initiated by RefreshV2(AllowForceSynchronousImport)
Asset Pipeline Refresh (id=43e7842d330f4064ab62a9036cb177e9): Total: 0.007 seconds - Initiated by RefreshV2(AllowForceSynchronousImport)
SpriteAtlasPacking completed in 0.011828 sec
Reloading assemblies for play mode.
Reloading assemblies after forced synchronous recompile.
Begin MonoManager ReloadAssembly
[Licensing::Client] Successfully resolved entitlement details
Refreshing native plugins compatible for Editor in 3.07 ms, found 5 plugins.
Native extension for WindowsStandalone target not found
Native extension for WebGL target not found
ScheduleIndexationOnStartup MainProcess:True IndexOnStartup:True
[MODES] ModeService[none].Initialize
[MODES] ModeService[none].LoadModes
Scripting: successfully reloaded assembly
- Finished resetting the current domain, in  3.615 seconds
Domain Reload Profiling: 5238ms
	BeginReloadAssembly (1002ms)
		DisableScriptedObjects (273ms)
		CreateAndSetChildDomain (432ms)
	RebuildCommonClasses (25ms)
	RebuildNativeTypeToScriptingClass (32ms)
	initialDomainReloadingComplete (120ms)
	LoadAllAssembliesAndSetupDomain (443ms)
		LoadAssemblies (246ms)
		TypeCache.Refresh (11ms)
		AnalyzeDomain (48ms)
			ResolveRequiredComponents (43ms)
	FinalizeReload (3616ms)
		SetupLoadedEditorAssemblies (0ms)
			LogAssemblyErrors (4ms)
			InitializePlatformSupportModulesInManaged (4ms)
			BeforeProcessingInitializeOnLoad (190ms)
			ProcessInitializeOnLoadAttributes (443ms)
			ProcessInitializeOnLoadMethodAttributes (219ms)
			AfterProcessingInitializeOnLoad (11ms)
			EditorAssembliesLoaded (3ms)
		AwakeInstancesAfterBackupRestoration (1669ms)

Asset Pipeline Refresh (id=67899981e75fc2f4a9174b9a08d14f15): Total: 5.657 seconds - Initiated by StopAssetImportingV2(ForceSynchronousImport | ForceDomainReload)
	(Values over 0.05ms)
	Summary:
		Imports: total=0 (actual=0, local cache=0, cache server=0)
		Asset DB Process Time: managed=0 ms, native=3873 ms
		Asset DB Callback time: managed=69 ms, native=0 ms
		Scripting: domain reloads=1, domain reload time=1708 ms, compile time=4 ms, other=0 ms
		Project Asset Count: scripts=1599, non-scripts=3352
		Asset File Changes: new=0, changed=0, moved=0, deleted=0
		Scan Filter Count: 0
	InvokePackagesCallback: 3.213ms
	ApplyChangesToAssetFolders: 0.638ms
	Collect global state as custom dependencies: 7.300ms
	ProcessAssetsWithTransientArtifactChanges: 0.354ms
	CategorizeAssets: 128.441ms
	CompileScripts: 4.060ms
	ImportOutOfDateAssets: 3637.642ms (3632.183ms without children)
		CollectScriptTypesHashes: 1.561ms
		ReloadNativeAssets: 2.728ms
		UnloadImportedAssets: 0.620ms
		EnsureUptoDateAssetsAreRegisteredWithGuidPM: 1.261ms
		ImportSchedulerStart: 0.787ms
	PostProcessAllAssets: 69.196ms
		MonoPostProcessAllAssets: 69.187ms
			UniversalRenderPipelineGlobalSettingsPostprocessor.OnPostprocessAllAssets 31.568ms
			BuilderAssetPostprocessor.OnPostprocessAllAssets 11.207ms
			AssetPostprocessor.OnPostprocessAllAssets 10.986ms
			AssetChangedListener.OnPostprocessAllAssets 9.719ms
			SyncVS.PostprocessSyncProject 6.367ms
			SpriteSlicePostprocessor.OnPostprocessAllAssets 4.390ms
			WindowAssetPostprocessingWatcher.OnPostprocessAllAssets 4.258ms
			SpeedTree9Postprocessor.OnPostprocessAllAssets 3.993ms
			ShaderGraphAssetPostProcessor.OnPostprocessAllAssets 3.159ms
			RetainedModeAssetPostprocessor.OnPostprocessAllAssets 2.560ms
			RenderPipelineGlobalSettingsPostprocessor.OnPostprocessAllAssets 1.551ms
			SpriteEditorTexturePostprocessor.OnPostprocessAllAssets 1.457ms
			TMPro_TexturePostProcessor.OnPostprocessAllAssets 1.314ms
			ShaderReflectionAssetPostProcessor.OnPostprocessAllAssets 1.245ms
			ArtifactBrowserPostProcessor.OnPostprocessAllAssets 1.159ms
			ConfigAssetsTracker.OnPostprocessAllAssets 1.100ms
			MaterialPostprocessor.OnPostprocessAllAssets 1.032ms
			UVCSAssetPostprocessor.OnPostprocessAllAssets 1.003ms
			AudioMixerPostprocessor.OnPostprocessAllAssets 0.791ms
			TextAssetPostProcessor.OnPostprocessAllAssets 0.691ms
			ReferencedClipsPostProcessor.OnPostprocessAllAssets 0.625ms
			StyleCatalogPostProcessor.OnPostprocessAllAssets 0.561ms
			EditModeScopePostprocessor.OnPostprocessAllAssets 0.531ms
			PostProcessor.OnPostprocessAllAssets 0.492ms
			SpriteShapeAssetPostProcessor.OnPostprocessAllAssets 0.487ms
			SpriteLibraryAssetPostprocessor.OnPostprocessAllAssets 0.445ms
			AssetEvents.OnPostprocessAllAssets 0.440ms
			SpeedTreePostProcessor.OnPostprocessAllAssets 0.398ms
			TerrainToolbarOverlayPostProcessor.OnPostprocessAllAssets 0.387ms
			AssetDatabaseCallbacks.OnPostprocessAllAssets 0.340ms
			SamplePostprocessor.OnPostprocessAllAssets 0.317ms
			ScenarioDriftAssetsTracker.OnPostprocessAllAssets 0.298ms
			ThemePostprocessor.OnPostprocessAllAssets 0.290ms
			PSDImportPostProcessor.OnPostprocessAllAssets 0.276ms
			AssetReloadNotifier.OnPostprocessAllAssets 0.256ms
			AssetProcessor.OnPostprocessAllAssets 0.200ms
			PSDImporterAssetPostProcessor.OnPostprocessAllAssets 0.191ms
			AudioContainerPostProcessor.OnPostprocessAllAssets 0.180ms
	GatherAllCurrentPrimaryImportResultRevisions: 0.277ms
	PersistCurrentRevisions: 0.212ms
	GenerateScriptTypeHashes: 6.459ms
	GenerateScriptTypeSerializationHashes: 11.830ms
	Untracked: 1766.316ms

GameManager: DontDestroyOnLoad only works for root GameObjects or components on root GameObjects.
UnityEngine.Debug:ExtractStackTraceNoAlloc (byte*,int,string)
UnityEngine.StackTraceUtility:ExtractStackTrace ()
UnityEngine.Object:DontDestroyOnLoad (UnityEngine.Object)
GameManager:Awake () (at Assets/Scripts/GameManager.cs:21)

[Assets/Scripts/GameManager.cs line 21]

Loaded scene 'Temp/__Backupscenes/0.backup'
	Deserialize:            4.948 ms
	Integration:            661.101 ms
	Integration of assets:  0.009 ms
	Thread Wait Time:       0.013 ms
	Total Operation Time:   666.071 ms
[Licensing::Client] Successfully resolved entitlement details
[Licensing::Client] Successfully resolved entitlement details
GameManager: DontDestroyOnLoad only works for root GameObjects or components on root GameObjects.
UnityEngine.Debug:ExtractStackTraceNoAlloc (byte*,int,string)
UnityEngine.StackTraceUtility:ExtractStackTrace ()
UnityEngine.Object:DontDestroyOnLoad (UnityEngine.Object)
GameManager:Awake () (at Assets/Scripts/GameManager.cs:21)
UnityEditor.EditorApplication:ExecuteMenuItemInternal (string,bool)
UnityEditor.EditorApplication:ExecuteMenuItem (string)
UnityEditor.ShortcutManagement.MenuItemEntryDiscoveryInfo:<.ctor>b__7_0 (UnityEditor.ShortcutManagement.ShortcutArguments)
UnityEditor.ShortcutManagement.Trigger:ExecuteShortcut (UnityEditor.ShortcutManagement.ShortcutEntry,UnityEditor.ShortcutManagement.ShortcutStage,object,bool)
UnityEditor.ShortcutManagement.Trigger:HandleKeyEvent (UnityEngine.Event,UnityEditor.ShortcutManagement.IContextManager)
UnityEditor.ShortcutManagement.ShortcutController:HandleKeyEvent (UnityEngine.Event)
UnityEditor.ShortcutManagement.ShortcutIntegration:EventHandler ()
UnityEditor.EditorApplication:Internal_CallGlobalEventHandler ()

[Assets/Scripts/GameManager.cs line 21]

Unloading 2 Unused Serialized files (Serialized files now loaded: 0)
Loaded scene 'Temp/__Backupscenes/0.backup'
	Deserialize:            2.898 ms
	Integration:            41.688 ms
	Integration of assets:  0.006 ms
	Thread Wait Time:       0.071 ms
	Total Operation Time:   44.664 ms
Unloading 17 unused Assets / (15.5 KB). Loaded Objects now: 9841.
Memory consumption went from 0.75 GB to 0.75 GB.
Total: 44.675800 ms (FindLiveObjects: 2.813900 ms CreateObjectMapping: 0.307300 ms MarkObjects: 41.057500 ms  DeleteObjects: 0.147300 ms)

[Licensing::Client] Successfully resolved entitlement details
SpriteAtlasPacking completed in 0.010219 sec
Reloading assemblies for play mode.
Reloading assemblies after forced synchronous recompile.
Begin MonoManager ReloadAssembly
Refreshing native plugins compatible for Editor in 3.84 ms, found 5 plugins.
Native extension for WindowsStandalone target not found
Native extension for WebGL target not found
ScheduleIndexationOnStartup MainProcess:True IndexOnStartup:True
[MODES] ModeService[none].Initialize
[MODES] ModeService[none].LoadModes
Scripting: successfully reloaded assembly
- Finished resetting the current domain, in  3.227 seconds
Domain Reload Profiling: 4760ms
	BeginReloadAssembly (934ms)
		DisableScriptedObjects (233ms)
		CreateAndSetChildDomain (411ms)
	RebuildCommonClasses (22ms)
	RebuildNativeTypeToScriptingClass (30ms)
	initialDomainReloadingComplete (115ms)
	LoadAllAssembliesAndSetupDomain (431ms)
		LoadAssemblies (243ms)
		TypeCache.Refresh (11ms)
		AnalyzeDomain (51ms)
			ResolveRequiredComponents (45ms)
	FinalizeReload (3229ms)
		SetupLoadedEditorAssemblies (0ms)
			LogAssemblyErrors (4ms)
			InitializePlatformSupportModulesInManaged (4ms)
			BeforeProcessingInitializeOnLoad (176ms)
			ProcessInitializeOnLoadAttributes (393ms)
			ProcessInitializeOnLoadMethodAttributes (244ms)
			AfterProcessingInitializeOnLoad (10ms)
			EditorAssembliesLoaded (3ms)
		AwakeInstancesAfterBackupRestoration (1429ms)

Asset Pipeline Refresh (id=f1c877eba04fefc40be80d5513807d9d): Total: 5.171 seconds - Initiated by StopAssetImportingV2(ForceSynchronousImport | ForceDomainReload)
	(Values over 0.05ms)
	Summary:
		Imports: total=0 (actual=0, local cache=0, cache server=0)
		Asset DB Process Time: managed=0 ms, native=3485 ms
		Asset DB Callback time: managed=60 ms, native=0 ms
		Scripting: domain reloads=1, domain reload time=1621 ms, compile time=3 ms, other=0 ms
		Project Asset Count: scripts=1599, non-scripts=3352
		Asset File Changes: new=0, changed=0, moved=0, deleted=0
		Scan Filter Count: 0
	InvokePackagesCallback: 3.012ms
	ApplyChangesToAssetFolders: 0.519ms
	Collect global state as custom dependencies: 6.408ms
	ProcessAssetsWithTransientArtifactChanges: 0.158ms
	CategorizeAssets: 103.286ms
	CompileScripts: 2.813ms
	ImportOutOfDateAssets: 3255.099ms (3241.548ms without children)
		CollectScriptTypesHashes: 1.704ms
		ReloadNativeAssets: 1.938ms
		UnloadImportedAssets: 0.518ms
		EnsureUptoDateAssetsAreRegisteredWithGuidPM: 1.154ms
		ImportSchedulerStart: 9.912ms
	PostProcessAllAssets: 60.491ms
		MonoPostProcessAllAssets: 60.486ms
			UniversalRenderPipelineGlobalSettingsPostprocessor.OnPostprocessAllAssets 28.453ms
			BuilderAssetPostprocessor.OnPostprocessAllAssets 11.207ms
			AssetPostprocessor.OnPostprocessAllAssets 10.986ms
			AssetChangedListener.OnPostprocessAllAssets 9.719ms
			SyncVS.PostprocessSyncProject 5.235ms
			SpriteSlicePostprocessor.OnPostprocessAllAssets 4.390ms
			SpeedTree9Postprocessor.OnPostprocessAllAssets 3.525ms
			ShaderGraphAssetPostProcessor.OnPostprocessAllAssets 3.159ms
			WindowAssetPostprocessingWatcher.OnPostprocessAllAssets 2.837ms
			RetainedModeAssetPostprocessor.OnPostprocessAllAssets 2.560ms
			ShaderReflectionAssetPostProcessor.OnPostprocessAllAssets 2.188ms
			SpriteEditorTexturePostprocessor.OnPostprocessAllAssets 1.457ms
			TMPro_TexturePostProcessor.OnPostprocessAllAssets 1.314ms
			ArtifactBrowserPostProcessor.OnPostprocessAllAssets 1.159ms
			ConfigAssetsTracker.OnPostprocessAllAssets 1.100ms
			RenderPipelineGlobalSettingsPostprocessor.OnPostprocessAllAssets 1.075ms
			MaterialPostprocessor.OnPostprocessAllAssets 1.032ms
			UVCSAssetPostprocessor.OnPostprocessAllAssets 1.003ms
			AudioMixerPostprocessor.OnPostprocessAllAssets 0.791ms
			TextAssetPostProcessor.OnPostprocessAllAssets 0.691ms
			EditModeScopePostprocessor.OnPostprocessAllAssets 0.610ms
			StyleCatalogPostProcessor.OnPostprocessAllAssets 0.561ms
			PostProcessor.OnPostprocessAllAssets 0.492ms
			SpriteShapeAssetPostProcessor.OnPostprocessAllAssets 0.487ms
			SpriteLibraryAssetPostprocessor.OnPostprocessAllAssets 0.445ms
			AssetEvents.OnPostprocessAllAssets 0.440ms
			ReferencedClipsPostProcessor.OnPostprocessAllAssets 0.434ms
			SpeedTreePostProcessor.OnPostprocessAllAssets 0.398ms
			SamplePostprocessor.OnPostprocessAllAssets 0.317ms
			ScenarioDriftAssetsTracker.OnPostprocessAllAssets 0.298ms
			ThemePostprocessor.OnPostprocessAllAssets 0.290ms
			PSDImportPostProcessor.OnPostprocessAllAssets 0.276ms
			AssetReloadNotifier.OnPostprocessAllAssets 0.256ms
			AssetDatabaseCallbacks.OnPostprocessAllAssets 0.238ms
			TerrainToolbarOverlayPostProcessor.OnPostprocessAllAssets 0.233ms
			AssetProcessor.OnPostprocessAllAssets 0.200ms
			PSDImporterAssetPostProcessor.OnPostprocessAllAssets 0.191ms
			AudioContainerPostProcessor.OnPostprocessAllAssets 0.180ms
	GatherAllCurrentPrimaryImportResultRevisions: 0.270ms
	PersistCurrentRevisions: 0.188ms
	GenerateScriptTypeHashes: 4.705ms
	GenerateScriptTypeSerializationHashes: 8.761ms
	Untracked: 1676.896ms

GameManager: DontDestroyOnLoad only works for root GameObjects or components on root GameObjects.
UnityEngine.Debug:ExtractStackTraceNoAlloc (byte*,int,string)
UnityEngine.StackTraceUtility:ExtractStackTrace ()
UnityEngine.Object:DontDestroyOnLoad (UnityEngine.Object)
GameManager:Awake () (at Assets/Scripts/GameManager.cs:21)

[Assets/Scripts/GameManager.cs line 21]

Loaded scene 'Temp/__Backupscenes/0.backup'
	Deserialize:            4.446 ms
	Integration:            690.423 ms
	Integration of assets:  0.005 ms
	Thread Wait Time:       0.018 ms
	Total Operation Time:   694.892 ms
[Licensing::Client] Successfully resolved entitlement details
[Licensing::Client] Successfully resolved entitlement details
Unloading 2 Unused Serialized files (Serialized files now loaded: 0)
Loaded scene 'Temp/__Backupscenes/0.backup'
	Deserialize:            2.779 ms
	Integration:            42.088 ms
	Integration of assets:  0.006 ms
	Thread Wait Time:       0.036 ms
	Total Operation Time:   44.909 ms
Unloading 16 unused Assets / (166.0 KB). Loaded Objects now: 9843.
Memory consumption went from 0.75 GB to 0.75 GB.
Total: 38.007200 ms (FindLiveObjects: 1.562600 ms CreateObjectMapping: 0.285100 ms MarkObjects: 35.767400 ms  DeleteObjects: 0.054800 ms)

Asset Pipeline Refresh (id=2889450912f5bb34c9fc4226ac217e84): Total: 0.030 seconds - Initiated by RefreshV2(AllowForceSynchronousImport)
[Licensing::Client] Successfully resolved entitlement details
[Worker0] Imported GUID: 6cb91715606ef1d42ac82775e75fd7d1 - Path: Assets/Scripts/Collectible.cs - Importer: PreviewImporter -> (ImportResultId: '2c2724a6d94679a10fa90fe44d706502') in 0.0897934 seconds
Asset Pipeline Refresh (id=36b29fe79332da54e9c5df86212329d6): Total: 0.008 seconds - Initiated by RefreshV2(AllowForceSynchronousImport)
SpriteAtlasPacking completed in 0.009911 sec
Reloading assemblies for play mode.
Reloading assemblies after forced synchronous recompile.
Begin MonoManager ReloadAssembly
Refreshing native plugins compatible for Editor in 3.43 ms, found 5 plugins.
Native extension for WindowsStandalone target not found
Native extension for WebGL target not found
ScheduleIndexationOnStartup MainProcess:True IndexOnStartup:True
[MODES] ModeService[none].Initialize
[MODES] ModeService[none].LoadModes
Scripting: successfully reloaded assembly
- Finished resetting the current domain, in  3.720 seconds
Domain Reload Profiling: 5276ms
	BeginReloadAssembly (1019ms)
		DisableScriptedObjects (272ms)
		CreateAndSetChildDomain (418ms)
	RebuildCommonClasses (23ms)
	RebuildNativeTypeToScriptingClass (29ms)
	initialDomainReloadingComplete (94ms)
	LoadAllAssembliesAndSetupDomain (389ms)
		LoadAssemblies (276ms)
		TypeCache.Refresh (11ms)
		AnalyzeDomain (48ms)
			ResolveRequiredComponents (44ms)
	FinalizeReload (3722ms)
		SetupLoadedEditorAssemblies (0ms)
			LogAssemblyErrors (4ms)
			InitializePlatformSupportModulesInManaged (5ms)
			BeforeProcessingInitializeOnLoad (192ms)
			ProcessInitializeOnLoadAttributes (463ms)
			ProcessInitializeOnLoadMethodAttributes (228ms)
			AfterProcessingInitializeOnLoad (10ms)
			EditorAssembliesLoaded (3ms)
		AwakeInstancesAfterBackupRestoration (1752ms)

Asset Pipeline Refresh (id=48a5c43d56444cb469b2173235e60d95): Total: 5.712 seconds - Initiated by StopAssetImportingV2(ForceSynchronousImport | ForceDomainReload)
	(Values over 0.05ms)
	Summary:
		Imports: total=0 (actual=0, local cache=0, cache server=0)
		Asset DB Process Time: managed=0 ms, native=4007 ms
		Asset DB Callback time: managed=60 ms, native=0 ms
		Scripting: domain reloads=1, domain reload time=1640 ms, compile time=4 ms, other=0 ms
		Project Asset Count: scripts=1599, non-scripts=3352
		Asset File Changes: new=0, changed=0, moved=0, deleted=0
		Scan Filter Count: 0
	InvokePackagesCallback: 2.933ms
	ApplyChangesToAssetFolders: 0.760ms
	Collect global state as custom dependencies: 6.356ms
	ProcessAssetsWithTransientArtifactChanges: 0.275ms
	CategorizeAssets: 146.911ms
	CompileScripts: 4.218ms
	ImportOutOfDateAssets: 3744.140ms (3738.275ms without children)
		CollectScriptTypesHashes: 1.725ms
		ReloadNativeAssets: 2.853ms
		UnloadImportedAssets: 0.578ms
		EnsureUptoDateAssetsAreRegisteredWithGuidPM: 1.256ms
		ImportSchedulerStart: 1.117ms
	PostProcessAllAssets: 60.178ms
		MonoPostProcessAllAssets: 60.170ms
			UniversalRenderPipelineGlobalSettingsPostprocessor.OnPostprocessAllAssets 24.181ms
			BuilderAssetPostprocessor.OnPostprocessAllAssets 11.207ms
			AssetPostprocessor.OnPostprocessAllAssets 10.986ms
			AssetChangedListener.OnPostprocessAllAssets 9.719ms
			SyncVS.PostprocessSyncProject 5.428ms
			SpriteSlicePostprocessor.OnPostprocessAllAssets 4.390ms
			WindowAssetPostprocessingWatcher.OnPostprocessAllAssets 4.123ms
			ShaderGraphAssetPostProcessor.OnPostprocessAllAssets 3.159ms
			SpeedTree9Postprocessor.OnPostprocessAllAssets 3.021ms
			RetainedModeAssetPostprocessor.OnPostprocessAllAssets 2.560ms
			RenderPipelineGlobalSettingsPostprocessor.OnPostprocessAllAssets 1.479ms
			SpriteEditorTexturePostprocessor.OnPostprocessAllAssets 1.457ms
			ShaderReflectionAssetPostProcessor.OnPostprocessAllAssets 1.358ms
			TMPro_TexturePostProcessor.OnPostprocessAllAssets 1.314ms
			ArtifactBrowserPostProcessor.OnPostprocessAllAssets 1.159ms
			ConfigAssetsTracker.OnPostprocessAllAssets 1.100ms
			MaterialPostprocessor.OnPostprocessAllAssets 1.032ms
			UVCSAssetPostprocessor.OnPostprocessAllAssets 1.003ms
			AudioMixerPostprocessor.OnPostprocessAllAssets 0.791ms
			TextAssetPostProcessor.OnPostprocessAllAssets 0.691ms
			EditModeScopePostprocessor.OnPostprocessAllAssets 0.633ms
			ReferencedClipsPostProcessor.OnPostprocessAllAssets 0.601ms
			StyleCatalogPostProcessor.OnPostprocessAllAssets 0.561ms
			PostProcessor.OnPostprocessAllAssets 0.492ms
			SpriteShapeAssetPostProcessor.OnPostprocessAllAssets 0.487ms
			SpriteLibraryAssetPostprocessor.OnPostprocessAllAssets 0.445ms
			AssetEvents.OnPostprocessAllAssets 0.440ms
			SpeedTreePostProcessor.OnPostprocessAllAssets 0.398ms
			AssetDatabaseCallbacks.OnPostprocessAllAssets 0.365ms
			SamplePostprocessor.OnPostprocessAllAssets 0.317ms
			ScenarioDriftAssetsTracker.OnPostprocessAllAssets 0.298ms
			ThemePostprocessor.OnPostprocessAllAssets 0.290ms
			PSDImportPostProcessor.OnPostprocessAllAssets 0.276ms
			TerrainToolbarOverlayPostProcessor.OnPostprocessAllAssets 0.270ms
			AssetReloadNotifier.OnPostprocessAllAssets 0.256ms
			AssetProcessor.OnPostprocessAllAssets 0.200ms
			PSDImporterAssetPostProcessor.OnPostprocessAllAssets 0.191ms
			AudioContainerPostProcessor.OnPostprocessAllAssets 0.180ms
	GatherAllCurrentPrimaryImportResultRevisions: 0.306ms
	UnloadStreamsBegin: 0.235ms
	PersistCurrentRevisions: 0.189ms
	GenerateScriptTypeHashes: 6.459ms
	GenerateScriptTypeSerializationHashes: 11.674ms
	Untracked: 1707.219ms

GameManager: DontDestroyOnLoad only works for root GameObjects or components on root GameObjects.
UnityEngine.Debug:ExtractStackTraceNoAlloc (byte*,int,string)
UnityEngine.StackTraceUtility:ExtractStackTrace ()
UnityEngine.Object:DontDestroyOnLoad (UnityEngine.Object)
GameManager:Awake () (at Assets/Scripts/GameManager.cs:21)

[Assets/Scripts/GameManager.cs line 21]

Loaded scene 'Temp/__Backupscenes/0.backup'
	Deserialize:            6.025 ms
	Integration:            599.157 ms
	Integration of assets:  0.007 ms
	Thread Wait Time:       0.038 ms
	Total Operation Time:   605.227 ms
[Licensing::Client] Successfully resolved entitlement details
[Licensing::Client] Successfully resolved entitlement details
Unloading 2 Unused Serialized files (Serialized files now loaded: 0)
Loaded scene 'Temp/__Backupscenes/0.backup'
	Deserialize:            3.243 ms
	Integration:            54.622 ms
	Integration of assets:  0.006 ms
	Thread Wait Time:       0.073 ms
	Total Operation Time:   57.944 ms
Unloading 17 unused Assets / (104.0 KB). Loaded Objects now: 9893.
Memory consumption went from 0.77 GB to 0.77 GB.
Total: 40.191600 ms (FindLiveObjects: 1.546000 ms CreateObjectMapping: 0.220200 ms MarkObjects: 37.550100 ms  DeleteObjects: 0.535400 ms)

[Licensing::Client] Successfully resolved entitlement details
Asset Pipeline Refresh (id=277cf0321f3ac2044b3ab8f685a8f948): Total: 0.029 seconds - Initiated by RefreshV2(AllowForceSynchronousImport)
[ScriptCompilation] Requested script compilation because: AssetDatabase observed changes in script compilation related files
Refreshing native plugins compatible for Editor in 3.79 ms, found 5 plugins.
Asset Pipeline Refresh (id=9273d32ace030b44f8499ace387db9d8): Total: 0.194 seconds - Initiated by RefreshV2(NoUpdateAssetOptions)
[Worker0] Imported GUID: 6cb91715606ef1d42ac82775e75fd7d1 - Path: Assets/Scripts/Collectible.cs - Importer: PreviewImporter -> (ImportResultId: '8cedb96211b795ea27cc77d36228e3bc') in 0.0447582 seconds
Starting: C:\Program Files\Unity\Hub\Editor\6000.6.2f1\Editor\Data\Tools\BuildPipeline\bee_backend.exe --ipc --defer-dag-verification --dagfile="Library/Bee/1900b0aE.dag" --continue-on-failure --profile="Library/Bee/backend1.traceevents" ScriptAssemblies
WorkingDir: C:/Users/Admin/Documents/Trabalho IPS/Desin de programacao de jogo/DPJ_Lab01/DPJ_Lab01_Base
ExitCode: 0 Duration: 4s70ms
[ 908/1180  0s] ILPP-Configuration Library/ilpp-configuration.nevergeneratedoutput
[1176/1180  3s] Csc Library/Bee/artifacts/1900b0aE.dag/Assembly-CSharp.dll (+2 others)
[1177/1180  0s] ILPostProcess Library/Bee/artifacts/1900b0aE.dag/post-processed/Assembly-CSharp.dll (+pdb)
Processing assembly Library/Bee/artifacts/1900b0aE.dag/Assembly-CSharp.dll, with 148 defines and 371 references

processors: Unity.Jobs.CodeGen.JobsILPostProcessor, zzzUnity.Burst.CodeGen.BurstILPostProcessor

1 processor(s) skipped this assembly

running Unity.Jobs.CodeGen.JobsILPostProcessor
[1178/1180  0s] CopyFiles Library/ScriptAssemblies/Assembly-CSharp.pdb
[1179/1180  0s] CopyFiles Library/ScriptAssemblies/Assembly-CSharp.dll
*** Tundra build success (3.99 seconds), 5 items updated, 1180 evaluated
Total cache size 68022760
Total cache size after purge 68022760, took 00:00:00.1260602
Reloading assemblies after forced synchronous recompile.
Begin MonoManager ReloadAssembly
Refreshing native plugins compatible for Editor in 2.90 ms, found 5 plugins.
Native extension for WindowsStandalone target not found
Native extension for WebGL target not found
[MODES] ModeService[none].Initialize
[MODES] ModeService[none].LoadModes
ScheduleIndexationOnStartup MainProcess:True IndexOnStartup:True
Scripting: successfully reloaded assembly
- Finished resetting the current domain, in  3.659 seconds
Domain Reload Profiling: 5546ms
	BeginReloadAssembly (911ms)
		DisableScriptedObjects (248ms)
		CreateAndSetChildDomain (360ms)
	RebuildCommonClasses (21ms)
	RebuildNativeTypeToScriptingClass (28ms)
	initialDomainReloadingComplete (101ms)
	LoadAllAssembliesAndSetupDomain (823ms)
		LoadAssemblies (219ms)
		TypeCache.Refresh (19ms)
			TypeCache.ScanAssembly (3ms)
		AnalyzeDomain (428ms)
			BuildScriptInfoCaches (377ms)
			ResolveRequiredComponents (47ms)
	FinalizeReload (3661ms)
		SetupLoadedEditorAssemblies (0ms)
			LogAssemblyErrors (4ms)
			InitializePlatformSupportModulesInManaged (4ms)
			BeforeProcessingInitializeOnLoad (382ms)
			ProcessInitializeOnLoadAttributes (475ms)
			ProcessInitializeOnLoadMethodAttributes (238ms)
			AfterProcessingInitializeOnLoad (10ms)
			EditorAssembliesLoaded (3ms)
		AwakeInstancesAfterBackupRestoration (1575ms)

Asset Pipeline Refresh (id=14f74ddc5d4e09a45aed2586ed50269c): Total: 10.749 seconds - Initiated by RefreshV2(AllowForceSynchronousImport)
	(Values over 0.05ms)
	Summary:
		Imports: total=0 (actual=0, local cache=0, cache server=0)
		Asset DB Process Time: managed=0 ms, native=4022 ms
		Asset DB Callback time: managed=72 ms, native=0 ms
		Scripting: domain reloads=1, domain reload time=1974 ms, compile time=4678 ms, other=0 ms
		Project Asset Count: scripts=1599, non-scripts=3352
		Asset File Changes: new=0, changed=0, moved=0, deleted=0
		Scan Filter Count: 0
	InvokePackagesCallback: 2.567ms
	ApplyChangesToAssetFolders: 0.602ms
	Collect global state as custom dependencies: 8.098ms
	ProcessAssetsWithTransientArtifactChanges: 15.683ms
	CategorizeAssets: 135.712ms
	CompileScripts: 4678.437ms
	ImportOutOfDateAssets: 3676.724ms (3671.503ms without children)
		CollectScriptTypesHashes: 2.743ms
		ReloadNativeAssets: 2.739ms
		UnloadImportedAssets: 0.495ms
		EnsureUptoDateAssetsAreRegisteredWithGuidPM: 1.115ms
		ImportSchedulerStart: 0.826ms
	PostProcessAllAssets: 72.591ms
		MonoPostProcessAllAssets: 72.583ms
			UniversalRenderPipelineGlobalSettingsPostprocessor.OnPostprocessAllAssets 32.782ms
			AssetChangedListener.OnPostprocessAllAssets 9.948ms
			AssetPostprocessor.OnPostprocessAllAssets 8.267ms
			SyncVS.PostprocessSyncProject 5.666ms
			SpriteSlicePostprocessor.OnPostprocessAllAssets 5.055ms
			WindowAssetPostprocessingWatcher.OnPostprocessAllAssets 4.127ms
			SpeedTree9Postprocessor.OnPostprocessAllAssets 3.244ms
			ShaderGraphAssetPostProcessor.OnPostprocessAllAssets 2.308ms
			EditModeScopePostprocessor.OnPostprocessAllAssets 2.099ms
			RenderPipelineGlobalSettingsPostprocessor.OnPostprocessAllAssets 1.841ms
			RetainedModeAssetPostprocessor.OnPostprocessAllAssets 1.811ms
			BuilderAssetPostprocessor.OnPostprocessAllAssets 1.294ms
			SpriteEditorTexturePostprocessor.OnPostprocessAllAssets 1.242ms
			ConfigAssetsTracker.OnPostprocessAllAssets 1.175ms
			TMPro_TexturePostProcessor.OnPostprocessAllAssets 1.046ms
			ShaderReflectionAssetPostProcessor.OnPostprocessAllAssets 1.028ms
			ArtifactBrowserPostProcessor.OnPostprocessAllAssets 0.861ms
			MaterialPostprocessor.OnPostprocessAllAssets 0.859ms
			ReferencedClipsPostProcessor.OnPostprocessAllAssets 0.705ms
			TextAssetPostProcessor.OnPostprocessAllAssets 0.605ms
			UVCSAssetPostprocessor.OnPostprocessAllAssets 0.581ms
			AudioMixerPostprocessor.OnPostprocessAllAssets 0.520ms
			SpriteShapeAssetPostProcessor.OnPostprocessAllAssets 0.496ms
			AssetDatabaseCallbacks.OnPostprocessAllAssets 0.461ms
			SpriteLibraryAssetPostprocessor.OnPostprocessAllAssets 0.432ms
			ThemePostprocessor.OnPostprocessAllAssets 0.394ms
			StyleCatalogPostProcessor.OnPostprocessAllAssets 0.380ms
			PostProcessor.OnPostprocessAllAssets 0.350ms
			AssetEvents.OnPostprocessAllAssets 0.349ms
			TerrainToolbarOverlayPostProcessor.OnPostprocessAllAssets 0.271ms
			SpeedTreePostProcessor.OnPostprocessAllAssets 0.242ms
			AssetReloadNotifier.OnPostprocessAllAssets 0.241ms
			ScenarioDriftAssetsTracker.OnPostprocessAllAssets 0.241ms
			PSDImportPostProcessor.OnPostprocessAllAssets 0.232ms
			SamplePostprocessor.OnPostprocessAllAssets 0.215ms
			PSDImporterAssetPostProcessor.OnPostprocessAllAssets 0.183ms
			AudioContainerPostProcessor.OnPostprocessAllAssets 0.157ms
			AssetProcessor.OnPostprocessAllAssets 0.143ms
	GatherAllCurrentPrimaryImportResultRevisions: 0.422ms
	PersistCurrentRevisions: 0.192ms
	GenerateScriptTypeHashes: 6.256ms
	GenerateScriptTypeSerializationHashes: 11.655ms
	Untracked: 2055.020ms

[Licensing::Client] Successfully resolved entitlement details
[Licensing::Client] Successfully resolved entitlement details
SpriteAtlasPacking completed in 0.009052 sec
Reloading assemblies for play mode.
Reloading assemblies after forced synchronous recompile.
Begin MonoManager ReloadAssembly
[Licensing::Client] Successfully resolved entitlement details
Refreshing native plugins compatible for Editor in 3.42 ms, found 5 plugins.
Native extension for WindowsStandalone target not found
Native extension for WebGL target not found
ScheduleIndexationOnStartup MainProcess:True IndexOnStartup:True
[MODES] ModeService[none].Initialize
[MODES] ModeService[none].LoadModes
Scripting: successfully reloaded assembly
- Finished resetting the current domain, in  3.674 seconds
Domain Reload Profiling: 5200ms
	BeginReloadAssembly (888ms)
		DisableScriptedObjects (254ms)
		CreateAndSetChildDomain (333ms)
	RebuildCommonClasses (23ms)
	RebuildNativeTypeToScriptingClass (34ms)
	initialDomainReloadingComplete (113ms)
	LoadAllAssembliesAndSetupDomain (465ms)
		LoadAssemblies (253ms)
		TypeCache.Refresh (10ms)
		AnalyzeDomain (59ms)
			ResolveRequiredComponents (54ms)
	FinalizeReload (3676ms)
		SetupLoadedEditorAssemblies (0ms)
			LogAssemblyErrors (5ms)
			InitializePlatformSupportModulesInManaged (4ms)
			BeforeProcessingInitializeOnLoad (220ms)
			ProcessInitializeOnLoadAttributes (466ms)
			ProcessInitializeOnLoadMethodAttributes (223ms)
			AfterProcessingInitializeOnLoad (9ms)
			EditorAssembliesLoaded (3ms)
		AwakeInstancesAfterBackupRestoration (1648ms)

Asset Pipeline Refresh (id=571bd027c0869a84e9c50cc0a1e9eefb): Total: 5.675 seconds - Initiated by StopAssetImportingV2(ForceSynchronousImport | ForceDomainReload)
	(Values over 0.05ms)
	Summary:
		Imports: total=0 (actual=0, local cache=0, cache server=0)
		Asset DB Process Time: managed=0 ms, native=3982 ms
		Asset DB Callback time: managed=72 ms, native=0 ms
		Scripting: domain reloads=1, domain reload time=1614 ms, compile time=4 ms, other=0 ms
		Project Asset Count: scripts=1599, non-scripts=3352
		Asset File Changes: new=0, changed=0, moved=0, deleted=0
		Scan Filter Count: 0
	InvokePackagesCallback: 3.142ms
	ApplyChangesToAssetFolders: 0.636ms
	Collect global state as custom dependencies: 6.965ms
	ProcessAssetsWithTransientArtifactChanges: 0.341ms
	CategorizeAssets: 124.176ms
	CompileScripts: 4.118ms
	ImportOutOfDateAssets: 3693.468ms (3688.214ms without children)
		CollectScriptTypesHashes: 1.532ms
		ReloadNativeAssets: 2.837ms
		UnloadImportedAssets: 0.475ms
		EnsureUptoDateAssetsAreRegisteredWithGuidPM: 1.131ms
		ImportSchedulerStart: 0.750ms
	PostProcessAllAssets: 72.398ms
		MonoPostProcessAllAssets: 72.388ms
			UniversalRenderPipelineGlobalSettingsPostprocessor.OnPostprocessAllAssets 34.953ms
			AssetChangedListener.OnPostprocessAllAssets 9.948ms
			AssetPostprocessor.OnPostprocessAllAssets 8.267ms
			SyncVS.PostprocessSyncProject 6.573ms
			SpriteSlicePostprocessor.OnPostprocessAllAssets 5.055ms
			SpeedTree9Postprocessor.OnPostprocessAllAssets 4.251ms
			WindowAssetPostprocessingWatcher.OnPostprocessAllAssets 3.209ms
			ShaderGraphAssetPostProcessor.OnPostprocessAllAssets 2.308ms
			RetainedModeAssetPostprocessor.OnPostprocessAllAssets 1.811ms
			RenderPipelineGlobalSettingsPostprocessor.OnPostprocessAllAssets 1.635ms
			BuilderAssetPostprocessor.OnPostprocessAllAssets 1.294ms
			SpriteEditorTexturePostprocessor.OnPostprocessAllAssets 1.242ms
			ConfigAssetsTracker.OnPostprocessAllAssets 1.175ms
			TMPro_TexturePostProcessor.OnPostprocessAllAssets 1.046ms
			ShaderReflectionAssetPostProcessor.OnPostprocessAllAssets 0.982ms
			ArtifactBrowserPostProcessor.OnPostprocessAllAssets 0.861ms
			MaterialPostprocessor.OnPostprocessAllAssets 0.859ms
			ReferencedClipsPostProcessor.OnPostprocessAllAssets 0.637ms
			TextAssetPostProcessor.OnPostprocessAllAssets 0.605ms
			UVCSAssetPostprocessor.OnPostprocessAllAssets 0.581ms
			AudioMixerPostprocessor.OnPostprocessAllAssets 0.520ms
			EditModeScopePostprocessor.OnPostprocessAllAssets 0.517ms
			SpriteShapeAssetPostProcessor.OnPostprocessAllAssets 0.496ms
			SpriteLibraryAssetPostprocessor.OnPostprocessAllAssets 0.432ms
			ThemePostprocessor.OnPostprocessAllAssets 0.394ms
			StyleCatalogPostProcessor.OnPostprocessAllAssets 0.380ms
			AssetDatabaseCallbacks.OnPostprocessAllAssets 0.363ms
			PostProcessor.OnPostprocessAllAssets 0.350ms
			AssetEvents.OnPostprocessAllAssets 0.349ms
			TerrainToolbarOverlayPostProcessor.OnPostprocessAllAssets 0.332ms
			SpeedTreePostProcessor.OnPostprocessAllAssets 0.242ms
			AssetReloadNotifier.OnPostprocessAllAssets 0.241ms
			ScenarioDriftAssetsTracker.OnPostprocessAllAssets 0.241ms
			PSDImportPostProcessor.OnPostprocessAllAssets 0.232ms
			SamplePostprocessor.OnPostprocessAllAssets 0.215ms
			PSDImporterAssetPostProcessor.OnPostprocessAllAssets 0.183ms
			AudioContainerPostProcessor.OnPostprocessAllAssets 0.157ms
			AssetProcessor.OnPostprocessAllAssets 0.143ms
	GatherAllCurrentPrimaryImportResultRevisions: 0.346ms
	UnloadStreamsBegin: 0.055ms
	PersistCurrentRevisions: 0.223ms
	GenerateScriptTypeHashes: 6.367ms
	GenerateScriptTypeSerializationHashes: 11.577ms
	Untracked: 1682.171ms

GameManager: DontDestroyOnLoad only works for root GameObjects or components on root GameObjects.
UnityEngine.Debug:ExtractStackTraceNoAlloc (byte*,int,string)
UnityEngine.StackTraceUtility:ExtractStackTrace ()
UnityEngine.Object:DontDestroyOnLoad (UnityEngine.Object)
GameManager:Awake () (at Assets/Scripts/GameManager.cs:21)

[Assets/Scripts/GameManager.cs line 21]

Loaded scene 'Temp/__Backupscenes/0.backup'
	Deserialize:            4.813 ms
	Integration:            670.674 ms
	Integration of assets:  0.006 ms
	Thread Wait Time:       0.054 ms
	Total Operation Time:   675.546 ms
[Licensing::Client] Successfully resolved entitlement details
[Licensing::Client] Successfully resolved entitlement details
Unloading 2 Unused Serialized files (Serialized files now loaded: 0)
Loaded scene 'Temp/__Backupscenes/0.backup'
	Deserialize:            3.255 ms
	Integration:            44.046 ms
	Integration of assets:  0.005 ms
	Thread Wait Time:       0.051 ms
	Total Operation Time:   47.357 ms
Unloading 40 unused Assets / (386.7 KB). Loaded Objects now: 9867.
Memory consumption went from 0.77 GB to 0.77 GB.
Total: 49.927300 ms (FindLiveObjects: 2.545900 ms CreateObjectMapping: 0.369100 ms MarkObjects: 46.054000 ms  DeleteObjects: 0.578000 ms)

[Licensing::Client] Successfully resolved entitlement details
[ScriptCompilation] Requested script compilation because: AssetDatabase observed changes in script compilation related files
Refreshing native plugins compatible for Editor in 4.05 ms, found 5 plugins.
Asset Pipeline Refresh (id=cda1598d8e1ba1144a12ac8079b44707): Total: 0.217 seconds - Initiated by RefreshV2(NoUpdateAssetOptions)
Starting: C:\Program Files\Unity\Hub\Editor\6000.6.2f1\Editor\Data\Tools\BuildPipeline\bee_backend.exe --ipc --defer-dag-verification --dagfile="Library/Bee/1900b0aE.dag" --continue-on-failure --profile="Library/Bee/backend1.traceevents" ScriptAssemblies
WorkingDir: C:/Users/Admin/Documents/Trabalho IPS/Desin de programacao de jogo/DPJ_Lab01/DPJ_Lab01_Base
ExitCode: 0 Duration: 1s173ms
[ 908/1180  0s] ILPP-Configuration Library/ilpp-configuration.nevergeneratedoutput
[1176/1180  0s] Csc Library/Bee/artifacts/1900b0aE.dag/Assembly-CSharp.dll (+2 others)
[1177/1180  0s] ILPostProcess Library/Bee/artifacts/1900b0aE.dag/post-processed/Assembly-CSharp.dll (+pdb)
Processing assembly Library/Bee/artifacts/1900b0aE.dag/Assembly-CSharp.dll, with 148 defines and 371 references

processors: Unity.Jobs.CodeGen.JobsILPostProcessor, zzzUnity.Burst.CodeGen.BurstILPostProcessor

1 processor(s) skipped this assembly

running Unity.Jobs.CodeGen.JobsILPostProcessor
[1178/1180  0s] CopyFiles Library/ScriptAssemblies/Assembly-CSharp.pdb
[1179/1180  0s] CopyFiles Library/ScriptAssemblies/Assembly-CSharp.dll
*** Tundra build success (1.13 seconds), 5 items updated, 1180 evaluated
Total cache size 68022760
Total cache size after purge 68022760, took 00:00:00.1182235
Reloading assemblies after finishing script compilation.
Reloading assemblies after forced synchronous recompile.
Begin MonoManager ReloadAssembly
Refreshing native plugins compatible for Editor in 3.04 ms, found 5 plugins.
Native extension for WindowsStandalone target not found
Native extension for WebGL target not found
[MODES] ModeService[none].Initialize
[MODES] ModeService[none].LoadModes
ScheduleIndexationOnStartup MainProcess:True IndexOnStartup:True
Scripting: successfully reloaded assembly
- Finished resetting the current domain, in  3.305 seconds
Domain Reload Profiling: 5072ms
	BeginReloadAssembly (884ms)
		DisableScriptedObjects (206ms)
		CreateAndSetChildDomain (352ms)
	RebuildCommonClasses (23ms)
	RebuildNativeTypeToScriptingClass (30ms)
	initialDomainReloadingComplete (85ms)
	LoadAllAssembliesAndSetupDomain (743ms)
		LoadAssemblies (234ms)
		TypeCache.Refresh (16ms)
		AnalyzeDomain (396ms)
			BuildScriptInfoCaches (350ms)
			ResolveRequiredComponents (43ms)
	FinalizeReload (3307ms)
		SetupLoadedEditorAssemblies (0ms)
			LogAssemblyErrors (3ms)
			InitializePlatformSupportModulesInManaged (4ms)
			BeforeProcessingInitializeOnLoad (367ms)
			ProcessInitializeOnLoadAttributes (427ms)
			ProcessInitializeOnLoadMethodAttributes (193ms)
			AfterProcessingInitializeOnLoad (9ms)
		AwakeInstancesAfterBackupRestoration (1422ms)

Asset Pipeline Refresh (id=4016cb6aaba3eb94a806febe3455011f): Total: 5.451 seconds - Initiated by StopAssetImportingV2(ForceSynchronousImport | ForceDomainReload)
	(Values over 0.05ms)
	Summary:
		Imports: total=0 (actual=0, local cache=0, cache server=0)
		Asset DB Process Time: managed=0 ms, native=3552 ms
		Asset DB Callback time: managed=56 ms, native=0 ms
		Scripting: domain reloads=1, domain reload time=1837 ms, compile time=3 ms, other=0 ms
		Project Asset Count: scripts=1599, non-scripts=3352
		Asset File Changes: new=0, changed=0, moved=0, deleted=0
		Scan Filter Count: 0
	InvokePackagesCallback: 2.737ms
	ApplyChangesToAssetFolders: 0.451ms
	Collect global state as custom dependencies: 6.009ms
	ProcessAssetsWithTransientArtifactChanges: 6.732ms
	CategorizeAssets: 94.051ms
	CompileScripts: 3.288ms
	ImportOutOfDateAssets: 3319.462ms (3315.296ms without children)
		CollectScriptTypesHashes: 1.300ms
		ReloadNativeAssets: 1.919ms
		UnloadImportedAssets: 0.307ms
		EnsureUptoDateAssetsAreRegisteredWithGuidPM: 1.085ms
		ImportSchedulerStart: 0.826ms
	PostProcessAllAssets: 56.963ms
		MonoPostProcessAllAssets: 56.957ms
			UniversalRenderPipelineGlobalSettingsPostprocessor.OnPostprocessAllAssets 27.575ms
			BuilderAssetPostprocessor.OnPostprocessAllAssets 12.565ms
			AssetChangedListener.OnPostprocessAllAssets 10.496ms
			AssetPostprocessor.OnPostprocessAllAssets 9.993ms
			SyncVS.PostprocessSyncProject 5.136ms
			SpriteSlicePostprocessor.OnPostprocessAllAssets 4.873ms
			ShaderGraphAssetPostProcessor.OnPostprocessAllAssets 3.723ms
			SpeedTree9Postprocessor.OnPostprocessAllAssets 2.926ms
			RetainedModeAssetPostprocessor.OnPostprocessAllAssets 2.706ms
			WindowAssetPostprocessingWatcher.OnPostprocessAllAssets 2.683ms
			RenderPipelineGlobalSettingsPostprocessor.OnPostprocessAllAssets 1.494ms
			ConfigAssetsTracker.OnPostprocessAllAssets 1.458ms
			TMPro_TexturePostProcessor.OnPostprocessAllAssets 1.386ms
			EditModeScopePostprocessor.OnPostprocessAllAssets 1.383ms
			SpriteEditorTexturePostprocessor.OnPostprocessAllAssets 1.348ms
			ArtifactBrowserPostProcessor.OnPostprocessAllAssets 1.147ms
			MaterialPostprocessor.OnPostprocessAllAssets 0.978ms
			UVCSAssetPostprocessor.OnPostprocessAllAssets 0.850ms
			ShaderReflectionAssetPostProcessor.OnPostprocessAllAssets 0.840ms
			TextAssetPostProcessor.OnPostprocessAllAssets 0.757ms
			PostProcessor.OnPostprocessAllAssets 0.558ms
			AudioMixerPostprocessor.OnPostprocessAllAssets 0.552ms
			SpriteShapeAssetPostProcessor.OnPostprocessAllAssets 0.511ms
			SpriteLibraryAssetPostprocessor.OnPostprocessAllAssets 0.452ms
			ReferencedClipsPostProcessor.OnPostprocessAllAssets 0.409ms
			StyleCatalogPostProcessor.OnPostprocessAllAssets 0.400ms
			AssetEvents.OnPostprocessAllAssets 0.359ms
			ThemePostprocessor.OnPostprocessAllAssets 0.317ms
			SamplePostprocessor.OnPostprocessAllAssets 0.314ms
			PSDImporterAssetPostProcessor.OnPostprocessAllAssets 0.310ms
			ScenarioDriftAssetsTracker.OnPostprocessAllAssets 0.295ms
			PSDImportPostProcessor.OnPostprocessAllAssets 0.285ms
			SpeedTreePostProcessor.OnPostprocessAllAssets 0.272ms
			AssetReloadNotifier.OnPostprocessAllAssets 0.264ms
			TerrainToolbarOverlayPostProcessor.OnPostprocessAllAssets 0.236ms
			AssetDatabaseCallbacks.OnPostprocessAllAssets 0.231ms
			AssetProcessor.OnPostprocessAllAssets 0.191ms
			AudioContainerPostProcessor.OnPostprocessAllAssets 0.137ms
	GatherAllCurrentPrimaryImportResultRevisions: 0.227ms
	PersistCurrentRevisions: 0.190ms
	GenerateScriptTypeHashes: 4.690ms
	GenerateScriptTypeSerializationHashes: 8.511ms
	Untracked: 1887.237ms

[Licensing::Client] Successfully resolved entitlement details
[Licensing::Client] Successfully resolved entitlement details
[ScriptCompilation] Requested script compilation because: AssetDatabase observed changes in script compilation related files
Refreshing native plugins compatible for Editor in 5.25 ms, found 5 plugins.
Asset Pipeline Refresh (id=df41114ef774fef46a058fdaa3e93483): Total: 0.189 seconds - Initiated by RefreshV2(NoUpdateAssetOptions)
[Licensing::Client] Successfully resolved entitlement details
Starting: C:\Program Files\Unity\Hub\Editor\6000.6.2f1\Editor\Data\Tools\BuildPipeline\bee_backend.exe --ipc --defer-dag-verification --dagfile="Library/Bee/1900b0aE.dag" --continue-on-failure --profile="Library/Bee/backend1.traceevents" ScriptAssemblies
WorkingDir: C:/Users/Admin/Documents/Trabalho IPS/Desin de programacao de jogo/DPJ_Lab01/DPJ_Lab01_Base
ExitCode: 0 Duration: 3s864ms
[ 908/1180  0s] ILPP-Configuration Library/ilpp-configuration.nevergeneratedoutput
[1176/1180  3s] Csc Library/Bee/artifacts/1900b0aE.dag/Assembly-CSharp.dll (+2 others)
[1177/1180  0s] ILPostProcess Library/Bee/artifacts/1900b0aE.dag/post-processed/Assembly-CSharp.dll (+pdb)
Processing assembly Library/Bee/artifacts/1900b0aE.dag/Assembly-CSharp.dll, with 148 defines and 371 references

processors: Unity.Jobs.CodeGen.JobsILPostProcessor, zzzUnity.Burst.CodeGen.BurstILPostProcessor

1 processor(s) skipped this assembly

running Unity.Jobs.CodeGen.JobsILPostProcessor
[1178/1180  0s] CopyFiles Library/ScriptAssemblies/Assembly-CSharp.pdb
[1179/1180  0s] CopyFiles Library/ScriptAssemblies/Assembly-CSharp.dll
*** Tundra build success (3.81 seconds), 5 items updated, 1180 evaluated
Total cache size 68022760
Total cache size after purge 68022760, took 00:00:00.1398161
Reloading assemblies after forced synchronous recompile.
Begin MonoManager ReloadAssembly
Refreshing native plugins compatible for Editor in 3.66 ms, found 5 plugins.
Native extension for WindowsStandalone target not found
Native extension for WebGL target not found
[MODES] ModeService[none].Initialize
[MODES] ModeService[none].LoadModes
ScheduleIndexationOnStartup MainProcess:True IndexOnStartup:True
Scripting: successfully reloaded assembly
- Finished resetting the current domain, in  3.799 seconds
Domain Reload Profiling: 5850ms
	BeginReloadAssembly (949ms)
		DisableScriptedObjects (258ms)
		CreateAndSetChildDomain (350ms)
	RebuildCommonClasses (29ms)
	RebuildNativeTypeToScriptingClass (38ms)
	initialDomainReloadingComplete (122ms)
	LoadAllAssembliesAndSetupDomain (911ms)
		LoadAssemblies (283ms)
		TypeCache.Refresh (18ms)
		AnalyzeDomain (462ms)
			BuildScriptInfoCaches (416ms)
			ResolveRequiredComponents (43ms)
	FinalizeReload (3801ms)
		SetupLoadedEditorAssemblies (0ms)
			LogAssemblyErrors (5ms)
			InitializePlatformSupportModulesInManaged (4ms)
			BeforeProcessingInitializeOnLoad (407ms)
			ProcessInitializeOnLoadAttributes (548ms)
			ProcessInitializeOnLoadMethodAttributes (239ms)
			AfterProcessingInitializeOnLoad (10ms)
			EditorAssembliesLoaded (3ms)
		AwakeInstancesAfterBackupRestoration (1524ms)

Asset Pipeline Refresh (id=ba048a09271732f409d6f72e2bb9a939): Total: 9.245 seconds - Initiated by RefreshV2(AllowForceSynchronousImport)
	(Values over 0.05ms)
	Summary:
		Imports: total=0 (actual=0, local cache=0, cache server=0)
		Asset DB Process Time: managed=0 ms, native=4056 ms
		Asset DB Callback time: managed=73 ms, native=0 ms
		Scripting: domain reloads=1, domain reload time=2136 ms, compile time=2978 ms, other=0 ms
		Project Asset Count: scripts=1599, non-scripts=3352
		Asset File Changes: new=0, changed=0, moved=0, deleted=0
		Scan Filter Count: 0
	InvokePackagesCallback: 3.412ms
	ApplyChangesToAssetFolders: 0.646ms
	Collect global state as custom dependencies: 7.569ms
	ProcessAssetsWithTransientArtifactChanges: 14.531ms
	CategorizeAssets: 111.456ms
	CompileScripts: 2978.308ms
	ImportOutOfDateAssets: 3815.915ms (3811.644ms without children)
		CollectScriptTypesHashes: 1.558ms
		ReloadNativeAssets: 1.919ms
		UnloadImportedAssets: 0.338ms
		EnsureUptoDateAssetsAreRegisteredWithGuidPM: 1.151ms
		ImportSchedulerStart: 0.831ms
	PostProcessAllAssets: 73.121ms
		MonoPostProcessAllAssets: 73.114ms
			UniversalRenderPipelineGlobalSettingsPostprocessor.OnPostprocessAllAssets 32.945ms
			BuilderAssetPostprocessor.OnPostprocessAllAssets 15.466ms
			AssetChangedListener.OnPostprocessAllAssets 10.048ms
			AssetPostprocessor.OnPostprocessAllAssets 8.138ms
			SyncVS.PostprocessSyncProject 5.779ms
			SpeedTree9Postprocessor.OnPostprocessAllAssets 4.893ms
			SpriteSlicePostprocessor.OnPostprocessAllAssets 4.261ms
			ShaderGraphAssetPostProcessor.OnPostprocessAllAssets 3.181ms
			WindowAssetPostprocessingWatcher.OnPostprocessAllAssets 3.105ms
			RetainedModeAssetPostprocessor.OnPostprocessAllAssets 2.104ms
			ShaderReflectionAssetPostProcessor.OnPostprocessAllAssets 1.688ms
			TMPro_TexturePostProcessor.OnPostprocessAllAssets 1.653ms
			EditModeScopePostprocessor.OnPostprocessAllAssets 1.495ms
			SpriteEditorTexturePostprocessor.OnPostprocessAllAssets 1.286ms
			RenderPipelineGlobalSettingsPostprocessor.OnPostprocessAllAssets 1.081ms
			ArtifactBrowserPostProcessor.OnPostprocessAllAssets 1.070ms
			MaterialPostprocessor.OnPostprocessAllAssets 0.881ms
			TextAssetPostProcessor.OnPostprocessAllAssets 0.824ms
			UVCSAssetPostprocessor.OnPostprocessAllAssets 0.805ms
			SpriteShapeAssetPostProcessor.OnPostprocessAllAssets 0.763ms
			AudioMixerPostprocessor.OnPostprocessAllAssets 0.751ms
			PostProcessor.OnPostprocessAllAssets 0.471ms
			SpeedTreePostProcessor.OnPostprocessAllAssets 0.450ms
			ReferencedClipsPostProcessor.OnPostprocessAllAssets 0.445ms
			AssetEvents.OnPostprocessAllAssets 0.381ms
			StyleCatalogPostProcessor.OnPostprocessAllAssets 0.370ms
			SpriteLibraryAssetPostprocessor.OnPostprocessAllAssets 0.349ms
			ConfigAssetsTracker.OnPostprocessAllAssets 0.331ms
			TerrainToolbarOverlayPostProcessor.OnPostprocessAllAssets 0.327ms
			ScenarioDriftAssetsTracker.OnPostprocessAllAssets 0.316ms
			AssetReloadNotifier.OnPostprocessAllAssets 0.299ms
			ThemePostprocessor.OnPostprocessAllAssets 0.282ms
			PSDImportPostProcessor.OnPostprocessAllAssets 0.274ms
			SamplePostprocessor.OnPostprocessAllAssets 0.273ms
			AssetProcessor.OnPostprocessAllAssets 0.250ms
			AssetDatabaseCallbacks.OnPostprocessAllAssets 0.244ms
			PSDImporterAssetPostProcessor.OnPostprocessAllAssets 0.152ms
			AudioContainerPostProcessor.OnPostprocessAllAssets 0.137ms
	GatherAllCurrentPrimaryImportResultRevisions: 0.291ms
	PersistCurrentRevisions: 0.219ms
	GenerateScriptTypeHashes: 4.718ms
	GenerateScriptTypeSerializationHashes: 8.633ms
	Untracked: 2210.761ms

[Licensing::Client] Successfully resolved entitlement details
[Licensing::Client] Successfully resolved entitlement details
Scanning for USB devices : 5.748ms
Scanning for USB devices : 3.353ms
Scanning for USB devices : 4.423ms
Scanning for USB devices : 3.298ms
Scanning for USB devices : 3.628ms
Scanning for USB devices : 6.163ms
Scanning for USB devices : 3.483ms
Scanning for USB devices : 4.604ms
Asset Pipeline Refresh (id=cad6783ac727d5449826814d198149e8): Total: 0.006 seconds - Initiated by RefreshV2(AllowForceSynchronousImport)
SpriteAtlasPacking completed in 0.009450 sec
Reloading assemblies for play mode.
Reloading assemblies after forced synchronous recompile.
[Licensing::Client] Successfully resolved entitlement details
Begin MonoManager ReloadAssembly
Refreshing native plugins compatible for Editor in 4.08 ms, found 5 plugins.
Native extension for WindowsStandalone target not found
Native extension for WebGL target not found
ScheduleIndexationOnStartup MainProcess:True IndexOnStartup:True
[MODES] ModeService[none].Initialize
[MODES] ModeService[none].LoadModes
Scripting: successfully reloaded assembly
- Finished resetting the current domain, in  3.793 seconds
Domain Reload Profiling: 5287ms
	BeginReloadAssembly (920ms)
		DisableScriptedObjects (242ms)
		CreateAndSetChildDomain (390ms)
	RebuildCommonClasses (19ms)
	RebuildNativeTypeToScriptingClass (29ms)
	initialDomainReloadingComplete (93ms)
	LoadAllAssembliesAndSetupDomain (433ms)
		LoadAssemblies (240ms)
		TypeCache.Refresh (11ms)
		AnalyzeDomain (54ms)
			ResolveRequiredComponents (48ms)
	FinalizeReload (3795ms)
		SetupLoadedEditorAssemblies (0ms)
			LogAssemblyErrors (3ms)
			InitializePlatformSupportModulesInManaged (4ms)
			BeforeProcessingInitializeOnLoad (297ms)
			ProcessInitializeOnLoadAttributes (557ms)
			ProcessInitializeOnLoadMethodAttributes (205ms)
			AfterProcessingInitializeOnLoad (8ms)
		AwakeInstancesAfterBackupRestoration (1643ms)

Asset Pipeline Refresh (id=04eb2b70a78428d4eba3d086b38dc781): Total: 5.707 seconds - Initiated by StopAssetImportingV2(ForceSynchronousImport | ForceDomainReload)
	(Values over 0.05ms)
	Summary:
		Imports: total=0 (actual=0, local cache=0, cache server=0)
		Asset DB Process Time: managed=0 ms, native=4056 ms
		Asset DB Callback time: managed=65 ms, native=0 ms
		Scripting: domain reloads=1, domain reload time=1581 ms, compile time=3 ms, other=0 ms
		Project Asset Count: scripts=1599, non-scripts=3352
		Asset File Changes: new=0, changed=0, moved=0, deleted=0
		Scan Filter Count: 0
	InvokePackagesCallback: 2.542ms
	ApplyChangesToAssetFolders: 0.442ms
	Collect global state as custom dependencies: 6.439ms
	ProcessAssetsWithTransientArtifactChanges: 0.179ms
	CategorizeAssets: 102.544ms
	CompileScripts: 3.069ms
	ImportOutOfDateAssets: 3810.550ms (3806.336ms without children)
		CollectScriptTypesHashes: 1.429ms
		ReloadNativeAssets: 1.933ms
		UnloadImportedAssets: 0.380ms
		EnsureUptoDateAssetsAreRegisteredWithGuidPM: 1.164ms
		ImportSchedulerStart: 0.705ms
	PostProcessAllAssets: 65.132ms
		MonoPostProcessAllAssets: 65.126ms
			UniversalRenderPipelineGlobalSettingsPostprocessor.OnPostprocessAllAssets 29.385ms
			BuilderAssetPostprocessor.OnPostprocessAllAssets 15.466ms
			AssetChangedListener.OnPostprocessAllAssets 10.048ms
			AssetPostprocessor.OnPostprocessAllAssets 8.138ms
			SyncVS.PostprocessSyncProject 7.386ms
			WindowAssetPostprocessingWatcher.OnPostprocessAllAssets 4.420ms
			SpriteSlicePostprocessor.OnPostprocessAllAssets 4.261ms
			SpeedTree9Postprocessor.OnPostprocessAllAssets 3.882ms
			ShaderGraphAssetPostProcessor.OnPostprocessAllAssets 3.181ms
			RetainedModeAssetPostprocessor.OnPostprocessAllAssets 2.104ms
			RenderPipelineGlobalSettingsPostprocessor.OnPostprocessAllAssets 1.667ms
			TMPro_TexturePostProcessor.OnPostprocessAllAssets 1.653ms
			SpriteEditorTexturePostprocessor.OnPostprocessAllAssets 1.286ms
			ArtifactBrowserPostProcessor.OnPostprocessAllAssets 1.070ms
			ShaderReflectionAssetPostProcessor.OnPostprocessAllAssets 1.030ms
			MaterialPostprocessor.OnPostprocessAllAssets 0.881ms
			TextAssetPostProcessor.OnPostprocessAllAssets 0.824ms
			UVCSAssetPostprocessor.OnPostprocessAllAssets 0.805ms
			SpriteShapeAssetPostProcessor.OnPostprocessAllAssets 0.763ms
			AudioMixerPostprocessor.OnPostprocessAllAssets 0.751ms
			ReferencedClipsPostProcessor.OnPostprocessAllAssets 0.683ms
			EditModeScopePostprocessor.OnPostprocessAllAssets 0.656ms
			PostProcessor.OnPostprocessAllAssets 0.471ms
			SpeedTreePostProcessor.OnPostprocessAllAssets 0.450ms
			AssetDatabaseCallbacks.OnPostprocessAllAssets 0.391ms
			AssetEvents.OnPostprocessAllAssets 0.381ms
			StyleCatalogPostProcessor.OnPostprocessAllAssets 0.370ms
			SpriteLibraryAssetPostprocessor.OnPostprocessAllAssets 0.349ms
			ConfigAssetsTracker.OnPostprocessAllAssets 0.331ms
			ScenarioDriftAssetsTracker.OnPostprocessAllAssets 0.316ms
			AssetReloadNotifier.OnPostprocessAllAssets 0.299ms
			ThemePostprocessor.OnPostprocessAllAssets 0.282ms
			PSDImportPostProcessor.OnPostprocessAllAssets 0.274ms
			SamplePostprocessor.OnPostprocessAllAssets 0.273ms
			TerrainToolbarOverlayPostProcessor.OnPostprocessAllAssets 0.269ms
			AssetProcessor.OnPostprocessAllAssets 0.250ms
			PSDImporterAssetPostProcessor.OnPostprocessAllAssets 0.152ms
			AudioContainerPostProcessor.OnPostprocessAllAssets 0.137ms
	GatherAllCurrentPrimaryImportResultRevisions: 0.173ms
	PersistCurrentRevisions: 0.250ms
	GenerateScriptTypeHashes: 5.201ms
	GenerateScriptTypeSerializationHashes: 9.338ms
	Untracked: 1636.550ms

GameManager: DontDestroyOnLoad only works for root GameObjects or components on root GameObjects.
UnityEngine.Debug:ExtractStackTraceNoAlloc (byte*,int,string)
UnityEngine.StackTraceUtility:ExtractStackTrace ()
UnityEngine.Object:DontDestroyOnLoad (UnityEngine.Object)
GameManager:Awake () (at Assets/Scripts/GameManager.cs:21)

[Assets/Scripts/GameManager.cs line 21]

Loaded scene 'Temp/__Backupscenes/0.backup'
	Deserialize:            4.702 ms
	Integration:            697.692 ms
	Integration of assets:  0.008 ms
	Thread Wait Time:       0.030 ms
	Total Operation Time:   702.433 ms
[Licensing::Client] Successfully resolved entitlement details
[Licensing::Client] Successfully resolved entitlement details
acouteceu alguma coisa?
UnityEngine.Debug:ExtractStackTraceNoAlloc (byte*,int,string)
UnityEngine.StackTraceUtility:ExtractStackTrace ()
UnityEngine.DebugLogHandler:Internal_Log (UnityEngine.LogType,UnityEngine.LogOption,string,UnityEngine.Object)
UnityEngine.DebugLogHandler:LogFormat (UnityEngine.LogType,UnityEngine.Object,string,object[])
UnityEngine.Logger:Log (UnityEngine.LogType,object)
UnityEngine.Debug:LogWarning (object)
Collectible:OnTriggerEnter2D (UnityEngine.Collider2D) (at Assets/Scripts/Collectible.cs:17)

(Filename: Assets/Scripts/Collectible.cs Line: 17)

Unloading 25 Unused Serialized files (Serialized files now loaded: 0)
Loaded scene 'Temp/__Backupscenes/0.backup'
	Deserialize:            2.736 ms
	Integration:            33.876 ms
	Integration of assets:  0.003 ms
	Thread Wait Time:       0.025 ms
	Total Operation Time:   36.640 ms
Unloading 17 unused Assets / (343.2 KB). Loaded Objects now: 9933.
Memory consumption went from 0.81 GB to 0.80 GB.
Total: 42.245100 ms (FindLiveObjects: 1.808000 ms CreateObjectMapping: 0.481000 ms MarkObjects: 39.506900 ms  DeleteObjects: 0.056700 ms)

[Licensing::Client] Successfully resolved entitlement details
Asset Pipeline Refresh (id=0e8a9f1084d40d149817c55105ea53a6): Total: 0.024 seconds - Initiated by RefreshV2(AllowForceSynchronousImport)
Asset Pipeline Refresh (id=a299ce98a89819e45a3ac6ee3f4534f3): Total: 0.007 seconds - Initiated by RefreshV2(AllowForceSynchronousImport)
Asset Pipeline Refresh (id=99db5153397dc3143883fe4c63ecd669): Total: 0.008 seconds - Initiated by RefreshV2(AllowForceSynchronousImport)
Asset Pipeline Refresh (id=d89fd10361a24a0409ded357057f608b): Total: 0.007 seconds - Initiated by RefreshV2(AllowForceSynchronousImport)
[ScriptCompilation] Requested script compilation because: AssetDatabase observed changes in script compilation related files
Refreshing native plugins compatible for Editor in 4.71 ms, found 5 plugins.
Asset Pipeline Refresh (id=c3f94c0f485c35d42b3b98dcdea269ab): Total: 0.235 seconds - Initiated by RefreshV2(NoUpdateAssetOptions)
[Licensing::Client] Successfully resolved entitlement details
Starting: C:\Program Files\Unity\Hub\Editor\6000.6.2f1\Editor\Data\Tools\BuildPipeline\bee_backend.exe --ipc --defer-dag-verification --dagfile="Library/Bee/1900b0aE.dag" --continue-on-failure --profile="Library/Bee/backend1.traceevents" ScriptAssemblies
WorkingDir: C:/Users/Admin/Documents/Trabalho IPS/Desin de programacao de jogo/DPJ_Lab01/DPJ_Lab01_Base
ExitCode: 0 Duration: 1s392ms
[ 908/1180  0s] ILPP-Configuration Library/ilpp-configuration.nevergeneratedoutput
[1176/1180  0s] Csc Library/Bee/artifacts/1900b0aE.dag/Assembly-CSharp.dll (+2 others)
[1177/1180  0s] ILPostProcess Library/Bee/artifacts/1900b0aE.dag/post-processed/Assembly-CSharp.dll (+pdb)
Processing assembly Library/Bee/artifacts/1900b0aE.dag/Assembly-CSharp.dll, with 148 defines and 371 references

processors: Unity.Jobs.CodeGen.JobsILPostProcessor, zzzUnity.Burst.CodeGen.BurstILPostProcessor

1 processor(s) skipped this assembly

running Unity.Jobs.CodeGen.JobsILPostProcessor
[1178/1180  0s] CopyFiles Library/ScriptAssemblies/Assembly-CSharp.pdb
[1179/1180  0s] CopyFiles Library/ScriptAssemblies/Assembly-CSharp.dll
*** Tundra build success (1.31 seconds), 5 items updated, 1180 evaluated
Total cache size 68022760
Total cache size after purge 68022760, took 00:00:00.1043997
Reloading assemblies after forced synchronous recompile.
Begin MonoManager ReloadAssembly
Refreshing native plugins compatible for Editor in 2.70 ms, found 5 plugins.
Native extension for WindowsStandalone target not found
Native extension for WebGL target not found
[MODES] ModeService[none].Initialize
[MODES] ModeService[none].LoadModes
ScheduleIndexationOnStartup MainProcess:True IndexOnStartup:True
Scripting: successfully reloaded assembly
- Finished resetting the current domain, in  4.360 seconds
Domain Reload Profiling: 6398ms
	BeginReloadAssembly (994ms)
		DisableScriptedObjects (261ms)
		CreateAndSetChildDomain (387ms)
	RebuildCommonClasses (20ms)
	RebuildNativeTypeToScriptingClass (31ms)
	initialDomainReloadingComplete (99ms)
	LoadAllAssembliesAndSetupDomain (892ms)
		LoadAssemblies (234ms)
		TypeCache.Refresh (17ms)
		AnalyzeDomain (460ms)
			BuildScriptInfoCaches (406ms)
			ResolveRequiredComponents (50ms)
	FinalizeReload (4361ms)
		SetupLoadedEditorAssemblies (0ms)
			LogAssemblyErrors (3ms)
			InitializePlatformSupportModulesInManaged (4ms)
			BeforeProcessingInitializeOnLoad (365ms)
			ProcessInitializeOnLoadAttributes (471ms)
			ProcessInitializeOnLoadMethodAttributes (202ms)
			AfterProcessingInitializeOnLoad (11ms)
			EditorAssembliesLoaded (3ms)
		AwakeInstancesAfterBackupRestoration (1778ms)

Asset Pipeline Refresh (id=aa32cb0df82b81441b6847386ddf2199): Total: 8.777 seconds - Initiated by RefreshV2(AllowForceSynchronousImport)
	(Values over 0.05ms)
	Summary:
		Imports: total=0 (actual=0, local cache=0, cache server=0)
		Asset DB Process Time: managed=0 ms, native=4678 ms
		Asset DB Callback time: managed=56 ms, native=0 ms
		Scripting: domain reloads=1, domain reload time=2121 ms, compile time=1921 ms, other=0 ms
		Project Asset Count: scripts=1599, non-scripts=3352
		Asset File Changes: new=0, changed=0, moved=0, deleted=0
		Scan Filter Count: 0
	InvokePackagesCallback: 2.382ms
	ApplyChangesToAssetFolders: 0.432ms
	Collect global state as custom dependencies: 47.159ms
	ProcessAssetsWithTransientArtifactChanges: 6.652ms
	CategorizeAssets: 109.052ms
	CompileScripts: 1920.816ms
	ImportOutOfDateAssets: 4373.526ms (4369.333ms without children)
		CollectScriptTypesHashes: 1.692ms
		ReloadNativeAssets: 2.021ms
		UnloadImportedAssets: 0.386ms
		EnsureUptoDateAssetsAreRegisteredWithGuidPM: 1.018ms
		ImportSchedulerStart: 0.739ms
	PostProcessAllAssets: 56.015ms
		MonoPostProcessAllAssets: 56.008ms
			UniversalRenderPipelineGlobalSettingsPostprocessor.OnPostprocessAllAssets 22.242ms
			BuilderAssetPostprocessor.OnPostprocessAllAssets 18.110ms
			AssetChangedListener.OnPostprocessAllAssets 13.047ms
			AssetPostprocessor.OnPostprocessAllAssets 10.536ms
			SpriteSlicePostprocessor.OnPostprocessAllAssets 5.699ms
			SyncVS.PostprocessSyncProject 5.528ms
			ShaderGraphAssetPostProcessor.OnPostprocessAllAssets 3.032ms
			WindowAssetPostprocessingWatcher.OnPostprocessAllAssets 2.811ms
			RetainedModeAssetPostprocessor.OnPostprocessAllAssets 2.782ms
			SpeedTree9Postprocessor.OnPostprocessAllAssets 2.466ms
			SpriteEditorTexturePostprocessor.OnPostprocessAllAssets 1.630ms
			EditModeScopePostprocessor.OnPostprocessAllAssets 1.520ms
			ConfigAssetsTracker.OnPostprocessAllAssets 1.358ms
			TMPro_TexturePostProcessor.OnPostprocessAllAssets 1.318ms
			ArtifactBrowserPostProcessor.OnPostprocessAllAssets 1.306ms
			RenderPipelineGlobalSettingsPostprocessor.OnPostprocessAllAssets 1.240ms
			MaterialPostprocessor.OnPostprocessAllAssets 1.178ms
			ShaderReflectionAssetPostProcessor.OnPostprocessAllAssets 0.888ms
			UVCSAssetPostprocessor.OnPostprocessAllAssets 0.844ms
			SpriteLibraryAssetPostprocessor.OnPostprocessAllAssets 0.801ms
			AudioMixerPostprocessor.OnPostprocessAllAssets 0.671ms
			TextAssetPostProcessor.OnPostprocessAllAssets 0.662ms
			SpriteShapeAssetPostProcessor.OnPostprocessAllAssets 0.569ms
			StyleCatalogPostProcessor.OnPostprocessAllAssets 0.563ms
			ReferencedClipsPostProcessor.OnPostprocessAllAssets 0.515ms
			PostProcessor.OnPostprocessAllAssets 0.488ms
			AssetEvents.OnPostprocessAllAssets 0.450ms
			TerrainToolbarOverlayPostProcessor.OnPostprocessAllAssets 0.422ms
			PSDImporterAssetPostProcessor.OnPostprocessAllAssets 0.358ms
			SpeedTreePostProcessor.OnPostprocessAllAssets 0.322ms
			SamplePostprocessor.OnPostprocessAllAssets 0.316ms
			ThemePostprocessor.OnPostprocessAllAssets 0.297ms
			AssetDatabaseCallbacks.OnPostprocessAllAssets 0.292ms
			AssetReloadNotifier.OnPostprocessAllAssets 0.283ms
			PSDImportPostProcessor.OnPostprocessAllAssets 0.270ms
			ScenarioDriftAssetsTracker.OnPostprocessAllAssets 0.265ms
			AudioContainerPostProcessor.OnPostprocessAllAssets 0.202ms
			AssetProcessor.OnPostprocessAllAssets 0.190ms
	GatherAllCurrentPrimaryImportResultRevisions: 0.190ms
	PersistCurrentRevisions: 0.213ms
	GenerateScriptTypeHashes: 5.086ms
	GenerateScriptTypeSerializationHashes: 9.213ms
	Untracked: 2192.843ms

[Licensing::Client] Successfully resolved entitlement details
[Licensing::Client] Successfully resolved entitlement details
SpriteAtlasPacking completed in 0.010098 sec
Reloading assemblies for play mode.
Reloading assemblies after forced synchronous recompile.
Begin MonoManager ReloadAssembly
Refreshing native plugins compatible for Editor in 2.94 ms, found 5 plugins.
Native extension for WindowsStandalone target not found
Native extension for WebGL target not found
ScheduleIndexationOnStartup MainProcess:True IndexOnStartup:True
[MODES] ModeService[none].Initialize
[MODES] ModeService[none].LoadModes
Scripting: successfully reloaded assembly
- Finished resetting the current domain, in  3.597 seconds
Domain Reload Profiling: 5251ms
	BeginReloadAssembly (1049ms)
		DisableScriptedObjects (330ms)
		CreateAndSetChildDomain (417ms)
	RebuildCommonClasses (21ms)
	RebuildNativeTypeToScriptingClass (37ms)
	initialDomainReloadingComplete (105ms)
	LoadAllAssembliesAndSetupDomain (441ms)
		LoadAssemblies (249ms)
		TypeCache.Refresh (13ms)
		AnalyzeDomain (56ms)
			ResolveRequiredComponents (49ms)
	FinalizeReload (3599ms)
		SetupLoadedEditorAssemblies (0ms)
			LogAssemblyErrors (10ms)
			InitializePlatformSupportModulesInManaged (5ms)
			BeforeProcessingInitializeOnLoad (204ms)
			ProcessInitializeOnLoadAttributes (425ms)
			ProcessInitializeOnLoadMethodAttributes (230ms)
			AfterProcessingInitializeOnLoad (10ms)
			EditorAssembliesLoaded (3ms)
		AwakeInstancesAfterBackupRestoration (1699ms)

Asset Pipeline Refresh (id=ee53b9e1e08184a4e8bb98aa4014de79): Total: 5.693 seconds - Initiated by StopAssetImportingV2(ForceSynchronousImport | ForceDomainReload)
	(Values over 0.05ms)
	Summary:
		Imports: total=0 (actual=0, local cache=0, cache server=0)
		Asset DB Process Time: managed=0 ms, native=3904 ms
		Asset DB Callback time: managed=54 ms, native=0 ms
		Scripting: domain reloads=1, domain reload time=1730 ms, compile time=3 ms, other=0 ms
		Project Asset Count: scripts=1599, non-scripts=3352
		Asset File Changes: new=0, changed=0, moved=0, deleted=0
		Scan Filter Count: 0
	InvokePackagesCallback: 2.666ms
	ApplyChangesToAssetFolders: 0.430ms
	Collect global state as custom dependencies: 5.622ms
	ProcessAssetsWithTransientArtifactChanges: 0.129ms
	CategorizeAssets: 106.496ms
	CompileScripts: 3.063ms
	ImportOutOfDateAssets: 3611.591ms (3607.524ms without children)
		CollectScriptTypesHashes: 1.120ms
		ReloadNativeAssets: 1.990ms
		UnloadImportedAssets: 0.299ms
		EnsureUptoDateAssetsAreRegisteredWithGuidPM: 1.098ms
		ImportSchedulerStart: 0.649ms
	PostProcessAllAssets: 54.143ms
		MonoPostProcessAllAssets: 54.136ms
			UniversalRenderPipelineGlobalSettingsPostprocessor.OnPostprocessAllAssets 18.640ms
			BuilderAssetPostprocessor.OnPostprocessAllAssets 18.110ms
			AssetChangedListener.OnPostprocessAllAssets 13.047ms
			AssetPostprocessor.OnPostprocessAllAssets 10.536ms
			SyncVS.PostprocessSyncProject 7.388ms
			SpriteSlicePostprocessor.OnPostprocessAllAssets 5.699ms
			WindowAssetPostprocessingWatcher.OnPostprocessAllAssets 3.104ms
			ShaderGraphAssetPostProcessor.OnPostprocessAllAssets 3.032ms
			SpeedTree9Postprocessor.OnPostprocessAllAssets 2.899ms
			RetainedModeAssetPostprocessor.OnPostprocessAllAssets 2.782ms
			SpriteEditorTexturePostprocessor.OnPostprocessAllAssets 1.630ms
			ConfigAssetsTracker.OnPostprocessAllAssets 1.358ms
			RenderPipelineGlobalSettingsPostprocessor.OnPostprocessAllAssets 1.354ms
			TMPro_TexturePostProcessor.OnPostprocessAllAssets 1.318ms
			ArtifactBrowserPostProcessor.OnPostprocessAllAssets 1.306ms
			MaterialPostprocessor.OnPostprocessAllAssets 1.178ms
			ShaderReflectionAssetPostProcessor.OnPostprocessAllAssets 0.873ms
			UVCSAssetPostprocessor.OnPostprocessAllAssets 0.844ms
			SpriteLibraryAssetPostprocessor.OnPostprocessAllAssets 0.801ms
			AudioMixerPostprocessor.OnPostprocessAllAssets 0.671ms
			TextAssetPostProcessor.OnPostprocessAllAssets 0.662ms
			ReferencedClipsPostProcessor.OnPostprocessAllAssets 0.637ms
			SpriteShapeAssetPostProcessor.OnPostprocessAllAssets 0.569ms
			StyleCatalogPostProcessor.OnPostprocessAllAssets 0.563ms
			EditModeScopePostprocessor.OnPostprocessAllAssets 0.541ms
			PostProcessor.OnPostprocessAllAssets 0.488ms
			AssetEvents.OnPostprocessAllAssets 0.450ms
			PSDImporterAssetPostProcessor.OnPostprocessAllAssets 0.358ms
			AssetDatabaseCallbacks.OnPostprocessAllAssets 0.323ms
			SpeedTreePostProcessor.OnPostprocessAllAssets 0.322ms
			SamplePostprocessor.OnPostprocessAllAssets 0.316ms
			ThemePostprocessor.OnPostprocessAllAssets 0.297ms
			AssetReloadNotifier.OnPostprocessAllAssets 0.283ms
			TerrainToolbarOverlayPostProcessor.OnPostprocessAllAssets 0.277ms
			PSDImportPostProcessor.OnPostprocessAllAssets 0.270ms
			ScenarioDriftAssetsTracker.OnPostprocessAllAssets 0.265ms
			AudioContainerPostProcessor.OnPostprocessAllAssets 0.202ms
			AssetProcessor.OnPostprocessAllAssets 0.190ms
	GatherAllCurrentPrimaryImportResultRevisions: 0.190ms
	PersistCurrentRevisions: 0.233ms
	GenerateScriptTypeHashes: 5.057ms
	GenerateScriptTypeSerializationHashes: 9.090ms
	Untracked: 1788.526ms

GameManager: DontDestroyOnLoad only works for root GameObjects or components on root GameObjects.
UnityEngine.Debug:ExtractStackTraceNoAlloc (byte*,int,string)
UnityEngine.StackTraceUtility:ExtractStackTrace ()
UnityEngine.Object:DontDestroyOnLoad (UnityEngine.Object)
GameManager:Awake () (at Assets/Scripts/GameManager.cs:21)

[Assets/Scripts/GameManager.cs line 21]

Loaded scene 'Temp/__Backupscenes/0.backup'
	Deserialize:            4.263 ms
	Integration:            722.183 ms
	Integration of assets:  0.006 ms
	Thread Wait Time:       0.023 ms
	Total Operation Time:   726.475 ms
[Licensing::Client] Successfully resolved entitlement details
[Licensing::Client] Successfully resolved entitlement details
acouteceu alguma coisa?
UnityEngine.Debug:ExtractStackTraceNoAlloc (byte*,int,string)
UnityEngine.StackTraceUtility:ExtractStackTrace ()
UnityEngine.DebugLogHandler:Internal_Log (UnityEngine.LogType,UnityEngine.LogOption,string,UnityEngine.Object)
UnityEngine.DebugLogHandler:LogFormat (UnityEngine.LogType,UnityEngine.Object,string,object[])
UnityEngine.Logger:Log (UnityEngine.LogType,object)
UnityEngine.Debug:LogWarning (object)
Collectible:OnTriggerEnter2D (UnityEngine.Collider2D) (at Assets/Scripts/Collectible.cs:17)

(Filename: Assets/Scripts/Collectible.cs Line: 17)

Unloading 2 Unused Serialized files (Serialized files now loaded: 0)
Loaded scene 'Temp/__Backupscenes/0.backup'
	Deserialize:            2.752 ms
	Integration:            41.468 ms
	Integration of assets:  0.004 ms
	Thread Wait Time:       0.029 ms
	Total Operation Time:   44.253 ms
Unloading 18 unused Assets / (202.6 KB). Loaded Objects now: 9954.
Memory consumption went from 0.82 GB to 0.82 GB.
Total: 40.798500 ms (FindLiveObjects: 1.689100 ms CreateObjectMapping: 0.246800 ms MarkObjects: 38.367300 ms  DeleteObjects: 0.111300 ms)

[Licensing::Client] Successfully resolved entitlement details
Asset Pipeline Refresh (id=1d8e67fa898b8e64d81c759f273fdacd): Total: 0.063 seconds - Initiated by RefreshV2(AllowForceSynchronousImport)
Asset Pipeline Refresh (id=8a7fb9610a40b344ebc3e4fa50d0957e): Total: 0.007 seconds - Initiated by RefreshV2(AllowForceSynchronousImport)
Asset Pipeline Refresh (id=4aecbd52da571604cb5bdb16e6b948dc): Total: 0.007 seconds - Initiated by RefreshV2(AllowForceSynchronousImport)
Asset Pipeline Refresh (id=8601f2420073a5f4fa041c37fe1f4a38): Total: 0.007 seconds - Initiated by RefreshV2(AllowForceSynchronousImport)
Asset Pipeline Refresh (id=8552d6bda4b6e804a80a8cb1fb696bec): Total: 0.006 seconds - Initiated by RefreshV2(AllowForceSynchronousImport)
Asset Pipeline Refresh (id=ed732b7a3285fe048a9c52b4ce84618a): Total: 0.006 seconds - Initiated by RefreshV2(AllowForceSynchronousImport)
Asset Pipeline Refresh (id=acfd48cabf759fe4f8adc288384c2561): Total: 0.006 seconds - Initiated by RefreshV2(AllowForceSynchronousImport)
Asset Pipeline Refresh (id=6487840d9fc54e844b46f865af172204): Total: 0.006 seconds - Initiated by RefreshV2(AllowForceSynchronousImport)
[Licensing::Client] Successfully resolved entitlement details
Asset Pipeline Refresh (id=bc49f4a7bf11a8b489a968cb682e6417): Total: 0.007 seconds - Initiated by RefreshV2(AllowForceSynchronousImport)
SpriteAtlasPacking completed in 0.007238 sec
Reloading assemblies for play mode.
Reloading assemblies after forced synchronous recompile.
[Licensing::Client] Successfully resolved entitlement details
Begin MonoManager ReloadAssembly
Refreshing native plugins compatible for Editor in 3.80 ms, found 5 plugins.
Native extension for WindowsStandalone target not found
Native extension for WebGL target not found
ScheduleIndexationOnStartup MainProcess:True IndexOnStartup:True
[MODES] ModeService[none].Initialize
[MODES] ModeService[none].LoadModes
Scripting: successfully reloaded assembly
- Finished resetting the current domain, in  4.127 seconds
Domain Reload Profiling: 5569ms
	BeginReloadAssembly (824ms)
		DisableScriptedObjects (211ms)
		CreateAndSetChildDomain (357ms)
	RebuildCommonClasses (21ms)
	RebuildNativeTypeToScriptingClass (28ms)
	initialDomainReloadingComplete (100ms)
	LoadAllAssembliesAndSetupDomain (467ms)
		LoadAssemblies (260ms)
		TypeCache.Refresh (11ms)
		AnalyzeDomain (53ms)
			ResolveRequiredComponents (47ms)
	FinalizeReload (4129ms)
		SetupLoadedEditorAssemblies (0ms)
			LogAssemblyErrors (3ms)
			InitializePlatformSupportModulesInManaged (6ms)
			BeforeProcessingInitializeOnLoad (218ms)
			ProcessInitializeOnLoadAttributes (480ms)
			ProcessInitializeOnLoadMethodAttributes (284ms)
			AfterProcessingInitializeOnLoad (10ms)
			EditorAssembliesLoaded (3ms)
		AwakeInstancesAfterBackupRestoration (1990ms)

Asset Pipeline Refresh (id=007137493371eb442beef17a93ebbc13): Total: 5.988 seconds - Initiated by StopAssetImportingV2(ForceSynchronousImport | ForceDomainReload)
	(Values over 0.05ms)
	Summary:
		Imports: total=0 (actual=0, local cache=0, cache server=0)
		Asset DB Process Time: managed=0 ms, native=4410 ms
		Asset DB Callback time: managed=56 ms, native=0 ms
		Scripting: domain reloads=1, domain reload time=1516 ms, compile time=3 ms, other=0 ms
		Project Asset Count: scripts=1599, non-scripts=3352
		Asset File Changes: new=0, changed=0, moved=0, deleted=0
		Scan Filter Count: 0
	InvokePackagesCallback: 43.350ms
	ApplyChangesToAssetFolders: 0.576ms
	Collect global state as custom dependencies: 6.287ms
	ProcessAssetsWithTransientArtifactChanges: 0.178ms
	CategorizeAssets: 121.338ms
	CompileScripts: 3.279ms
	ImportOutOfDateAssets: 4150.573ms (4145.604ms without children)
		CollectScriptTypesHashes: 1.245ms
		ReloadNativeAssets: 2.037ms
		UnloadImportedAssets: 0.443ms
		EnsureUptoDateAssetsAreRegisteredWithGuidPM: 1.048ms
		ImportSchedulerStart: 1.380ms
	PostProcessAllAssets: 56.998ms
		MonoPostProcessAllAssets: 56.990ms
			UniversalRenderPipelineGlobalSettingsPostprocessor.OnPostprocessAllAssets 21.463ms
			BuilderAssetPostprocessor.OnPostprocessAllAssets 18.110ms
			AssetChangedListener.OnPostprocessAllAssets 13.047ms
			AssetPostprocessor.OnPostprocessAllAssets 10.536ms
			SyncVS.PostprocessSyncProject 7.388ms
			SpriteSlicePostprocessor.OnPostprocessAllAssets 5.699ms
			SpeedTree9Postprocessor.OnPostprocessAllAssets 4.292ms
			WindowAssetPostprocessingWatcher.OnPostprocessAllAssets 3.557ms
			ShaderGraphAssetPostProcessor.OnPostprocessAllAssets 3.032ms
			RetainedModeAssetPostprocessor.OnPostprocessAllAssets 2.782ms
			SpriteEditorTexturePostprocessor.OnPostprocessAllAssets 1.630ms
			ConfigAssetsTracker.OnPostprocessAllAssets 1.358ms
			TMPro_TexturePostProcessor.OnPostprocessAllAssets 1.318ms
			ArtifactBrowserPostProcessor.OnPostprocessAllAssets 1.306ms
			MaterialPostprocessor.OnPostprocessAllAssets 1.178ms
			ShaderReflectionAssetPostProcessor.OnPostprocessAllAssets 1.141ms
			RenderPipelineGlobalSettingsPostprocessor.OnPostprocessAllAssets 1.055ms
			UVCSAssetPostprocessor.OnPostprocessAllAssets 0.844ms
			SpriteLibraryAssetPostprocessor.OnPostprocessAllAssets 0.801ms
			AudioMixerPostprocessor.OnPostprocessAllAssets 0.671ms
			EditModeScopePostprocessor.OnPostprocessAllAssets 0.665ms
			TextAssetPostProcessor.OnPostprocessAllAssets 0.662ms
			SpriteShapeAssetPostProcessor.OnPostprocessAllAssets 0.569ms
			StyleCatalogPostProcessor.OnPostprocessAllAssets 0.563ms
			PostProcessor.OnPostprocessAllAssets 0.488ms
			TerrainToolbarOverlayPostProcessor.OnPostprocessAllAssets 0.460ms
			AssetEvents.OnPostprocessAllAssets 0.450ms
			ReferencedClipsPostProcessor.OnPostprocessAllAssets 0.422ms
			PSDImporterAssetPostProcessor.OnPostprocessAllAssets 0.358ms
			SpeedTreePostProcessor.OnPostprocessAllAssets 0.322ms
			SamplePostprocessor.OnPostprocessAllAssets 0.316ms
			ThemePostprocessor.OnPostprocessAllAssets 0.297ms
			AssetReloadNotifier.OnPostprocessAllAssets 0.283ms
			PSDImportPostProcessor.OnPostprocessAllAssets 0.270ms
			ScenarioDriftAssetsTracker.OnPostprocessAllAssets 0.265ms
			AssetDatabaseCallbacks.OnPostprocessAllAssets 0.254ms
			AudioContainerPostProcessor.OnPostprocessAllAssets 0.202ms
			AssetProcessor.OnPostprocessAllAssets 0.190ms
	GatherAllCurrentPrimaryImportResultRevisions: 0.288ms
	PersistCurrentRevisions: 0.235ms
	GenerateScriptTypeHashes: 5.298ms
	GenerateScriptTypeSerializationHashes: 9.285ms
	Untracked: 1568.902ms

GameManager: DontDestroyOnLoad only works for root GameObjects or components on root GameObjects.
UnityEngine.Debug:ExtractStackTraceNoAlloc (byte*,int,string)
UnityEngine.StackTraceUtility:ExtractStackTrace ()
UnityEngine.Object:DontDestroyOnLoad (UnityEngine.Object)
GameManager:Awake () (at Assets/Scripts/GameManager.cs:21)

[Assets/Scripts/GameManager.cs line 21]

Loaded scene 'Temp/__Backupscenes/0.backup'
	Deserialize:            4.242 ms
	Integration:            689.153 ms
	Integration of assets:  0.005 ms
	Thread Wait Time:       0.017 ms
	Total Operation Time:   693.418 ms
[Licensing::Client] Successfully resolved entitlement details
[Licensing::Client] Successfully resolved entitlement details
acouteceu alguma coisa?
UnityEngine.Debug:ExtractStackTraceNoAlloc (byte*,int,string)
UnityEngine.StackTraceUtility:ExtractStackTrace ()
UnityEngine.DebugLogHandler:Internal_Log (UnityEngine.LogType,UnityEngine.LogOption,string,UnityEngine.Object)
UnityEngine.DebugLogHandler:LogFormat (UnityEngine.LogType,UnityEngine.Object,string,object[])
UnityEngine.Logger:Log (UnityEngine.LogType,object)
UnityEngine.Debug:LogWarning (object)
Collectible:OnTriggerEnter2D (UnityEngine.Collider2D) (at Assets/Scripts/Collectible.cs:17)

(Filename: Assets/Scripts/Collectible.cs Line: 17)

[ScriptCompilation] Requested script compilation because: AssetDatabase observed changes in script compilation related files
Refreshing native plugins compatible for Editor in 3.66 ms, found 5 plugins.
Asset Pipeline Refresh (id=67136416d3c41b140b4a964f9ea7e986): Total: 0.153 seconds - Initiated by RefreshV2(NoUpdateAssetOptions)
Asset Pipeline Refresh (id=9c580f4fdd8d33d4486d18574f44e4d5): Total: 0.005 seconds - Initiated by RefreshV2(NoUpdateAssetOptions)
Starting: C:\Program Files\Unity\Hub\Editor\6000.6.2f1\Editor\Data\Tools\BuildPipeline\bee_backend.exe --ipc --defer-dag-verification --dagfile="Library/Bee/1900b0aE.dag" --continue-on-failure --profile="Library/Bee/backend1.traceevents" ScriptAssemblies
WorkingDir: C:/Users/Admin/Documents/Trabalho IPS/Desin de programacao de jogo/DPJ_Lab01/DPJ_Lab01_Base
ExitCode: 0 Duration: 1s306ms
[ 908/1180  0s] ILPP-Configuration Library/ilpp-configuration.nevergeneratedoutput
[1176/1180  0s] Csc Library/Bee/artifacts/1900b0aE.dag/Assembly-CSharp.dll (+2 others)
[1177/1180  0s] ILPostProcess Library/Bee/artifacts/1900b0aE.dag/post-processed/Assembly-CSharp.dll (+pdb)
Processing assembly Library/Bee/artifacts/1900b0aE.dag/Assembly-CSharp.dll, with 148 defines and 371 references

processors: Unity.Jobs.CodeGen.JobsILPostProcessor, zzzUnity.Burst.CodeGen.BurstILPostProcessor

1 processor(s) skipped this assembly

running Unity.Jobs.CodeGen.JobsILPostProcessor
[1178/1180  0s] CopyFiles Library/ScriptAssemblies/Assembly-CSharp.pdb
[1179/1180  0s] CopyFiles Library/ScriptAssemblies/Assembly-CSharp.dll
*** Tundra build success (1.22 seconds), 5 items updated, 1180 evaluated
Total cache size 68022760
Total cache size after purge 68022760, took 00:00:00.1152851
Reloading assemblies after finishing script compilation.
Reloading assemblies after forced synchronous recompile.
[Licensing::Client] Successfully resolved entitlement details
Begin MonoManager ReloadAssembly
Refreshing native plugins compatible for Editor in 3.30 ms, found 5 plugins.
The referenced script (Unknown) on this Behaviour is missing!
Native extension for WindowsStandalone target not found
Native extension for WebGL target not found
[MODES] ModeService[none].Initialize
[MODES] ModeService[none].LoadModes
ScheduleIndexationOnStartup MainProcess:True IndexOnStartup:True
Scripting: successfully reloaded assembly
- Finished resetting the current domain, in  5.365 seconds
Domain Reload Profiling: 7446ms
	BeginReloadAssembly (1175ms)
		DisableScriptedObjects (378ms)
		CreateAndSetChildDomain (371ms)
	RebuildCommonClasses (30ms)
	RebuildNativeTypeToScriptingClass (35ms)
	initialDomainReloadingComplete (98ms)
	LoadAllAssembliesAndSetupDomain (743ms)
		LoadAssemblies (245ms)
		TypeCache.Refresh (16ms)
		AnalyzeDomain (388ms)
			BuildScriptInfoCaches (342ms)
			ResolveRequiredComponents (43ms)
	FinalizeReload (5366ms)
		SetupLoadedEditorAssemblies (0ms)
			LogAssemblyErrors (3ms)
			InitializePlatformSupportModulesInManaged (6ms)
			BeforeProcessingInitializeOnLoad (473ms)
			ProcessInitializeOnLoadAttributes (546ms)
			ProcessInitializeOnLoadMethodAttributes (228ms)
			AfterProcessingInitializeOnLoad (10ms)
			EditorAssembliesLoaded (3ms)
		AwakeInstancesAfterBackupRestoration (1643ms)

Asset Pipeline Refresh (id=75b7919e2d06dd44c85fb3ccfc9302b0): Total: 7.824 seconds - Initiated by StopAssetImportingV2(ForceSynchronousImport | ForceDomainReload)
	(Values over 0.05ms)
	Summary:
		Imports: total=0 (actual=0, local cache=0, cache server=0)
		Asset DB Process Time: managed=0 ms, native=5596 ms
		Asset DB Callback time: managed=46 ms, native=0 ms
		Scripting: domain reloads=1, domain reload time=2177 ms, compile time=3 ms, other=0 ms
		Project Asset Count: scripts=1599, non-scripts=3352
		Asset File Changes: new=0, changed=0, moved=0, deleted=0
		Scan Filter Count: 0
	InvokePackagesCallback: 2.892ms
	ApplyChangesToAssetFolders: 0.525ms
	Collect global state as custom dependencies: 6.180ms
	ProcessAssetsWithTransientArtifactChanges: 9.672ms
	CategorizeAssets: 110.683ms
	CompileScripts: 3.053ms
	ImportOutOfDateAssets: 5378.968ms (5374.848ms without children)
		CollectScriptTypesHashes: 1.889ms
		ReloadNativeAssets: 1.952ms
		UnloadImportedAssets: 0.260ms
		EnsureUptoDateAssetsAreRegisteredWithGuidPM: 1.104ms
		ImportSchedulerStart: 0.774ms
	PostProcessAllAssets: 46.926ms
		MonoPostProcessAllAssets: 46.920ms
			UniversalRenderPipelineGlobalSettingsPostprocessor.OnPostprocessAllAssets 18.036ms
			AssetChangedListener.OnPostprocessAllAssets 10.091ms
			AssetPostprocessor.OnPostprocessAllAssets 8.874ms
			SyncVS.PostprocessSyncProject 5.455ms
			SpriteSlicePostprocessor.OnPostprocessAllAssets 5.236ms
			ShaderGraphAssetPostProcessor.OnPostprocessAllAssets 3.011ms
			WindowAssetPostprocessingWatcher.OnPostprocessAllAssets 2.799ms
			RetainedModeAssetPostprocessor.OnPostprocessAllAssets 1.963ms
			SpeedTree9Postprocessor.OnPostprocessAllAssets 1.587ms
			SpriteEditorTexturePostprocessor.OnPostprocessAllAssets 1.442ms
			BuilderAssetPostprocessor.OnPostprocessAllAssets 1.244ms
			TMPro_TexturePostProcessor.OnPostprocessAllAssets 1.204ms
			ConfigAssetsTracker.OnPostprocessAllAssets 1.153ms
			RenderPipelineGlobalSettingsPostprocessor.OnPostprocessAllAssets 1.107ms
			MaterialPostprocessor.OnPostprocessAllAssets 1.027ms
			ShaderReflectionAssetPostProcessor.OnPostprocessAllAssets 0.981ms
			UVCSAssetPostprocessor.OnPostprocessAllAssets 0.871ms
			ArtifactBrowserPostProcessor.OnPostprocessAllAssets 0.716ms
			AudioMixerPostprocessor.OnPostprocessAllAssets 0.591ms
			PostProcessor.OnPostprocessAllAssets 0.500ms
			SpriteShapeAssetPostProcessor.OnPostprocessAllAssets 0.493ms
			TextAssetPostProcessor.OnPostprocessAllAssets 0.493ms
			EditModeScopePostprocessor.OnPostprocessAllAssets 0.475ms
			ReferencedClipsPostProcessor.OnPostprocessAllAssets 0.420ms
			StyleCatalogPostProcessor.OnPostprocessAllAssets 0.370ms
			AssetEvents.OnPostprocessAllAssets 0.331ms
			SpriteLibraryAssetPostprocessor.OnPostprocessAllAssets 0.304ms
			AssetDatabaseCallbacks.OnPostprocessAllAssets 0.284ms
			SpeedTreePostProcessor.OnPostprocessAllAssets 0.281ms
			ThemePostprocessor.OnPostprocessAllAssets 0.245ms
			TerrainToolbarOverlayPostProcessor.OnPostprocessAllAssets 0.233ms
			ScenarioDriftAssetsTracker.OnPostprocessAllAssets 0.228ms
			SamplePostprocessor.OnPostprocessAllAssets 0.221ms
			PSDImportPostProcessor.OnPostprocessAllAssets 0.211ms
			AssetReloadNotifier.OnPostprocessAllAssets 0.204ms
			PSDImporterAssetPostProcessor.OnPostprocessAllAssets 0.161ms
			AssetProcessor.OnPostprocessAllAssets 0.145ms
			AudioContainerPostProcessor.OnPostprocessAllAssets 0.113ms
	GatherAllCurrentPrimaryImportResultRevisions: 0.223ms
	PersistCurrentRevisions: 0.190ms
	GenerateScriptTypeHashes: 5.099ms
	GenerateScriptTypeSerializationHashes: 8.883ms
	Untracked: 2227.571ms

[Licensing::Client] Successfully resolved entitlement details
[Licensing::Client] Successfully resolved entitlement details
Asset Pipeline Refresh (id=ec3771c6f8f8b3a46a4e712203fa532e): Total: 0.005 seconds - Initiated by RefreshV2(NoUpdateAssetOptions)
[ScriptCompilation] Requested script compilation because: AssetDatabase observed changes in script compilation related files
Refreshing native plugins compatible for Editor in 3.47 ms, found 5 plugins.
Asset Pipeline Refresh (id=89e5d3b5884a67e46a3f96a1d8c81844): Total: 0.202 seconds - Initiated by RefreshV2(NoUpdateAssetOptions)
Starting: C:\Program Files\Unity\Hub\Editor\6000.6.2f1\Editor\Data\Tools\BuildPipeline\bee_backend.exe --ipc --defer-dag-verification --dagfile="Library/Bee/1900b0aE.dag" --continue-on-failure --profile="Library/Bee/backend1.traceevents" ScriptAssemblies
WorkingDir: C:/Users/Admin/Documents/Trabalho IPS/Desin de programacao de jogo/DPJ_Lab01/DPJ_Lab01_Base
Asset Pipeline Refresh (id=8a4f3c83aeed22946a0700141353c415): Total: 0.005 seconds - Initiated by RefreshV2(NoUpdateAssetOptions)
ExitCode: 0 Duration: 1s35ms
[ 908/1180  0s] ILPP-Configuration Library/ilpp-configuration.nevergeneratedoutput
[1176/1180  0s] Csc Library/Bee/artifacts/1900b0aE.dag/Assembly-CSharp.dll (+2 others)
[1177/1180  0s] ILPostProcess Library/Bee/artifacts/1900b0aE.dag/post-processed/Assembly-CSharp.dll (+pdb)
Processing assembly Library/Bee/artifacts/1900b0aE.dag/Assembly-CSharp.dll, with 148 defines and 371 references

processors: Unity.Jobs.CodeGen.JobsILPostProcessor, zzzUnity.Burst.CodeGen.BurstILPostProcessor

1 processor(s) skipped this assembly

running Unity.Jobs.CodeGen.JobsILPostProcessor
[1178/1180  0s] CopyFiles Library/ScriptAssemblies/Assembly-CSharp.pdb
[1179/1180  0s] CopyFiles Library/ScriptAssemblies/Assembly-CSharp.dll
*** Tundra build success (0.99 seconds), 5 items updated, 1180 evaluated
Total cache size 68022760
Total cache size after purge 68022760, took 00:00:00.1421155
Reloading assemblies after finishing script compilation.
Reloading assemblies after forced synchronous recompile.
Begin MonoManager ReloadAssembly
Refreshing native plugins compatible for Editor in 2.92 ms, found 5 plugins.
The referenced script (Unknown) on this Behaviour is missing!
Native extension for WindowsStandalone target not found
Native extension for WebGL target not found
[MODES] ModeService[none].Initialize
[MODES] ModeService[none].LoadModes
ScheduleIndexationOnStartup MainProcess:True IndexOnStartup:True
Scripting: successfully reloaded assembly
- Finished resetting the current domain, in  5.175 seconds
Domain Reload Profiling: 7199ms
	BeginReloadAssembly (1019ms)
		DisableScriptedObjects (346ms)
		CreateAndSetChildDomain (356ms)
	RebuildCommonClasses (20ms)
	RebuildNativeTypeToScriptingClass (31ms)
	initialDomainReloadingComplete (95ms)
	LoadAllAssembliesAndSetupDomain (856ms)
		LoadAssemblies (215ms)
		TypeCache.Refresh (16ms)
		AnalyzeDomain (453ms)
			BuildScriptInfoCaches (409ms)
			ResolveRequiredComponents (41ms)
	FinalizeReload (5177ms)
		SetupLoadedEditorAssemblies (0ms)
			LogAssemblyErrors (4ms)
			InitializePlatformSupportModulesInManaged (5ms)
			BeforeProcessingInitializeOnLoad (468ms)
			ProcessInitializeOnLoadAttributes (478ms)
			ProcessInitializeOnLoadMethodAttributes (275ms)
			AfterProcessingInitializeOnLoad (9ms)
		AwakeInstancesAfterBackupRestoration (1740ms)

Asset Pipeline Refresh (id=edc31316a008b19439873368545882fc): Total: 7.629 seconds - Initiated by StopAssetImportingV2(ForceSynchronousImport | ForceDomainReload)
	(Values over 0.05ms)
	Summary:
		Imports: total=0 (actual=0, local cache=0, cache server=0)
		Asset DB Process Time: managed=0 ms, native=5448 ms
		Asset DB Callback time: managed=56 ms, native=0 ms
		Scripting: domain reloads=1, domain reload time=2119 ms, compile time=4 ms, other=0 ms
		Project Asset Count: scripts=1599, non-scripts=3352
		Asset File Changes: new=0, changed=0, moved=0, deleted=0
		Scan Filter Count: 0
	InvokePackagesCallback: 2.849ms
	ApplyChangesToAssetFolders: 0.490ms
	Collect global state as custom dependencies: 5.891ms
	ProcessAssetsWithTransientArtifactChanges: 11.708ms
	CategorizeAssets: 113.919ms
	CompileScripts: 3.554ms
	ImportOutOfDateAssets: 5191.688ms (5186.611ms without children)
		CollectScriptTypesHashes: 1.068ms
		ReloadNativeAssets: 3.086ms
		UnloadImportedAssets: 0.265ms
		EnsureUptoDateAssetsAreRegisteredWithGuidPM: 1.057ms
		ImportSchedulerStart: 0.639ms
	PostProcessAllAssets: 56.174ms
		MonoPostProcessAllAssets: 56.168ms
			UniversalRenderPipelineGlobalSettingsPostprocessor.OnPostprocessAllAssets 21.487ms
			BuilderAssetPostprocessor.OnPostprocessAllAssets 13.358ms
			AssetChangedListener.OnPostprocessAllAssets 8.776ms
			AssetPostprocessor.OnPostprocessAllAssets 8.461ms
			SyncVS.PostprocessSyncProject 6.875ms
			SpriteSlicePostprocessor.OnPostprocessAllAssets 4.285ms
			WindowAssetPostprocessingWatcher.OnPostprocessAllAssets 3.360ms
			ShaderGraphAssetPostProcessor.OnPostprocessAllAssets 2.941ms
			ConfigAssetsTracker.OnPostprocessAllAssets 2.670ms
			SpeedTree9Postprocessor.OnPostprocessAllAssets 1.830ms
			RetainedModeAssetPostprocessor.OnPostprocessAllAssets 1.742ms
			RenderPipelineGlobalSettingsPostprocessor.OnPostprocessAllAssets 1.333ms
			SpriteEditorTexturePostprocessor.OnPostprocessAllAssets 1.093ms
			TMPro_TexturePostProcessor.OnPostprocessAllAssets 1.091ms
			ShaderReflectionAssetPostProcessor.OnPostprocessAllAssets 0.938ms
			MaterialPostprocessor.OnPostprocessAllAssets 0.879ms
			ArtifactBrowserPostProcessor.OnPostprocessAllAssets 0.754ms
			SpriteShapeAssetPostProcessor.OnPostprocessAllAssets 0.734ms
			UVCSAssetPostprocessor.OnPostprocessAllAssets 0.597ms
			TextAssetPostProcessor.OnPostprocessAllAssets 0.536ms
			AudioMixerPostprocessor.OnPostprocessAllAssets 0.536ms
			PostProcessor.OnPostprocessAllAssets 0.510ms
			EditModeScopePostprocessor.OnPostprocessAllAssets 0.472ms
			ReferencedClipsPostProcessor.OnPostprocessAllAssets 0.418ms
			StyleCatalogPostProcessor.OnPostprocessAllAssets 0.384ms
			SpriteLibraryAssetPostprocessor.OnPostprocessAllAssets 0.372ms
			SpeedTreePostProcessor.OnPostprocessAllAssets 0.353ms
			SamplePostprocessor.OnPostprocessAllAssets 0.332ms
			TerrainToolbarOverlayPostProcessor.OnPostprocessAllAssets 0.323ms
			AssetEvents.OnPostprocessAllAssets 0.307ms
			ThemePostprocessor.OnPostprocessAllAssets 0.254ms
			AssetDatabaseCallbacks.OnPostprocessAllAssets 0.246ms
			ScenarioDriftAssetsTracker.OnPostprocessAllAssets 0.245ms
			PSDImportPostProcessor.OnPostprocessAllAssets 0.229ms
			AssetReloadNotifier.OnPostprocessAllAssets 0.203ms
			AssetProcessor.OnPostprocessAllAssets 0.144ms
			PSDImporterAssetPostProcessor.OnPostprocessAllAssets 0.135ms
			AudioContainerPostProcessor.OnPostprocessAllAssets 0.135ms
	GatherAllCurrentPrimaryImportResultRevisions: 0.192ms
	PersistCurrentRevisions: 0.199ms
	GenerateScriptTypeHashes: 6.053ms
	GenerateScriptTypeSerializationHashes: 11.221ms
	Untracked: 2174.194ms

[Licensing::Client] Successfully resolved entitlement details
[Licensing::Client] Successfully resolved entitlement details
Unloading 3 Unused Serialized files (Serialized files now loaded: 0)
Loaded scene 'Temp/__Backupscenes/0.backup'
	Deserialize:            44.034 ms
	Integration:            45.598 ms
	Integration of assets:  0.052 ms
	Thread Wait Time:       0.034 ms
	Total Operation Time:   89.717 ms
Unloading 19 unused Assets / (426.0 KB). Loaded Objects now: 9973.
Memory consumption went from 0.85 GB to 0.85 GB.
Total: 37.801100 ms (FindLiveObjects: 1.768200 ms CreateObjectMapping: 0.255800 ms MarkObjects: 35.352600 ms  DeleteObjects: 0.070800 ms)

[Licensing::Client] Successfully resolved entitlement details
SpriteAtlasPacking completed in 0.007731 sec
Reloading assemblies for play mode.
Reloading assemblies after forced synchronous recompile.
Begin MonoManager ReloadAssembly
Refreshing native plugins compatible for Editor in 2.73 ms, found 5 plugins.
Native extension for WindowsStandalone target not found
Native extension for WebGL target not found
ScheduleIndexationOnStartup MainProcess:True IndexOnStartup:True
[MODES] ModeService[none].Initialize
[MODES] ModeService[none].LoadModes
Scripting: successfully reloaded assembly
- Finished resetting the current domain, in  3.844 seconds
Domain Reload Profiling: 5359ms
	BeginReloadAssembly (913ms)
		DisableScriptedObjects (277ms)
		CreateAndSetChildDomain (371ms)
	RebuildCommonClasses (19ms)
	RebuildNativeTypeToScriptingClass (32ms)
	initialDomainReloadingComplete (94ms)
	LoadAllAssembliesAndSetupDomain (454ms)
		LoadAssemblies (228ms)
		TypeCache.Refresh (11ms)
		AnalyzeDomain (62ms)
			ResolveRequiredComponents (55ms)
	FinalizeReload (3846ms)
		SetupLoadedEditorAssemblies (0ms)
			LogAssemblyErrors (4ms)
			InitializePlatformSupportModulesInManaged (4ms)
			BeforeProcessingInitializeOnLoad (212ms)
			ProcessInitializeOnLoadAttributes (494ms)
			ProcessInitializeOnLoadMethodAttributes (196ms)
			AfterProcessingInitializeOnLoad (8ms)
		AwakeInstancesAfterBackupRestoration (1827ms)

Asset Pipeline Refresh (id=35b61dd9885bd2d458e84007a7bb5545): Total: 5.771 seconds - Initiated by StopAssetImportingV2(ForceSynchronousImport | ForceDomainReload)
	(Values over 0.05ms)
	Summary:
		Imports: total=0 (actual=0, local cache=0, cache server=0)
		Asset DB Process Time: managed=0 ms, native=4125 ms
		Asset DB Callback time: managed=52 ms, native=0 ms
		Scripting: domain reloads=1, domain reload time=1588 ms, compile time=4 ms, other=0 ms
		Project Asset Count: scripts=1599, non-scripts=3352
		Asset File Changes: new=0, changed=0, moved=0, deleted=0
		Scan Filter Count: 0
	InvokePackagesCallback: 2.669ms
	ApplyChangesToAssetFolders: 0.470ms
	Collect global state as custom dependencies: 5.689ms
	ProcessAssetsWithTransientArtifactChanges: 0.218ms
	CategorizeAssets: 108.760ms
	CompileScripts: 3.776ms
	ImportOutOfDateAssets: 3864.269ms (3860.385ms without children)
		CollectScriptTypesHashes: 1.067ms
		ReloadNativeAssets: 1.973ms
		UnloadImportedAssets: 0.356ms
		EnsureUptoDateAssetsAreRegisteredWithGuidPM: 0.939ms
		ImportSchedulerStart: 0.576ms
	PostProcessAllAssets: 52.906ms
		MonoPostProcessAllAssets: 52.900ms
			UniversalRenderPipelineGlobalSettingsPostprocessor.OnPostprocessAllAssets 19.838ms
			BuilderAssetPostprocessor.OnPostprocessAllAssets 13.358ms
			AssetChangedListener.OnPostprocessAllAssets 8.776ms
			AssetPostprocessor.OnPostprocessAllAssets 8.461ms
			SyncVS.PostprocessSyncProject 7.231ms
			SpriteSlicePostprocessor.OnPostprocessAllAssets 4.285ms
			WindowAssetPostprocessingWatcher.OnPostprocessAllAssets 3.881ms
			ShaderGraphAssetPostProcessor.OnPostprocessAllAssets 2.941ms
			SpeedTree9Postprocessor.OnPostprocessAllAssets 2.722ms
			ConfigAssetsTracker.OnPostprocessAllAssets 2.670ms
			RetainedModeAssetPostprocessor.OnPostprocessAllAssets 1.742ms
			RenderPipelineGlobalSettingsPostprocessor.OnPostprocessAllAssets 1.332ms
			SpriteEditorTexturePostprocessor.OnPostprocessAllAssets 1.093ms
			TMPro_TexturePostProcessor.OnPostprocessAllAssets 1.091ms
			ShaderReflectionAssetPostProcessor.OnPostprocessAllAssets 0.914ms
			MaterialPostprocessor.OnPostprocessAllAssets 0.879ms
			ArtifactBrowserPostProcessor.OnPostprocessAllAssets 0.754ms
			SpriteShapeAssetPostProcessor.OnPostprocessAllAssets 0.734ms
			ReferencedClipsPostProcessor.OnPostprocessAllAssets 0.626ms
			UVCSAssetPostprocessor.OnPostprocessAllAssets 0.597ms
			TextAssetPostProcessor.OnPostprocessAllAssets 0.536ms
			AudioMixerPostprocessor.OnPostprocessAllAssets 0.536ms
			PostProcessor.OnPostprocessAllAssets 0.510ms
			EditModeScopePostprocessor.OnPostprocessAllAssets 0.477ms
			StyleCatalogPostProcessor.OnPostprocessAllAssets 0.384ms
			SpriteLibraryAssetPostprocessor.OnPostprocessAllAssets 0.372ms
			SpeedTreePostProcessor.OnPostprocessAllAssets 0.353ms
			AssetDatabaseCallbacks.OnPostprocessAllAssets 0.333ms
			SamplePostprocessor.OnPostprocessAllAssets 0.332ms
			AssetEvents.OnPostprocessAllAssets 0.307ms
			ThemePostprocessor.OnPostprocessAllAssets 0.254ms
			TerrainToolbarOverlayPostProcessor.OnPostprocessAllAssets 0.251ms
			ScenarioDriftAssetsTracker.OnPostprocessAllAssets 0.245ms
			PSDImportPostProcessor.OnPostprocessAllAssets 0.229ms
			AssetReloadNotifier.OnPostprocessAllAssets 0.203ms
			AssetProcessor.OnPostprocessAllAssets 0.144ms
			PSDImporterAssetPostProcessor.OnPostprocessAllAssets 0.135ms
			AudioContainerPostProcessor.OnPostprocessAllAssets 0.135ms
	GatherAllCurrentPrimaryImportResultRevisions: 0.201ms
	PersistCurrentRevisions: 0.190ms
	GenerateScriptTypeHashes: 5.152ms
	GenerateScriptTypeSerializationHashes: 9.334ms
	Untracked: 1643.629ms

GameManager: DontDestroyOnLoad only works for root GameObjects or components on root GameObjects.
UnityEngine.Debug:ExtractStackTraceNoAlloc (byte*,int,string)
UnityEngine.StackTraceUtility:ExtractStackTrace ()
UnityEngine.Object:DontDestroyOnLoad (UnityEngine.Object)
GameManager:Awake () (at Assets/Scripts/GameManager.cs:21)

[Assets/Scripts/GameManager.cs line 21]

groundCheck n�o atribu�do em Player. Criar child vazio posicionado nos p�s e arrastar aqui.
UnityEngine.Debug:ExtractStackTraceNoAlloc (byte*,int,string)
UnityEngine.StackTraceUtility:ExtractStackTrace ()
UnityEngine.DebugLogHandler:Internal_Log (UnityEngine.LogType,UnityEngine.LogOption,string,UnityEngine.Object)
UnityEngine.DebugLogHandler:LogFormat (UnityEngine.LogType,UnityEngine.Object,string,object[])
UnityEngine.Logger:Log (UnityEngine.LogType,object)
UnityEngine.Debug:LogWarning (object)
PlayerController:Awake () (at Assets/Scripts/PlayerController.cs:29)

(Filename: Assets/Scripts/PlayerController.cs Line: 29)

Loaded scene 'Temp/__Backupscenes/0.backup'
	Deserialize:            4.610 ms
	Integration:            738.636 ms
	Integration of assets:  0.006 ms
	Thread Wait Time:       0.024 ms
	Total Operation Time:   743.276 ms
[Licensing::Client] Successfully resolved entitlement details
[Licensing::Client] Successfully resolved entitlement details
acouteceu alguma coisa?
UnityEngine.Debug:ExtractStackTraceNoAlloc (byte*,int,string)
UnityEngine.StackTraceUtility:ExtractStackTrace ()
UnityEngine.DebugLogHandler:Internal_Log (UnityEngine.LogType,UnityEngine.LogOption,string,UnityEngine.Object)
UnityEngine.DebugLogHandler:LogFormat (UnityEngine.LogType,UnityEngine.Object,string,object[])
UnityEngine.Logger:Log (UnityEngine.LogType,object)
UnityEngine.Debug:LogWarning (object)
Collectible:OnTriggerEnter2D (UnityEngine.Collider2D) (at Assets/Scripts/Collectible.cs:17)

(Filename: Assets/Scripts/Collectible.cs Line: 17)

Asset Pipeline Refresh (id=6f7059f956caf7842a4e9f13efc09e4b): Total: 0.021 seconds - Initiated by RefreshV2(NoUpdateAssetOptions)
Asset Pipeline Refresh (id=35c21f523e5281d419725bd9b9aad5ac): Total: 0.006 seconds - Initiated by RefreshV2(NoUpdateAssetOptions)
Asset Pipeline Refresh (id=6360cfe65b2a95645a6557a992f831dd): Total: 0.007 seconds - Initiated by RefreshV2(NoUpdateAssetOptions)
Asset Pipeline Refresh (id=e9edd16c9616fe94ea45c5fe60fe21e3): Total: 0.005 seconds - Initiated by RefreshV2(NoUpdateAssetOptions)
[ScriptCompilation] Requested script compilation because: AssetDatabase observed changes in script compilation related files
Refreshing native plugins compatible for Editor in 3.80 ms, found 5 plugins.
Asset Pipeline Refresh (id=d490aa2723c279145a8e94aea0357e9a): Total: 0.129 seconds - Initiated by RefreshV2(NoUpdateAssetOptions)
[Licensing::Client] Successfully resolved entitlement details
Starting: C:\Program Files\Unity\Hub\Editor\6000.6.2f1\Editor\Data\Tools\BuildPipeline\bee_backend.exe --ipc --defer-dag-verification --dagfile="Library/Bee/1900b0aE.dag" --continue-on-failure --profile="Library/Bee/backend1.traceevents" ScriptAssemblies
WorkingDir: C:/Users/Admin/Documents/Trabalho IPS/Desin de programacao de jogo/DPJ_Lab01/DPJ_Lab01_Base
ExitCode: 0 Duration: 1s74ms
[ 908/1180  0s] ILPP-Configuration Library/ilpp-configuration.nevergeneratedoutput
[1176/1180  0s] Csc Library/Bee/artifacts/1900b0aE.dag/Assembly-CSharp.dll (+2 others)
[1177/1180  0s] ILPostProcess Library/Bee/artifacts/1900b0aE.dag/post-processed/Assembly-CSharp.dll (+pdb)
Processing assembly Library/Bee/artifacts/1900b0aE.dag/Assembly-CSharp.dll, with 148 defines and 371 references

processors: Unity.Jobs.CodeGen.JobsILPostProcessor, zzzUnity.Burst.CodeGen.BurstILPostProcessor

1 processor(s) skipped this assembly

running Unity.Jobs.CodeGen.JobsILPostProcessor
[1178/1180  0s] CopyFiles Library/ScriptAssemblies/Assembly-CSharp.pdb
[1179/1180  0s] CopyFiles Library/ScriptAssemblies/Assembly-CSharp.dll
*** Tundra build success (1.03 seconds), 5 items updated, 1180 evaluated
Total cache size 68022760
Total cache size after purge 68022760, took 00:00:00.0931529
Reloading assemblies after finishing script compilation.
Reloading assemblies after forced synchronous recompile.
Begin MonoManager ReloadAssembly
Refreshing native plugins compatible for Editor in 2.95 ms, found 5 plugins.
The referenced script (Unknown) on this Behaviour is missing!
Native extension for WindowsStandalone target not found
Native extension for WebGL target not found
[MODES] ModeService[none].Initialize
[MODES] ModeService[none].LoadModes
ScheduleIndexationOnStartup MainProcess:True IndexOnStartup:True
Scripting: successfully reloaded assembly
- Finished resetting the current domain, in  5.481 seconds
Domain Reload Profiling: 7520ms
	BeginReloadAssembly (1090ms)
		DisableScriptedObjects (294ms)
		CreateAndSetChildDomain (386ms)
	RebuildCommonClasses (19ms)
	RebuildNativeTypeToScriptingClass (31ms)
	initialDomainReloadingComplete (99ms)
	LoadAllAssembliesAndSetupDomain (798ms)
		LoadAssemblies (255ms)
		TypeCache.Refresh (16ms)
		AnalyzeDomain (432ms)
			BuildScriptInfoCaches (339ms)
			ResolveRequiredComponents (90ms)
	FinalizeReload (5483ms)
		SetupLoadedEditorAssemblies (0ms)
			LogAssemblyErrors (4ms)
			InitializePlatformSupportModulesInManaged (5ms)
			BeforeProcessingInitializeOnLoad (469ms)
			ProcessInitializeOnLoadAttributes (615ms)
			ProcessInitializeOnLoadMethodAttributes (260ms)
			AfterProcessingInitializeOnLoad (10ms)
		AwakeInstancesAfterBackupRestoration (1759ms)

Asset Pipeline Refresh (id=e302f28d023bd1641a3317ed51c12811): Total: 7.894 seconds - Initiated by StopAssetImportingV2(ForceSynchronousImport | ForceDomainReload)
	(Values over 0.05ms)
	Summary:
		Imports: total=0 (actual=0, local cache=0, cache server=0)
		Asset DB Process Time: managed=0 ms, native=5701 ms
		Asset DB Callback time: managed=51 ms, native=0 ms
		Scripting: domain reloads=1, domain reload time=2137 ms, compile time=3 ms, other=0 ms
		Project Asset Count: scripts=1599, non-scripts=3352
		Asset File Changes: new=0, changed=0, moved=0, deleted=0
		Scan Filter Count: 0
	InvokePackagesCallback: 3.047ms
	ApplyChangesToAssetFolders: 0.663ms
	Collect global state as custom dependencies: 6.147ms
	ProcessAssetsWithTransientArtifactChanges: 5.480ms
	CategorizeAssets: 107.356ms
	CompileScripts: 3.181ms
	ImportOutOfDateAssets: 5496.809ms (5492.942ms without children)
		CollectScriptTypesHashes: 2.303ms
		ReloadNativeAssets: 1.916ms
		UnloadImportedAssets: 0.248ms
		EnsureUptoDateAssetsAreRegisteredWithGuidPM: 0.964ms
		ImportSchedulerStart: 0.677ms
	PostProcessAllAssets: 51.319ms
		MonoPostProcessAllAssets: 51.314ms
			UniversalRenderPipelineGlobalSettingsPostprocessor.OnPostprocessAllAssets 22.158ms
			AssetPostprocessor.OnPostprocessAllAssets 10.553ms
			AssetChangedListener.OnPostprocessAllAssets 10.283ms
			SyncVS.PostprocessSyncProject 5.122ms
			SpriteSlicePostprocessor.OnPostprocessAllAssets 4.592ms
			BuilderAssetPostprocessor.OnPostprocessAllAssets 4.450ms
			WindowAssetPostprocessingWatcher.OnPostprocessAllAssets 2.765ms
			RetainedModeAssetPostprocessor.OnPostprocessAllAssets 2.748ms
			ShaderGraphAssetPostProcessor.OnPostprocessAllAssets 2.466ms
			SpeedTree9Postprocessor.OnPostprocessAllAssets 2.032ms
			ConfigAssetsTracker.OnPostprocessAllAssets 1.442ms
			TMPro_TexturePostProcessor.OnPostprocessAllAssets 1.438ms
			SpriteEditorTexturePostprocessor.OnPostprocessAllAssets 1.181ms
			RenderPipelineGlobalSettingsPostprocessor.OnPostprocessAllAssets 1.124ms
			UVCSAssetPostprocessor.OnPostprocessAllAssets 1.076ms
			MaterialPostprocessor.OnPostprocessAllAssets 0.913ms
			ShaderReflectionAssetPostProcessor.OnPostprocessAllAssets 0.906ms
			ArtifactBrowserPostProcessor.OnPostprocessAllAssets 0.856ms
			TextAssetPostProcessor.OnPostprocessAllAssets 0.567ms
			StyleCatalogPostProcessor.OnPostprocessAllAssets 0.551ms
			AudioMixerPostprocessor.OnPostprocessAllAssets 0.547ms
			PostProcessor.OnPostprocessAllAssets 0.512ms
			AssetEvents.OnPostprocessAllAssets 0.466ms
			EditModeScopePostprocessor.OnPostprocessAllAssets 0.450ms
			ReferencedClipsPostProcessor.OnPostprocessAllAssets 0.441ms
			SpriteShapeAssetPostProcessor.OnPostprocessAllAssets 0.422ms
			SpriteLibraryAssetPostprocessor.OnPostprocessAllAssets 0.363ms
			ScenarioDriftAssetsTracker.OnPostprocessAllAssets 0.356ms
			AssetReloadNotifier.OnPostprocessAllAssets 0.279ms
			AssetDatabaseCallbacks.OnPostprocessAllAssets 0.278ms
			TerrainToolbarOverlayPostProcessor.OnPostprocessAllAssets 0.255ms
			ThemePostprocessor.OnPostprocessAllAssets 0.243ms
			SpeedTreePostProcessor.OnPostprocessAllAssets 0.234ms
			SamplePostprocessor.OnPostprocessAllAssets 0.223ms
			PSDImportPostProcessor.OnPostprocessAllAssets 0.218ms
			PSDImporterAssetPostProcessor.OnPostprocessAllAssets 0.169ms
			AssetProcessor.OnPostprocessAllAssets 0.168ms
			AudioContainerPostProcessor.OnPostprocessAllAssets 0.120ms
	GatherAllCurrentPrimaryImportResultRevisions: 0.212ms
	PersistCurrentRevisions: 0.193ms
	GenerateScriptTypeHashes: 5.103ms
	GenerateScriptTypeSerializationHashes: 9.681ms
	Untracked: 2191.186ms

[Licensing::Client] Successfully resolved entitlement details
[Licensing::Client] Successfully resolved entitlement details
Asset Pipeline Refresh (id=65de1e6851a6b3f4a8d52b6d3ec4eac1): Total: 0.007 seconds - Initiated by RefreshV2(NoUpdateAssetOptions)
Asset Pipeline Refresh (id=8aa859a54c40fc34cb6cb63744130e3c): Total: 0.005 seconds - Initiated by RefreshV2(NoUpdateAssetOptions)
Unloading 0 Unused Serialized files (Serialized files now loaded: 0)
Loaded scene 'Temp/__Backupscenes/0.backup'
	Deserialize:            37.974 ms
	Integration:            39.763 ms
	Integration of assets:  0.042 ms
	Thread Wait Time:       -0.021 ms
	Total Operation Time:   77.758 ms
Unloading 18 unused Assets / (196.0 KB). Loaded Objects now: 9982.
Memory consumption went from 0.86 GB to 0.86 GB.
Total: 37.559800 ms (FindLiveObjects: 1.856700 ms CreateObjectMapping: 0.207700 ms MarkObjects: 34.669400 ms  DeleteObjects: 0.415000 ms)

[Licensing::Client] Successfully resolved entitlement details
Asset Pipeline Refresh (id=ef30aea59a44dda4e94cc8219e6641bf): Total: 0.021 seconds - Initiated by RefreshV2(AllowForceSynchronousImport)
SpriteAtlasPacking completed in 0.007459 sec
Reloading assemblies for play mode.
Reloading assemblies after forced synchronous recompile.
Begin MonoManager ReloadAssembly
Refreshing native plugins compatible for Editor in 3.22 ms, found 5 plugins.
Native extension for WindowsStandalone target not found
Native extension for WebGL target not found
ScheduleIndexationOnStartup MainProcess:True IndexOnStartup:True
[MODES] ModeService[none].Initialize
[MODES] ModeService[none].LoadModes
Scripting: successfully reloaded assembly
- Finished resetting the current domain, in  4.227 seconds
Domain Reload Profiling: 5726ms
	BeginReloadAssembly (948ms)
		DisableScriptedObjects (272ms)
		CreateAndSetChildDomain (385ms)
	RebuildCommonClasses (20ms)
	RebuildNativeTypeToScriptingClass (28ms)
	initialDomainReloadingComplete (95ms)
	LoadAllAssembliesAndSetupDomain (406ms)
		LoadAssemblies (246ms)
		TypeCache.Refresh (10ms)
		AnalyzeDomain (47ms)
			ResolveRequiredComponents (43ms)
	FinalizeReload (4229ms)
		SetupLoadedEditorAssemblies (0ms)
			LogAssemblyErrors (3ms)
			InitializePlatformSupportModulesInManaged (4ms)
			BeforeProcessingInitializeOnLoad (247ms)
			ProcessInitializeOnLoadAttributes (543ms)
			ProcessInitializeOnLoadMethodAttributes (225ms)
			AfterProcessingInitializeOnLoad (9ms)
		AwakeInstancesAfterBackupRestoration (2059ms)

Asset Pipeline Refresh (id=070b43cf266d89941b21323c910bfc55): Total: 6.097 seconds - Initiated by StopAssetImportingV2(ForceSynchronousImport | ForceDomainReload)
	(Values over 0.05ms)
	Summary:
		Imports: total=0 (actual=0, local cache=0, cache server=0)
		Asset DB Process Time: managed=0 ms, native=4460 ms
		Asset DB Callback time: managed=53 ms, native=0 ms
		Scripting: domain reloads=1, domain reload time=1578 ms, compile time=3 ms, other=0 ms
		Project Asset Count: scripts=1599, non-scripts=3352
		Asset File Changes: new=0, changed=0, moved=0, deleted=0
		Scan Filter Count: 0
	InvokePackagesCallback: 2.557ms
	ApplyChangesToAssetFolders: 0.400ms
	Collect global state as custom dependencies: 6.054ms
	ProcessAssetsWithTransientArtifactChanges: 0.164ms
	CategorizeAssets: 114.893ms
	CompileScripts: 3.212ms
	ImportOutOfDateAssets: 4248.196ms (4243.847ms without children)
		CollectScriptTypesHashes: 1.201ms
		ReloadNativeAssets: 2.019ms
		UnloadImportedAssets: 0.366ms
		EnsureUptoDateAssetsAreRegisteredWithGuidPM: 1.190ms
		ImportSchedulerStart: 0.737ms
	PostProcessAllAssets: 53.517ms
		MonoPostProcessAllAssets: 53.484ms
			UniversalRenderPipelineGlobalSettingsPostprocessor.OnPostprocessAllAssets 20.736ms
			AssetPostprocessor.OnPostprocessAllAssets 10.553ms
			AssetChangedListener.OnPostprocessAllAssets 10.283ms
			SyncVS.PostprocessSyncProject 6.134ms
			SpriteSlicePostprocessor.OnPostprocessAllAssets 4.592ms
			BuilderAssetPostprocessor.OnPostprocessAllAssets 4.450ms
			SpeedTree9Postprocessor.OnPostprocessAllAssets 3.587ms
			WindowAssetPostprocessingWatcher.OnPostprocessAllAssets 2.855ms
			RetainedModeAssetPostprocessor.OnPostprocessAllAssets 2.748ms
			ShaderGraphAssetPostProcessor.OnPostprocessAllAssets 2.466ms
			ConfigAssetsTracker.OnPostprocessAllAssets 1.442ms
			TMPro_TexturePostProcessor.OnPostprocessAllAssets 1.438ms
			RenderPipelineGlobalSettingsPostprocessor.OnPostprocessAllAssets 1.288ms
			SpriteEditorTexturePostprocessor.OnPostprocessAllAssets 1.181ms
			UVCSAssetPostprocessor.OnPostprocessAllAssets 1.076ms
			MaterialPostprocessor.OnPostprocessAllAssets 0.913ms
			ShaderReflectionAssetPostProcessor.OnPostprocessAllAssets 0.888ms
			ArtifactBrowserPostProcessor.OnPostprocessAllAssets 0.856ms
			TextAssetPostProcessor.OnPostprocessAllAssets 0.567ms
			StyleCatalogPostProcessor.OnPostprocessAllAssets 0.551ms
			AudioMixerPostprocessor.OnPostprocessAllAssets 0.547ms
			PostProcessor.OnPostprocessAllAssets 0.512ms
			ReferencedClipsPostProcessor.OnPostprocessAllAssets 0.477ms
			AssetEvents.OnPostprocessAllAssets 0.466ms
			EditModeScopePostprocessor.OnPostprocessAllAssets 0.443ms
			SpriteShapeAssetPostProcessor.OnPostprocessAllAssets 0.422ms
			SpriteLibraryAssetPostprocessor.OnPostprocessAllAssets 0.363ms
			ScenarioDriftAssetsTracker.OnPostprocessAllAssets 0.356ms
			AssetReloadNotifier.OnPostprocessAllAssets 0.279ms
			TerrainToolbarOverlayPostProcessor.OnPostprocessAllAssets 0.256ms
			ThemePostprocessor.OnPostprocessAllAssets 0.243ms
			AssetDatabaseCallbacks.OnPostprocessAllAssets 0.241ms
			SpeedTreePostProcessor.OnPostprocessAllAssets 0.234ms
			SamplePostprocessor.OnPostprocessAllAssets 0.223ms
			PSDImportPostProcessor.OnPostprocessAllAssets 0.218ms
			PSDImporterAssetPostProcessor.OnPostprocessAllAssets 0.169ms
			AssetProcessor.OnPostprocessAllAssets 0.168ms
			AudioContainerPostProcessor.OnPostprocessAllAssets 0.120ms
	GatherAllCurrentPrimaryImportResultRevisions: 0.175ms
	PersistCurrentRevisions: 0.221ms
	GenerateScriptTypeHashes: 5.088ms
	GenerateScriptTypeSerializationHashes: 9.039ms
	Untracked: 1633.968ms

GameManager: DontDestroyOnLoad only works for root GameObjects or components on root GameObjects.
UnityEngine.Debug:ExtractStackTraceNoAlloc (byte*,int,string)
UnityEngine.StackTraceUtility:ExtractStackTrace ()
UnityEngine.Object:DontDestroyOnLoad (UnityEngine.Object)
GameManager:Awake () (at Assets/Scripts/GameManager.cs:21)

[Assets/Scripts/GameManager.cs line 21]

groundCheck n�o atribu�do em Player. Criar child vazio posicionado nos p�s e arrastar aqui.
UnityEngine.Debug:ExtractStackTraceNoAlloc (byte*,int,string)
UnityEngine.StackTraceUtility:ExtractStackTrace ()
UnityEngine.DebugLogHandler:Internal_Log (UnityEngine.LogType,UnityEngine.LogOption,string,UnityEngine.Object)
UnityEngine.DebugLogHandler:LogFormat (UnityEngine.LogType,UnityEngine.Object,string,object[])
UnityEngine.Logger:Log (UnityEngine.LogType,object)
UnityEngine.Debug:LogWarning (object)
PlayerController:Awake () (at Assets/Scripts/PlayerController.cs:29)

(Filename: Assets/Scripts/PlayerController.cs Line: 29)

Loaded scene 'Temp/__Backupscenes/0.backup'
	Deserialize:            4.391 ms
	Integration:            743.886 ms
	Integration of assets:  0.006 ms
	Thread Wait Time:       0.050 ms
	Total Operation Time:   748.335 ms
[Licensing::Client] Successfully resolved entitlement details
[Licensing::Client] Successfully resolved entitlement details
Unloading 2 Unused Serialized files (Serialized files now loaded: 0)
Loaded scene 'Temp/__Backupscenes/0.backup'
	Deserialize:            3.534 ms
	Integration:            39.442 ms
	Integration of assets:  0.006 ms
	Thread Wait Time:       0.028 ms
	Total Operation Time:   43.010 ms
Unloading 16 unused Assets / (176.0 KB). Loaded Objects now: 9987.
Memory consumption went from 0.87 GB to 0.87 GB.
Total: 41.239000 ms (FindLiveObjects: 1.707000 ms CreateObjectMapping: 0.223500 ms MarkObjects: 38.862500 ms  DeleteObjects: 0.060000 ms)

[ScriptCompilation] Requested script compilation because: AssetDatabase observed changes in script compilation related files
Refreshing native plugins compatible for Editor in 2.85 ms, found 5 plugins.
Asset Pipeline Refresh (id=e3e36ad21da32df4886d8335e81f2d19): Total: 0.260 seconds - Initiated by RefreshV2(NoUpdateAssetOptions)
Starting: C:\Program Files\Unity\Hub\Editor\6000.6.2f1\Editor\Data\Tools\BuildPipeline\bee_backend.exe --ipc --defer-dag-verification --dagfile="Library/Bee/1900b0aE.dag" --continue-on-failure --profile="Library/Bee/backend1.traceevents" ScriptAssemblies
WorkingDir: C:/Users/Admin/Documents/Trabalho IPS/Desin de programacao de jogo/DPJ_Lab01/DPJ_Lab01_Base
ExitCode: 0 Duration: 1s56ms
[ 908/1180  0s] ILPP-Configuration Library/ilpp-configuration.nevergeneratedoutput
[1176/1180  0s] Csc Library/Bee/artifacts/1900b0aE.dag/Assembly-CSharp.dll (+2 others)
[1177/1180  0s] ILPostProcess Library/Bee/artifacts/1900b0aE.dag/post-processed/Assembly-CSharp.dll (+pdb)
Processing assembly Library/Bee/artifacts/1900b0aE.dag/Assembly-CSharp.dll, with 148 defines and 371 references

processors: Unity.Jobs.CodeGen.JobsILPostProcessor, zzzUnity.Burst.CodeGen.BurstILPostProcessor

1 processor(s) skipped this assembly

running Unity.Jobs.CodeGen.JobsILPostProcessor
[1178/1180  0s] CopyFiles Library/ScriptAssemblies/Assembly-CSharp.pdb
[1179/1180  0s] CopyFiles Library/ScriptAssemblies/Assembly-CSharp.dll
*** Tundra build success (0.97 seconds), 5 items updated, 1180 evaluated
Total cache size 68022760
Total cache size after purge 68022760, took 00:00:00.1012988
Reloading assemblies after finishing script compilation.
Reloading assemblies after forced synchronous recompile.
Begin MonoManager ReloadAssembly
Refreshing native plugins compatible for Editor in 3.43 ms, found 5 plugins.
Native extension for WindowsStandalone target not found
Native extension for WebGL target not found
[MODES] ModeService[none].Initialize
[MODES] ModeService[none].LoadModes
ScheduleIndexationOnStartup MainProcess:True IndexOnStartup:True
Scripting: successfully reloaded assembly
- Finished resetting the current domain, in  4.386 seconds
Domain Reload Profiling: 6362ms
	BeginReloadAssembly (1019ms)
		DisableScriptedObjects (224ms)
		CreateAndSetChildDomain (436ms)
	RebuildCommonClasses (25ms)
	RebuildNativeTypeToScriptingClass (37ms)
	initialDomainReloadingComplete (124ms)
	LoadAllAssembliesAndSetupDomain (769ms)
		LoadAssemblies (241ms)
		TypeCache.Refresh (16ms)
		AnalyzeDomain (409ms)
			BuildScriptInfoCaches (362ms)
			ResolveRequiredComponents (44ms)
	FinalizeReload (4388ms)
		SetupLoadedEditorAssemblies (0ms)
			LogAssemblyErrors (4ms)
			InitializePlatformSupportModulesInManaged (4ms)
			BeforeProcessingInitializeOnLoad (413ms)
			ProcessInitializeOnLoadAttributes (458ms)
			ProcessInitializeOnLoadMethodAttributes (211ms)
			AfterProcessingInitializeOnLoad (12ms)
		AwakeInstancesAfterBackupRestoration (1815ms)

Asset Pipeline Refresh (id=e4162a090f36c074d88e1931da42fe19): Total: 6.781 seconds - Initiated by StopAssetImportingV2(ForceSynchronousImport | ForceDomainReload)
	(Values over 0.05ms)
	Summary:
		Imports: total=0 (actual=0, local cache=0, cache server=0)
		Asset DB Process Time: managed=0 ms, native=4663 ms
		Asset DB Callback time: managed=52 ms, native=0 ms
		Scripting: domain reloads=1, domain reload time=2059 ms, compile time=4 ms, other=0 ms
		Project Asset Count: scripts=1599, non-scripts=3352
		Asset File Changes: new=0, changed=0, moved=0, deleted=0
		Scan Filter Count: 0
	InvokePackagesCallback: 2.956ms
	ApplyChangesToAssetFolders: 0.533ms
	Collect global state as custom dependencies: 6.217ms
	ProcessAssetsWithTransientArtifactChanges: 6.018ms
	CategorizeAssets: 116.511ms
	CompileScripts: 4.247ms
	ImportOutOfDateAssets: 4402.240ms (4398.185ms without children)
		CollectScriptTypesHashes: 1.344ms
		ReloadNativeAssets: 1.991ms
		UnloadImportedAssets: 0.337ms
		EnsureUptoDateAssetsAreRegisteredWithGuidPM: 1.004ms
		ImportSchedulerStart: 0.676ms
	PostProcessAllAssets: 52.649ms
		MonoPostProcessAllAssets: 52.643ms
			UniversalRenderPipelineGlobalSettingsPostprocessor.OnPostprocessAllAssets 23.239ms
			BuilderAssetPostprocessor.OnPostprocessAllAssets 20.866ms
			AssetChangedListener.OnPostprocessAllAssets 9.425ms
			AssetPostprocessor.OnPostprocessAllAssets 8.584ms
			SyncVS.PostprocessSyncProject 5.561ms
			SpriteSlicePostprocessor.OnPostprocessAllAssets 5.078ms
			WindowAssetPostprocessingWatcher.OnPostprocessAllAssets 3.239ms
			ShaderGraphAssetPostProcessor.OnPostprocessAllAssets 2.393ms
			ConfigAssetsTracker.OnPostprocessAllAssets 2.063ms
			RetainedModeAssetPostprocessor.OnPostprocessAllAssets 1.814ms
			SpeedTree9Postprocessor.OnPostprocessAllAssets 1.737ms
			SpriteEditorTexturePostprocessor.OnPostprocessAllAssets 1.625ms
			EditModeScopePostprocessor.OnPostprocessAllAssets 1.494ms
			ArtifactBrowserPostProcessor.OnPostprocessAllAssets 1.314ms
			TMPro_TexturePostProcessor.OnPostprocessAllAssets 1.216ms
			RenderPipelineGlobalSettingsPostprocessor.OnPostprocessAllAssets 1.198ms
			ShaderReflectionAssetPostProcessor.OnPostprocessAllAssets 0.965ms
			MaterialPostprocessor.OnPostprocessAllAssets 0.809ms
			TextAssetPostProcessor.OnPostprocessAllAssets 0.597ms
			SpriteShapeAssetPostProcessor.OnPostprocessAllAssets 0.591ms
			UVCSAssetPostprocessor.OnPostprocessAllAssets 0.494ms
			AudioMixerPostprocessor.OnPostprocessAllAssets 0.487ms
			ReferencedClipsPostProcessor.OnPostprocessAllAssets 0.428ms
			SpriteLibraryAssetPostprocessor.OnPostprocessAllAssets 0.394ms
			PostProcessor.OnPostprocessAllAssets 0.389ms
			StyleCatalogPostProcessor.OnPostprocessAllAssets 0.361ms
			ThemePostprocessor.OnPostprocessAllAssets 0.347ms
			AssetEvents.OnPostprocessAllAssets 0.304ms
			SamplePostprocessor.OnPostprocessAllAssets 0.285ms
			AudioContainerPostProcessor.OnPostprocessAllAssets 0.268ms
			SpeedTreePostProcessor.OnPostprocessAllAssets 0.267ms
			AssetDatabaseCallbacks.OnPostprocessAllAssets 0.256ms
			ScenarioDriftAssetsTracker.OnPostprocessAllAssets 0.249ms
			TerrainToolbarOverlayPostProcessor.OnPostprocessAllAssets 0.245ms
			PSDImportPostProcessor.OnPostprocessAllAssets 0.244ms
			AssetProcessor.OnPostprocessAllAssets 0.176ms
			AssetReloadNotifier.OnPostprocessAllAssets 0.174ms
			PSDImporterAssetPostProcessor.OnPostprocessAllAssets 0.143ms
	GatherAllCurrentPrimaryImportResultRevisions: 0.223ms
	PersistCurrentRevisions: 0.208ms
	GenerateScriptTypeHashes: 5.838ms
	GenerateScriptTypeSerializationHashes: 11.475ms
	Untracked: 2117.861ms

[Licensing::Client] Successfully resolved entitlement details
[Licensing::Client] Successfully resolved entitlement details
Asset Pipeline Refresh (id=474503ace37afe043adbec3b2b15e9e4): Total: 0.016 seconds - Initiated by RefreshV2(NoUpdateAssetOptions)
[ScriptCompilation] Requested script compilation because: AssetDatabase observed changes in script compilation related files
Refreshing native plugins compatible for Editor in 4.05 ms, found 5 plugins.
Asset Pipeline Refresh (id=d56ea1b86d9abf845ab38d96d3efd855): Total: 0.117 seconds - Initiated by RefreshV2(NoUpdateAssetOptions)
[Licensing::Client] Successfully resolved entitlement details
Starting: C:\Program Files\Unity\Hub\Editor\6000.6.2f1\Editor\Data\Tools\BuildPipeline\bee_backend.exe --ipc --defer-dag-verification --dagfile="Library/Bee/1900b0aE.dag" --continue-on-failure --profile="Library/Bee/backend1.traceevents" ScriptAssemblies
WorkingDir: C:/Users/Admin/Documents/Trabalho IPS/Desin de programacao de jogo/DPJ_Lab01/DPJ_Lab01_Base
ExitCode: 0 Duration: 1s35ms
[ 908/1180  0s] ILPP-Configuration Library/ilpp-configuration.nevergeneratedoutput
[1176/1180  0s] Csc Library/Bee/artifacts/1900b0aE.dag/Assembly-CSharp.dll (+2 others)
[1177/1180  0s] ILPostProcess Library/Bee/artifacts/1900b0aE.dag/post-processed/Assembly-CSharp.dll (+pdb)
Processing assembly Library/Bee/artifacts/1900b0aE.dag/Assembly-CSharp.dll, with 148 defines and 371 references

processors: Unity.Jobs.CodeGen.JobsILPostProcessor, zzzUnity.Burst.CodeGen.BurstILPostProcessor

1 processor(s) skipped this assembly

running Unity.Jobs.CodeGen.JobsILPostProcessor
[1178/1180  0s] CopyFiles Library/ScriptAssemblies/Assembly-CSharp.pdb
[1179/1180  0s] CopyFiles Library/ScriptAssemblies/Assembly-CSharp.dll
*** Tundra build success (0.98 seconds), 5 items updated, 1180 evaluated
Total cache size 68022760
Total cache size after purge 68022760, took 00:00:00.1124165
Reloading assemblies after finishing script compilation.
Reloading assemblies after forced synchronous recompile.
Begin MonoManager ReloadAssembly
Refreshing native plugins compatible for Editor in 2.79 ms, found 5 plugins.
Native extension for WindowsStandalone target not found
Native extension for WebGL target not found
[MODES] ModeService[none].Initialize
[MODES] ModeService[none].LoadModes
ScheduleIndexationOnStartup MainProcess:True IndexOnStartup:True
Scripting: successfully reloaded assembly
- Finished resetting the current domain, in  4.186 seconds
Domain Reload Profiling: 6149ms
	BeginReloadAssembly (1048ms)
		DisableScriptedObjects (350ms)
		CreateAndSetChildDomain (390ms)
	RebuildCommonClasses (19ms)
	RebuildNativeTypeToScriptingClass (30ms)
	initialDomainReloadingComplete (95ms)
	LoadAllAssembliesAndSetupDomain (766ms)
		LoadAssemblies (225ms)
		TypeCache.Refresh (17ms)
		AnalyzeDomain (397ms)
			BuildScriptInfoCaches (351ms)
			ResolveRequiredComponents (43ms)
	FinalizeReload (4189ms)
		SetupLoadedEditorAssemblies (0ms)
			LogAssemblyErrors (4ms)
			InitializePlatformSupportModulesInManaged (6ms)
			BeforeProcessingInitializeOnLoad (462ms)
			ProcessInitializeOnLoadAttributes (467ms)
			ProcessInitializeOnLoadMethodAttributes (243ms)
			AfterProcessingInitializeOnLoad (8ms)
			EditorAssembliesLoaded (3ms)
		AwakeInstancesAfterBackupRestoration (1948ms)

Asset Pipeline Refresh (id=b157cab2291b09c45a4f205799acfae4): Total: 6.515 seconds - Initiated by StopAssetImportingV2(ForceSynchronousImport | ForceDomainReload)
	(Values over 0.05ms)
	Summary:
		Imports: total=0 (actual=0, local cache=0, cache server=0)
		Asset DB Process Time: managed=0 ms, native=4415 ms
		Asset DB Callback time: managed=55 ms, native=0 ms
		Scripting: domain reloads=1, domain reload time=2039 ms, compile time=4 ms, other=0 ms
		Project Asset Count: scripts=1599, non-scripts=3352
		Asset File Changes: new=0, changed=0, moved=0, deleted=0
		Scan Filter Count: 0
	InvokePackagesCallback: 2.730ms
	ApplyChangesToAssetFolders: 0.562ms
	Collect global state as custom dependencies: 6.272ms
	ProcessAssetsWithTransientArtifactChanges: 6.499ms
	CategorizeAssets: 111.854ms
	CompileScripts: 3.577ms
	ImportOutOfDateAssets: 4204.665ms (4199.853ms without children)
		CollectScriptTypesHashes: 1.071ms
		ReloadNativeAssets: 2.398ms
		UnloadImportedAssets: 0.266ms
		EnsureUptoDateAssetsAreRegisteredWithGuidPM: 1.299ms
		ImportSchedulerStart: 0.817ms
	PostProcessAllAssets: 55.239ms
		MonoPostProcessAllAssets: 55.230ms
			UniversalRenderPipelineGlobalSettingsPostprocessor.OnPostprocessAllAssets 21.233ms
			AssetChangedListener.OnPostprocessAllAssets 10.184ms
			BuilderAssetPostprocessor.OnPostprocessAllAssets 8.875ms
			AssetPostprocessor.OnPostprocessAllAssets 8.679ms
			SyncVS.PostprocessSyncProject 6.592ms
			SpriteSlicePostprocessor.OnPostprocessAllAssets 5.292ms
			WindowAssetPostprocessingWatcher.OnPostprocessAllAssets 3.384ms
			SpeedTree9Postprocessor.OnPostprocessAllAssets 2.952ms
			ShaderGraphAssetPostProcessor.OnPostprocessAllAssets 2.691ms
			RetainedModeAssetPostprocessor.OnPostprocessAllAssets 2.105ms
			EditModeScopePostprocessor.OnPostprocessAllAssets 1.593ms
			RenderPipelineGlobalSettingsPostprocessor.OnPostprocessAllAssets 1.223ms
			SpriteEditorTexturePostprocessor.OnPostprocessAllAssets 1.003ms
			TMPro_TexturePostProcessor.OnPostprocessAllAssets 0.951ms
			SpriteShapeAssetPostProcessor.OnPostprocessAllAssets 0.946ms
			MaterialPostprocessor.OnPostprocessAllAssets 0.925ms
			ShaderReflectionAssetPostProcessor.OnPostprocessAllAssets 0.893ms
			ArtifactBrowserPostProcessor.OnPostprocessAllAssets 0.809ms
			UVCSAssetPostprocessor.OnPostprocessAllAssets 0.703ms
			ReferencedClipsPostProcessor.OnPostprocessAllAssets 0.579ms
			PostProcessor.OnPostprocessAllAssets 0.528ms
			TextAssetPostProcessor.OnPostprocessAllAssets 0.518ms
			AssetDatabaseCallbacks.OnPostprocessAllAssets 0.466ms
			AudioMixerPostprocessor.OnPostprocessAllAssets 0.454ms
			SpriteLibraryAssetPostprocessor.OnPostprocessAllAssets 0.360ms
			TerrainToolbarOverlayPostProcessor.OnPostprocessAllAssets 0.326ms
			ThemePostprocessor.OnPostprocessAllAssets 0.308ms
			AssetEvents.OnPostprocessAllAssets 0.298ms
			StyleCatalogPostProcessor.OnPostprocessAllAssets 0.296ms
			SpeedTreePostProcessor.OnPostprocessAllAssets 0.295ms
			SamplePostprocessor.OnPostprocessAllAssets 0.284ms
			ScenarioDriftAssetsTracker.OnPostprocessAllAssets 0.265ms
			ConfigAssetsTracker.OnPostprocessAllAssets 0.256ms
			AssetReloadNotifier.OnPostprocessAllAssets 0.255ms
			PSDImportPostProcessor.OnPostprocessAllAssets 0.250ms
			AssetProcessor.OnPostprocessAllAssets 0.139ms
			PSDImporterAssetPostProcessor.OnPostprocessAllAssets 0.134ms
			AudioContainerPostProcessor.OnPostprocessAllAssets 0.127ms
	GatherAllCurrentPrimaryImportResultRevisions: 0.177ms
	PersistCurrentRevisions: 0.220ms
	GenerateScriptTypeHashes: 5.182ms
	GenerateScriptTypeSerializationHashes: 9.388ms
	Untracked: 2094.722ms

[Licensing::Client] Successfully resolved entitlement details
[Licensing::Client] Successfully resolved entitlement details
Asset Pipeline Refresh (id=a0a085e50dcba1b4ea089a2af06d68ae): Total: 0.007 seconds - Initiated by RefreshV2(AllowForceSynchronousImport)
Asset Pipeline Refresh (id=c5212d1fc265d0f4784adb60622c0999): Total: 0.007 seconds - Initiated by RefreshV2(AllowForceSynchronousImport)
Asset Pipeline Refresh (id=4b88cc6d198cad84988f23dfe2abca47): Total: 0.007 seconds - Initiated by RefreshV2(AllowForceSynchronousImport)
SpriteAtlasPacking completed in 0.009206 sec
Reloading assemblies for play mode.
Reloading assemblies after forced synchronous recompile.
[Licensing::Client] Successfully resolved entitlement details
Begin MonoManager ReloadAssembly
Refreshing native plugins compatible for Editor in 3.20 ms, found 5 plugins.
Native extension for WindowsStandalone target not found
Native extension for WebGL target not found
ScheduleIndexationOnStartup MainProcess:True IndexOnStartup:True
[MODES] ModeService[none].Initialize
[MODES] ModeService[none].LoadModes
Scripting: successfully reloaded assembly
- Finished resetting the current domain, in  3.920 seconds
Domain Reload Profiling: 5386ms
	BeginReloadAssembly (864ms)
		DisableScriptedObjects (231ms)
		CreateAndSetChildDomain (351ms)
	RebuildCommonClasses (20ms)
	RebuildNativeTypeToScriptingClass (28ms)
	initialDomainReloadingComplete (98ms)
	LoadAllAssembliesAndSetupDomain (454ms)
		LoadAssemblies (211ms)
		TypeCache.Refresh (11ms)
		AnalyzeDomain (53ms)
			ResolveRequiredComponents (47ms)
	FinalizeReload (3922ms)
		SetupLoadedEditorAssemblies (0ms)
			LogAssemblyErrors (5ms)
			InitializePlatformSupportModulesInManaged (6ms)
			BeforeProcessingInitializeOnLoad (235ms)
			ProcessInitializeOnLoadAttributes (428ms)
			ProcessInitializeOnLoadMethodAttributes (236ms)
			AfterProcessingInitializeOnLoad (8ms)
		AwakeInstancesAfterBackupRestoration (1846ms)

Asset Pipeline Refresh (id=ddd7f1cd30371b145b9afe19a7b33165): Total: 5.806 seconds - Initiated by StopAssetImportingV2(ForceSynchronousImport | ForceDomainReload)
	(Values over 0.05ms)
	Summary:
		Imports: total=0 (actual=0, local cache=0, cache server=0)
		Asset DB Process Time: managed=0 ms, native=4193 ms
		Asset DB Callback time: managed=65 ms, native=0 ms
		Scripting: domain reloads=1, domain reload time=1542 ms, compile time=4 ms, other=0 ms
		Project Asset Count: scripts=1599, non-scripts=3352
		Asset File Changes: new=0, changed=0, moved=0, deleted=0
		Scan Filter Count: 0
	InvokePackagesCallback: 2.610ms
	ApplyChangesToAssetFolders: 0.421ms
	Collect global state as custom dependencies: 5.835ms
	ProcessAssetsWithTransientArtifactChanges: 0.460ms
	CategorizeAssets: 108.058ms
	CompileScripts: 3.831ms
	ImportOutOfDateAssets: 3936.224ms (3932.225ms without children)
		CollectScriptTypesHashes: 1.102ms
		ReloadNativeAssets: 2.093ms
		UnloadImportedAssets: 0.340ms
		EnsureUptoDateAssetsAreRegisteredWithGuidPM: 0.957ms
		ImportSchedulerStart: 0.580ms
	PostProcessAllAssets: 65.225ms
		MonoPostProcessAllAssets: 65.220ms
			UniversalRenderPipelineGlobalSettingsPostprocessor.OnPostprocessAllAssets 30.671ms
			AssetChangedListener.OnPostprocessAllAssets 10.184ms
			BuilderAssetPostprocessor.OnPostprocessAllAssets 8.875ms
			AssetPostprocessor.OnPostprocessAllAssets 8.679ms
			SpriteSlicePostprocessor.OnPostprocessAllAssets 5.292ms
			SyncVS.PostprocessSyncProject 5.193ms
			WindowAssetPostprocessingWatcher.OnPostprocessAllAssets 4.476ms
			SpeedTree9Postprocessor.OnPostprocessAllAssets 2.713ms
			ShaderGraphAssetPostProcessor.OnPostprocessAllAssets 2.691ms
			RetainedModeAssetPostprocessor.OnPostprocessAllAssets 2.105ms
			ShaderReflectionAssetPostProcessor.OnPostprocessAllAssets 1.332ms
			RenderPipelineGlobalSettingsPostprocessor.OnPostprocessAllAssets 1.216ms
			SpriteEditorTexturePostprocessor.OnPostprocessAllAssets 1.003ms
			TMPro_TexturePostProcessor.OnPostprocessAllAssets 0.951ms
			SpriteShapeAssetPostProcessor.OnPostprocessAllAssets 0.946ms
			MaterialPostprocessor.OnPostprocessAllAssets 0.925ms
			ArtifactBrowserPostProcessor.OnPostprocessAllAssets 0.809ms
			UVCSAssetPostprocessor.OnPostprocessAllAssets 0.703ms
			ReferencedClipsPostProcessor.OnPostprocessAllAssets 0.604ms
			EditModeScopePostprocessor.OnPostprocessAllAssets 0.600ms
			PostProcessor.OnPostprocessAllAssets 0.528ms
			TextAssetPostProcessor.OnPostprocessAllAssets 0.518ms
			AudioMixerPostprocessor.OnPostprocessAllAssets 0.454ms
			SpriteLibraryAssetPostprocessor.OnPostprocessAllAssets 0.360ms
			AssetDatabaseCallbacks.OnPostprocessAllAssets 0.334ms
			ThemePostprocessor.OnPostprocessAllAssets 0.308ms
			AssetEvents.OnPostprocessAllAssets 0.298ms
			StyleCatalogPostProcessor.OnPostprocessAllAssets 0.296ms
			SpeedTreePostProcessor.OnPostprocessAllAssets 0.295ms
			SamplePostprocessor.OnPostprocessAllAssets 0.284ms
			ScenarioDriftAssetsTracker.OnPostprocessAllAssets 0.265ms
			ConfigAssetsTracker.OnPostprocessAllAssets 0.256ms
			AssetReloadNotifier.OnPostprocessAllAssets 0.255ms
			PSDImportPostProcessor.OnPostprocessAllAssets 0.250ms
			TerrainToolbarOverlayPostProcessor.OnPostprocessAllAssets 0.227ms
			AssetProcessor.OnPostprocessAllAssets 0.139ms
			PSDImporterAssetPostProcessor.OnPostprocessAllAssets 0.134ms
			AudioContainerPostProcessor.OnPostprocessAllAssets 0.127ms
	GatherAllCurrentPrimaryImportResultRevisions: 0.186ms
	PersistCurrentRevisions: 0.190ms
	GenerateScriptTypeHashes: 5.327ms
	GenerateScriptTypeSerializationHashes: 9.407ms
	Untracked: 1604.605ms

GameManager: DontDestroyOnLoad only works for root GameObjects or components on root GameObjects.
UnityEngine.Debug:ExtractStackTraceNoAlloc (byte*,int,string)
UnityEngine.StackTraceUtility:ExtractStackTrace ()
UnityEngine.Object:DontDestroyOnLoad (UnityEngine.Object)
GameManager:Awake () (at Assets/Scripts/GameManager.cs:21)

[Assets/Scripts/GameManager.cs line 21]

Loaded scene 'Temp/__Backupscenes/0.backup'
	Deserialize:            6.253 ms
	Integration:            638.992 ms
	Integration of assets:  0.014 ms
	Thread Wait Time:       0.041 ms
	Total Operation Time:   645.301 ms
[Licensing::Client] Successfully resolved entitlement details
[Licensing::Client] Successfully resolved entitlement details
acouteceu alguma coisa?
UnityEngine.Debug:ExtractStackTraceNoAlloc (byte*,int,string)
UnityEngine.StackTraceUtility:ExtractStackTrace ()
UnityEngine.DebugLogHandler:Internal_Log (UnityEngine.LogType,UnityEngine.LogOption,string,UnityEngine.Object)
UnityEngine.DebugLogHandler:LogFormat (UnityEngine.LogType,UnityEngine.Object,string,object[])
UnityEngine.Logger:Log (UnityEngine.LogType,object)
UnityEngine.Debug:LogWarning (object)
Collectible:OnTriggerEnter2D (UnityEngine.Collider2D) (at Assets/Scripts/Collectible.cs:17)

(Filename: Assets/Scripts/Collectible.cs Line: 17)

Asset Pipeline Refresh (id=51c005fb256fab04092dd273d4d13827): Total: 0.023 seconds - Initiated by RefreshV2(NoUpdateAssetOptions)
Unloading 0 Unused Serialized files (Serialized files now loaded: 0)
Loaded scene 'Temp/__Backupscenes/0.backup'
	Deserialize:            2.950 ms
	Integration:            33.223 ms
	Integration of assets:  0.004 ms
	Thread Wait Time:       0.055 ms
	Total Operation Time:   36.232 ms
Unloading 42 unused Assets / (186.5 KB). Loaded Objects now: 9991.
Memory consumption went from 0.88 GB to 0.88 GB.
Total: 41.458300 ms (FindLiveObjects: 1.805500 ms CreateObjectMapping: 0.848500 ms MarkObjects: 38.301900 ms  DeleteObjects: 0.145300 ms)

[Licensing::Client] Successfully resolved entitlement details
SpriteAtlasPacking completed in 0.007015 sec
Reloading assemblies for play mode.
Reloading assemblies after forced synchronous recompile.
Begin MonoManager ReloadAssembly
Refreshing native plugins compatible for Editor in 2.85 ms, found 5 plugins.
Native extension for WindowsStandalone target not found
Native extension for WebGL target not found
ScheduleIndexationOnStartup MainProcess:True IndexOnStartup:True
[MODES] ModeService[none].Initialize
[MODES] ModeService[none].LoadModes
Scripting: successfully reloaded assembly
- Finished resetting the current domain, in  3.820 seconds
Domain Reload Profiling: 5300ms
	BeginReloadAssembly (887ms)
		DisableScriptedObjects (241ms)
		CreateAndSetChildDomain (378ms)
	RebuildCommonClasses (20ms)
	RebuildNativeTypeToScriptingClass (31ms)
	initialDomainReloadingComplete (109ms)
	LoadAllAssembliesAndSetupDomain (431ms)
		LoadAssemblies (221ms)
		TypeCache.Refresh (11ms)
		AnalyzeDomain (56ms)
			ResolveRequiredComponents (49ms)
	FinalizeReload (3822ms)
		SetupLoadedEditorAssemblies (0ms)
			LogAssemblyErrors (3ms)
			InitializePlatformSupportModulesInManaged (4ms)
			BeforeProcessingInitializeOnLoad (214ms)
			ProcessInitializeOnLoadAttributes (454ms)
			ProcessInitializeOnLoadMethodAttributes (224ms)
			AfterProcessingInitializeOnLoad (8ms)
		AwakeInstancesAfterBackupRestoration (1831ms)

Asset Pipeline Refresh (id=2378c250d51cdfe4a8dd9dc8a8b85b34): Total: 5.673 seconds - Initiated by StopAssetImportingV2(ForceSynchronousImport | ForceDomainReload)
	(Values over 0.05ms)
	Summary:
		Imports: total=0 (actual=0, local cache=0, cache server=0)
		Asset DB Process Time: managed=0 ms, native=4045 ms
		Asset DB Callback time: managed=68 ms, native=0 ms
		Scripting: domain reloads=1, domain reload time=1555 ms, compile time=3 ms, other=0 ms
		Project Asset Count: scripts=1599, non-scripts=3352
		Asset File Changes: new=0, changed=0, moved=0, deleted=0
		Scan Filter Count: 0
	InvokePackagesCallback: 2.350ms
	ApplyChangesToAssetFolders: 0.410ms
	Collect global state as custom dependencies: 6.199ms
	ProcessAssetsWithTransientArtifactChanges: 0.131ms
	CategorizeAssets: 103.158ms
	CompileScripts: 3.459ms
	ImportOutOfDateAssets: 3837.978ms (3833.926ms without children)
		CollectScriptTypesHashes: 1.342ms
		ReloadNativeAssets: 1.904ms
		UnloadImportedAssets: 0.391ms
		EnsureUptoDateAssetsAreRegisteredWithGuidPM: 1.181ms
		ImportSchedulerStart: 0.546ms
	PostProcessAllAssets: 68.193ms
		MonoPostProcessAllAssets: 68.187ms
			UniversalRenderPipelineGlobalSettingsPostprocessor.OnPostprocessAllAssets 34.446ms
			AssetChangedListener.OnPostprocessAllAssets 10.184ms
			BuilderAssetPostprocessor.OnPostprocessAllAssets 8.875ms
			AssetPostprocessor.OnPostprocessAllAssets 8.679ms
			SpriteSlicePostprocessor.OnPostprocessAllAssets 5.292ms
			SyncVS.PostprocessSyncProject 5.147ms
			WindowAssetPostprocessingWatcher.OnPostprocessAllAssets 3.636ms
			SpeedTree9Postprocessor.OnPostprocessAllAssets 3.323ms
			ShaderGraphAssetPostProcessor.OnPostprocessAllAssets 2.691ms
			RetainedModeAssetPostprocessor.OnPostprocessAllAssets 2.105ms
			RenderPipelineGlobalSettingsPostprocessor.OnPostprocessAllAssets 1.468ms
			SpriteEditorTexturePostprocessor.OnPostprocessAllAssets 1.003ms
			TMPro_TexturePostProcessor.OnPostprocessAllAssets 0.951ms
			SpriteShapeAssetPostProcessor.OnPostprocessAllAssets 0.946ms
			MaterialPostprocessor.OnPostprocessAllAssets 0.925ms
			ShaderReflectionAssetPostProcessor.OnPostprocessAllAssets 0.918ms
			ArtifactBrowserPostProcessor.OnPostprocessAllAssets 0.809ms
			ReferencedClipsPostProcessor.OnPostprocessAllAssets 0.715ms
			UVCSAssetPostprocessor.OnPostprocessAllAssets 0.703ms
			PostProcessor.OnPostprocessAllAssets 0.528ms
			TextAssetPostProcessor.OnPostprocessAllAssets 0.518ms
			EditModeScopePostprocessor.OnPostprocessAllAssets 0.488ms
			AudioMixerPostprocessor.OnPostprocessAllAssets 0.454ms
			AssetDatabaseCallbacks.OnPostprocessAllAssets 0.387ms
			SpriteLibraryAssetPostprocessor.OnPostprocessAllAssets 0.360ms
			TerrainToolbarOverlayPostProcessor.OnPostprocessAllAssets 0.323ms
			ThemePostprocessor.OnPostprocessAllAssets 0.308ms
			AssetEvents.OnPostprocessAllAssets 0.298ms
			StyleCatalogPostProcessor.OnPostprocessAllAssets 0.296ms
			SpeedTreePostProcessor.OnPostprocessAllAssets 0.295ms
			SamplePostprocessor.OnPostprocessAllAssets 0.284ms
			ScenarioDriftAssetsTracker.OnPostprocessAllAssets 0.265ms
			ConfigAssetsTracker.OnPostprocessAllAssets 0.256ms
			AssetReloadNotifier.OnPostprocessAllAssets 0.255ms
			PSDImportPostProcessor.OnPostprocessAllAssets 0.250ms
			AssetProcessor.OnPostprocessAllAssets 0.139ms
			PSDImporterAssetPostProcessor.OnPostprocessAllAssets 0.134ms
			AudioContainerPostProcessor.OnPostprocessAllAssets 0.127ms
	GatherAllCurrentPrimaryImportResultRevisions: 0.180ms
	PersistCurrentRevisions: 0.197ms
	GenerateScriptTypeHashes: 4.785ms
	GenerateScriptTypeSerializationHashes: 8.680ms
	Untracked: 1604.617ms

GameManager: DontDestroyOnLoad only works for root GameObjects or components on root GameObjects.
UnityEngine.Debug:ExtractStackTraceNoAlloc (byte*,int,string)
UnityEngine.StackTraceUtility:ExtractStackTrace ()
UnityEngine.Object:DontDestroyOnLoad (UnityEngine.Object)
GameManager:Awake () (at Assets/Scripts/GameManager.cs:21)

[Assets/Scripts/GameManager.cs line 21]

Loaded scene 'Temp/__Backupscenes/0.backup'
	Deserialize:            3.909 ms
	Integration:            642.287 ms
	Integration of assets:  0.005 ms
	Thread Wait Time:       0.008 ms
	Total Operation Time:   646.209 ms
[Licensing::Client] Successfully resolved entitlement details
[Licensing::Client] Successfully resolved entitlement details
Unloading 2 Unused Serialized files (Serialized files now loaded: 0)
Loaded scene 'Temp/__Backupscenes/0.backup'
	Deserialize:            43.216 ms
	Integration:            39.258 ms
	Integration of assets:  0.049 ms
	Thread Wait Time:       -0.025 ms
	Total Operation Time:   82.498 ms
Unloading 16 unused Assets / (89.5 KB). Loaded Objects now: 9995.
Memory consumption went from 0.89 GB to 0.89 GB.
Total: 38.916500 ms (FindLiveObjects: 1.753600 ms CreateObjectMapping: 0.393400 ms MarkObjects: 36.365600 ms  DeleteObjects: 0.055000 ms)

SpriteAtlasPacking completed in 0.008448 sec
Reloading assemblies for play mode.
Reloading assemblies after forced synchronous recompile.
Begin MonoManager ReloadAssembly
Refreshing native plugins compatible for Editor in 2.76 ms, found 5 plugins.
Native extension for WindowsStandalone target not found
Native extension for WebGL target not found
ScheduleIndexationOnStartup MainProcess:True IndexOnStartup:True
[MODES] ModeService[none].Initialize
[MODES] ModeService[none].LoadModes
Scripting: successfully reloaded assembly
- Finished resetting the current domain, in  4.078 seconds
Domain Reload Profiling: 5652ms
	BeginReloadAssembly (915ms)
		DisableScriptedObjects (254ms)
		CreateAndSetChildDomain (374ms)
	RebuildCommonClasses (23ms)
	RebuildNativeTypeToScriptingClass (30ms)
	initialDomainReloadingComplete (142ms)
	LoadAllAssembliesAndSetupDomain (463ms)
		LoadAssemblies (230ms)
		TypeCache.Refresh (10ms)
		AnalyzeDomain (52ms)
			ResolveRequiredComponents (46ms)
	FinalizeReload (4080ms)
		SetupLoadedEditorAssemblies (0ms)
			LogAssemblyErrors (3ms)
			InitializePlatformSupportModulesInManaged (4ms)
			BeforeProcessingInitializeOnLoad (207ms)
			ProcessInitializeOnLoadAttributes (459ms)
			ProcessInitializeOnLoadMethodAttributes (265ms)
			AfterProcessingInitializeOnLoad (9ms)
		AwakeInstancesAfterBackupRestoration (1951ms)

Asset Pipeline Refresh (id=6f2d7a6d80706984d847fab18917cef5): Total: 6.118 seconds - Initiated by StopAssetImportingV2(ForceSynchronousImport | ForceDomainReload)
	(Values over 0.05ms)
	Summary:
		Imports: total=0 (actual=0, local cache=0, cache server=0)
		Asset DB Process Time: managed=0 ms, native=4394 ms
		Asset DB Callback time: managed=70 ms, native=0 ms
		Scripting: domain reloads=1, domain reload time=1649 ms, compile time=3 ms, other=0 ms
		Project Asset Count: scripts=1599, non-scripts=3352
		Asset File Changes: new=0, changed=0, moved=0, deleted=0
		Scan Filter Count: 0
	InvokePackagesCallback: 2.751ms
	ApplyChangesToAssetFolders: 0.468ms
	Collect global state as custom dependencies: 8.404ms
	ProcessAssetsWithTransientArtifactChanges: 0.172ms
	CategorizeAssets: 119.188ms
	CompileScripts: 2.949ms
	ImportOutOfDateAssets: 4097.957ms (4093.613ms without children)
		CollectScriptTypesHashes: 1.363ms
		ReloadNativeAssets: 2.181ms
		UnloadImportedAssets: 0.371ms
		EnsureUptoDateAssetsAreRegisteredWithGuidPM: 0.965ms
		ImportSchedulerStart: 0.786ms
	PostProcessAllAssets: 70.765ms
		MonoPostProcessAllAssets: 70.756ms
			UniversalRenderPipelineGlobalSettingsPostprocessor.OnPostprocessAllAssets 34.707ms
			AssetChangedListener.OnPostprocessAllAssets 10.184ms
			BuilderAssetPostprocessor.OnPostprocessAllAssets 8.875ms
			AssetPostprocessor.OnPostprocessAllAssets 8.679ms
			SyncVS.PostprocessSyncProject 7.203ms
			SpriteSlicePostprocessor.OnPostprocessAllAssets 5.292ms
			SpeedTree9Postprocessor.OnPostprocessAllAssets 3.369ms
			WindowAssetPostprocessingWatcher.OnPostprocessAllAssets 3.292ms
			ShaderGraphAssetPostProcessor.OnPostprocessAllAssets 2.691ms
			RetainedModeAssetPostprocessor.OnPostprocessAllAssets 2.105ms
			ShaderReflectionAssetPostProcessor.OnPostprocessAllAssets 1.154ms
			RenderPipelineGlobalSettingsPostprocessor.OnPostprocessAllAssets 1.077ms
			SpriteEditorTexturePostprocessor.OnPostprocessAllAssets 1.003ms
			TMPro_TexturePostProcessor.OnPostprocessAllAssets 0.951ms
			SpriteShapeAssetPostProcessor.OnPostprocessAllAssets 0.946ms
			MaterialPostprocessor.OnPostprocessAllAssets 0.925ms
			EditModeScopePostprocessor.OnPostprocessAllAssets 0.867ms
			ArtifactBrowserPostProcessor.OnPostprocessAllAssets 0.809ms
			UVCSAssetPostprocessor.OnPostprocessAllAssets 0.703ms
			PostProcessor.OnPostprocessAllAssets 0.528ms
			TextAssetPostProcessor.OnPostprocessAllAssets 0.518ms
			AudioMixerPostprocessor.OnPostprocessAllAssets 0.454ms
			ReferencedClipsPostProcessor.OnPostprocessAllAssets 0.447ms
			AssetDatabaseCallbacks.OnPostprocessAllAssets 0.407ms
			SpriteLibraryAssetPostprocessor.OnPostprocessAllAssets 0.360ms
			TerrainToolbarOverlayPostProcessor.OnPostprocessAllAssets 0.328ms
			ThemePostprocessor.OnPostprocessAllAssets 0.308ms
			AssetEvents.OnPostprocessAllAssets 0.298ms
			StyleCatalogPostProcessor.OnPostprocessAllAssets 0.296ms
			SpeedTreePostProcessor.OnPostprocessAllAssets 0.295ms
			SamplePostprocessor.OnPostprocessAllAssets 0.284ms
			ScenarioDriftAssetsTracker.OnPostprocessAllAssets 0.265ms
			ConfigAssetsTracker.OnPostprocessAllAssets 0.256ms
			AssetReloadNotifier.OnPostprocessAllAssets 0.255ms
			PSDImportPostProcessor.OnPostprocessAllAssets 0.250ms
			AssetProcessor.OnPostprocessAllAssets 0.139ms
			PSDImporterAssetPostProcessor.OnPostprocessAllAssets 0.134ms
			AudioContainerPostProcessor.OnPostprocessAllAssets 0.127ms
	GatherAllCurrentPrimaryImportResultRevisions: 0.174ms
	PersistCurrentRevisions: 0.222ms
	GenerateScriptTypeHashes: 5.987ms
	GenerateScriptTypeSerializationHashes: 10.999ms
	Untracked: 1701.802ms

GameManager: DontDestroyOnLoad only works for root GameObjects or components on root GameObjects.
UnityEngine.Debug:ExtractStackTraceNoAlloc (byte*,int,string)
UnityEngine.StackTraceUtility:ExtractStackTrace ()
UnityEngine.Object:DontDestroyOnLoad (UnityEngine.Object)
GameManager:Awake () (at Assets/Scripts/GameManager.cs:21)

[Assets/Scripts/GameManager.cs line 21]

Loaded scene 'Temp/__Backupscenes/0.backup'
	Deserialize:            44.092 ms
	Integration:            728.258 ms
	Integration of assets:  0.045 ms
	Thread Wait Time:       -0.013 ms
	Total Operation Time:   772.382 ms
[Licensing::Client] Successfully resolved entitlement details
[Licensing::Client] Successfully resolved entitlement details
Unloading 2 Unused Serialized files (Serialized files now loaded: 0)
Loaded scene 'Temp/__Backupscenes/0.backup'
	Deserialize:            3.698 ms
	Integration:            40.831 ms
	Integration of assets:  0.009 ms
	Thread Wait Time:       0.027 ms
	Total Operation Time:   44.564 ms
Unloading 16 unused Assets / (0.6 MB). Loaded Objects now: 9999.
Memory consumption went from 0.90 GB to 0.90 GB.
Total: 45.710200 ms (FindLiveObjects: 2.066700 ms CreateObjectMapping: 0.403800 ms MarkObjects: 42.617000 ms  DeleteObjects: 0.257000 ms)

Asset Pipeline Refresh (id=c6f6731056c267441b8bb4199a4979c5): Total: 0.025 seconds - Initiated by RefreshV2(AllowForceSynchronousImport)
Asset Pipeline Refresh (id=8fd4fc2f5d6a1564ba57df88f5f3a4f2): Total: 0.008 seconds - Initiated by RefreshV2(AllowForceSynchronousImport)
Asset Pipeline Refresh (id=c9f0734a8bb21fa4da6565f9f54a2b0a): Total: 0.006 seconds - Initiated by RefreshV2(AllowForceSynchronousImport)
Asset Pipeline Refresh (id=c8ebd0432c0fef741b7d89990940859a): Total: 0.008 seconds - Initiated by RefreshV2(AllowForceSynchronousImport)
Asset Pipeline Refresh (id=b681c02af5bfd1a4e8eaedc62f6137fc): Total: 0.006 seconds - Initiated by RefreshV2(AllowForceSynchronousImport)
Asset Pipeline Refresh (id=29c96913a09a24c448ccc1d66be214eb): Total: 0.007 seconds - Initiated by RefreshV2(AllowForceSynchronousImport)
Asset Pipeline Refresh (id=59f2fa6c096332f488c8e0fe3bf2a6e7): Total: 0.008 seconds - Initiated by RefreshV2(AllowForceSynchronousImport)
Asset Pipeline Refresh (id=ffb6ef2d3596e82409a7fd0b707835dd): Total: 0.006 seconds - Initiated by RefreshV2(AllowForceSynchronousImport)
Asset Pipeline Refresh (id=e610f91597817d846bad61e2d16993c1): Total: 0.006 seconds - Initiated by RefreshV2(AllowForceSynchronousImport)
Asset Pipeline Refresh (id=314677ac28f03e94a8fe327c097f1c44): Total: 0.007 seconds - Initiated by RefreshV2(AllowForceSynchronousImport)
Asset Pipeline Refresh (id=8bcca018f1214ce43927865fcf656fe7): Total: 0.045 seconds - Initiated by RefreshV2(AllowForceSynchronousImport)
Asset Pipeline Refresh (id=9215d4e3764c6234f96c688336cd65e8): Total: 0.006 seconds - Initiated by RefreshV2(AllowForceSynchronousImport)
[Worker0] Imported GUID: b1e743edb8972804889c3b59fb0ab05d - Path: Assets/Scripts/SimpleRespawn.cs - Importer: PreviewImporter -> (ImportResultId: '1eb8942bc916ed0d6c76ac106e717492') in 0.1042306 seconds
GUILayout: Mismatched LayoutGroup.Ignore
Asset Pipeline Refresh (id=da8c42fbcb4298b47ac868145501a4d2): Total: 0.015 seconds - Initiated by RefreshV2(AllowForceSynchronousImport)
Asset Pipeline Refresh (id=b99c0251729c3d744b2a6eb0a0cdfdc4): Total: 0.007 seconds - Initiated by RefreshV2(AllowForceSynchronousImport)
Asset Pipeline Refresh (id=0cae1fedff5955343b51f41336a7ecb8): Total: 0.006 seconds - Initiated by RefreshV2(AllowForceSynchronousImport)
Importing 'GUID: 00000000000000009000000000000000 - Path: ProjectSettings/QualitySettings.asset' with importer (LibraryAssetImporter)
Imported 'GUID: 00000000000000009000000000000000' -> (Import Result ID: 'f6d9807f5a163deedff783a4fc1e178c') in 0.016 seconds [static dependencies only]. Details - ImportResultOutputID=2a108b3da874f726c62fbe5f12be4a8a DependenciesID=67d22d37087e60bbc8860396c8d3a223 StaticDependenciesID=4bc5a929c2caa02ac266bd9f39841a3f 
Refreshing native plugins compatible for Editor in 3.09 ms, found 5 plugins.
Asset Pipeline Refresh (id=de638350e06d2fd45bbd194298440108): Total: 0.119 seconds - Initiated by StopAssetImportingV2(NoUpdateAssetOptions)
Importing 'GUID: e318819094e537844a397e8d35f22cb0 - Path: Assets/Scenes/Level1.unity' with importer (DefaultImporter)
Imported 'GUID: e318819094e537844a397e8d35f22cb0' -> (Import Result ID: '77c98e58794cd6a67aa78e9cb23bc44b') in 0.050 seconds [static dependencies only]. Details - ImportResultOutputID=842c84574b74a184ac2334704fde606c DependenciesID=9f63eb41c790c55febe5f3d50dfa8a0f StaticDependenciesID=b62ba317a6c1dcc5f94e58ffa0a34b5a 
Refreshing native plugins compatible for Editor in 2.74 ms, found 5 plugins.
Asset Pipeline Refresh (id=cd666e3a88a82944b80cdad8a6964961): Total: 0.113 seconds - Initiated by StopAssetImportingV2(NoUpdateAssetOptions)
SpriteAtlasPacking completed in 0.007240 sec
Reloading assemblies for play mode.
Reloading assemblies after forced synchronous recompile.
[Licensing::Client] Successfully resolved entitlement details
Begin MonoManager ReloadAssembly
Refreshing native plugins compatible for Editor in 2.77 ms, found 5 plugins.
Native extension for WindowsStandalone target not found
Native extension for WebGL target not found
ScheduleIndexationOnStartup MainProcess:True IndexOnStartup:True
[MODES] ModeService[none].Initialize
[MODES] ModeService[none].LoadModes
Scripting: successfully reloaded assembly
- Finished resetting the current domain, in  3.917 seconds
Domain Reload Profiling: 5567ms
	BeginReloadAssembly (987ms)
		DisableScriptedObjects (288ms)
		CreateAndSetChildDomain (418ms)
	RebuildCommonClasses (20ms)
	RebuildNativeTypeToScriptingClass (29ms)
	initialDomainReloadingComplete (158ms)
	LoadAllAssembliesAndSetupDomain (455ms)
		LoadAssemblies (286ms)
		TypeCache.Refresh (10ms)
		AnalyzeDomain (46ms)
			ResolveRequiredComponents (41ms)
	FinalizeReload (3919ms)
		SetupLoadedEditorAssemblies (0ms)
			LogAssemblyErrors (3ms)
			InitializePlatformSupportModulesInManaged (4ms)
			BeforeProcessingInitializeOnLoad (218ms)
			ProcessInitializeOnLoadAttributes (465ms)
			ProcessInitializeOnLoadMethodAttributes (203ms)
			AfterProcessingInitializeOnLoad (9ms)
		AwakeInstancesAfterBackupRestoration (1884ms)

Asset Pipeline Refresh (id=5d4f16a63b02abb4784ac7e0b52c40fc): Total: 6.008 seconds - Initiated by StopAssetImportingV2(ForceSynchronousImport | ForceDomainReload)
	(Values over 0.05ms)
	Summary:
		Imports: total=0 (actual=0, local cache=0, cache server=0)
		Asset DB Process Time: managed=0 ms, native=4195 ms
		Asset DB Callback time: managed=73 ms, native=0 ms
		Scripting: domain reloads=1, domain reload time=1735 ms, compile time=3 ms, other=0 ms
		Project Asset Count: scripts=1599, non-scripts=3352
		Asset File Changes: new=0, changed=0, moved=0, deleted=0
		Scan Filter Count: 0
	InvokePackagesCallback: 2.929ms
	ApplyChangesToAssetFolders: 0.495ms
	Collect global state as custom dependencies: 8.750ms
	ProcessAssetsWithTransientArtifactChanges: 0.133ms
	CategorizeAssets: 114.089ms
	CompileScripts: 3.257ms
	ImportOutOfDateAssets: 3934.078ms (3929.547ms without children)
		CollectScriptTypesHashes: 1.365ms
		ReloadNativeAssets: 2.334ms
		UnloadImportedAssets: 0.430ms
		EnsureUptoDateAssetsAreRegisteredWithGuidPM: 1.090ms
		ImportSchedulerStart: 0.624ms
	PostProcessAllAssets: 73.341ms
		MonoPostProcessAllAssets: 73.336ms
			UniversalRenderPipelineGlobalSettingsPostprocessor.OnPostprocessAllAssets 38.002ms
			SyncVS.PostprocessSyncProject 5.330ms
			SpeedTree9Postprocessor.OnPostprocessAllAssets 4.316ms
			WindowAssetPostprocessingWatcher.OnPostprocessAllAssets 2.796ms
			RenderPipelineGlobalSettingsPostprocessor.OnPostprocessAllAssets 1.343ms
			ShaderReflectionAssetPostProcessor.OnPostprocessAllAssets 1.237ms
			ConfigAssetsTracker.OnPostprocessAllAssets 0.770ms
			EditModeScopePostprocessor.OnPostprocessAllAssets 0.660ms
			ReferencedClipsPostProcessor.OnPostprocessAllAssets 0.522ms
			SpriteEditorTexturePostprocessor.OnPostprocessAllAssets 0.291ms
			AssetDatabaseCallbacks.OnPostprocessAllAssets 0.252ms
			TerrainToolbarOverlayPostProcessor.OnPostprocessAllAssets 0.246ms
			AssetChangedListener.OnPostprocessAllAssets 0.204ms
			ShaderGraphAssetPostProcessor.OnPostprocessAllAssets 0.096ms
			SpriteShapeAssetPostProcessor.OnPostprocessAllAssets 0.092ms
			AssetPostprocessor.OnPostprocessAllAssets 0.079ms
	GatherAllCurrentPrimaryImportResultRevisions: 0.218ms
	UnloadStreamsBegin: 0.299ms
	PersistCurrentRevisions: 0.190ms
	GenerateScriptTypeHashes: 5.508ms
	GenerateScriptTypeSerializationHashes: 10.228ms
	Untracked: 1788.633ms

GameManager: DontDestroyOnLoad only works for root GameObjects or components on root GameObjects.
UnityEngine.Debug:ExtractStackTraceNoAlloc (byte*,int,string)
UnityEngine.StackTraceUtility:ExtractStackTrace ()
UnityEngine.Object:DontDestroyOnLoad (UnityEngine.Object)
GameManager:Awake () (at Assets/Scripts/GameManager.cs:21)

[Assets/Scripts/GameManager.cs line 21]

Loaded scene 'Temp/__Backupscenes/0.backup'
	Deserialize:            4.669 ms
	Integration:            590.366 ms
	Integration of assets:  0.006 ms
	Thread Wait Time:       0.343 ms
	Total Operation Time:   595.384 ms
[Licensing::Client] Successfully resolved entitlement details
[Licensing::Client] Successfully resolved entitlement details
Unloading 2 Unused Serialized files (Serialized files now loaded: 0)
Loaded scene 'Temp/__Backupscenes/0.backup'
	Deserialize:            2.793 ms
	Integration:            40.850 ms
	Integration of assets:  0.005 ms
	Thread Wait Time:       0.026 ms
	Total Operation Time:   43.676 ms
Unloading 175 unused Assets / (0.5 MB). Loaded Objects now: 9998.
Memory consumption went from 0.92 GB to 0.92 GB.
Total: 84.940300 ms (FindLiveObjects: 1.823000 ms CreateObjectMapping: 0.260700 ms MarkObjects: 41.461700 ms  DeleteObjects: 40.994300 ms)

[Licensing::Client] Successfully resolved entitlement details
Asset Pipeline Refresh (id=20ca4f81d70bd15429863c1b09fe7d0e): Total: 0.033 seconds - Initiated by RefreshV2(AllowForceSynchronousImport)
Asset Pipeline Refresh (id=3e556010ad203354ba9dc11102f958fd): Total: 0.007 seconds - Initiated by RefreshV2(AllowForceSynchronousImport)
Asset Pipeline Refresh (id=2f12cacf8e7a12546937a75c1e432c0c): Total: 0.006 seconds - Initiated by RefreshV2(AllowForceSynchronousImport)
Asset Pipeline Refresh (id=9d146966f5f2d704389507742c6c6453): Total: 0.009 seconds - Initiated by RefreshV2(AllowForceSynchronousImport)
Asset Pipeline Refresh (id=cba9b94a5cd2d7440a8acc14c1f5720d): Total: 0.007 seconds - Initiated by RefreshV2(AllowForceSynchronousImport)
Asset Pipeline Refresh (id=05aa09228c9136a4abf6225d1b29ac29): Total: 0.019 seconds - Initiated by RefreshV2(AllowForceSynchronousImport)
Asset Pipeline Refresh (id=7898395152f93d3458723e2825c81916): Total: 0.007 seconds - Initiated by RefreshV2(AllowForceSynchronousImport)
Asset Pipeline Refresh (id=6ef6cdf8f34233043857d5f22760abe3): Total: 0.006 seconds - Initiated by RefreshV2(AllowForceSynchronousImport)
SpriteAtlasPacking completed in 0.007479 sec
Reloading assemblies for play mode.
Reloading assemblies after forced synchronous recompile.
[Licensing::Client] Successfully resolved entitlement details
Begin MonoManager ReloadAssembly
Refreshing native plugins compatible for Editor in 2.87 ms, found 5 plugins.
Native extension for WindowsStandalone target not found
Native extension for WebGL target not found
ScheduleIndexationOnStartup MainProcess:True IndexOnStartup:True
[MODES] ModeService[none].Initialize
[MODES] ModeService[none].LoadModes
Scripting: successfully reloaded assembly
- Finished resetting the current domain, in  4.118 seconds
Domain Reload Profiling: 5620ms
	BeginReloadAssembly (869ms)
		DisableScriptedObjects (203ms)
		CreateAndSetChildDomain (383ms)
	RebuildCommonClasses (22ms)
	RebuildNativeTypeToScriptingClass (30ms)
	initialDomainReloadingComplete (93ms)
	LoadAllAssembliesAndSetupDomain (486ms)
		LoadAssemblies (277ms)
		TypeCache.Refresh (10ms)
		AnalyzeDomain (54ms)
			ResolveRequiredComponents (49ms)
	FinalizeReload (4119ms)
		SetupLoadedEditorAssemblies (0ms)
			LogAssemblyErrors (4ms)
			InitializePlatformSupportModulesInManaged (4ms)
			BeforeProcessingInitializeOnLoad (256ms)
			ProcessInitializeOnLoadAttributes (445ms)
			ProcessInitializeOnLoadMethodAttributes (289ms)
			AfterProcessingInitializeOnLoad (9ms)
			EditorAssembliesLoaded (3ms)
		AwakeInstancesAfterBackupRestoration (1905ms)

Asset Pipeline Refresh (id=426a8aed36de4e24a982118a505c03ec): Total: 6.011 seconds - Initiated by StopAssetImportingV2(ForceSynchronousImport | ForceDomainReload)
	(Values over 0.05ms)
	Summary:
		Imports: total=0 (actual=0, local cache=0, cache server=0)
		Asset DB Process Time: managed=0 ms, native=4366 ms
		Asset DB Callback time: managed=59 ms, native=0 ms
		Scripting: domain reloads=1, domain reload time=1580 ms, compile time=3 ms, other=0 ms
		Project Asset Count: scripts=1599, non-scripts=3352
		Asset File Changes: new=0, changed=0, moved=0, deleted=0
		Scan Filter Count: 0
	InvokePackagesCallback: 2.807ms
	ApplyChangesToAssetFolders: 0.444ms
	Collect global state as custom dependencies: 6.950ms
	ProcessAssetsWithTransientArtifactChanges: 0.182ms
	CategorizeAssets: 99.392ms
	CompileScripts: 3.329ms
	ImportOutOfDateAssets: 4135.858ms (4131.053ms without children)
		CollectScriptTypesHashes: 1.340ms
		ReloadNativeAssets: 2.068ms
		UnloadImportedAssets: 0.504ms
		EnsureUptoDateAssetsAreRegisteredWithGuidPM: 1.215ms
		ImportSchedulerStart: 0.978ms
	PostProcessAllAssets: 59.306ms
		MonoPostProcessAllAssets: 59.300ms
			UniversalRenderPipelineGlobalSettingsPostprocessor.OnPostprocessAllAssets 28.639ms
			SyncVS.PostprocessSyncProject 4.881ms
			SpeedTree9Postprocessor.OnPostprocessAllAssets 3.532ms
			WindowAssetPostprocessingWatcher.OnPostprocessAllAssets 2.832ms
			RenderPipelineGlobalSettingsPostprocessor.OnPostprocessAllAssets 1.309ms
			ShaderReflectionAssetPostProcessor.OnPostprocessAllAssets 1.039ms
			ConfigAssetsTracker.OnPostprocessAllAssets 0.770ms
			ReferencedClipsPostProcessor.OnPostprocessAllAssets 0.448ms
			EditModeScopePostprocessor.OnPostprocessAllAssets 0.439ms
			SpriteEditorTexturePostprocessor.OnPostprocessAllAssets 0.291ms
			AssetDatabaseCallbacks.OnPostprocessAllAssets 0.287ms
			TerrainToolbarOverlayPostProcessor.OnPostprocessAllAssets 0.256ms
			AssetChangedListener.OnPostprocessAllAssets 0.204ms
			ShaderGraphAssetPostProcessor.OnPostprocessAllAssets 0.096ms
			SpriteShapeAssetPostProcessor.OnPostprocessAllAssets 0.092ms
			AssetPostprocessor.OnPostprocessAllAssets 0.079ms
	GatherAllCurrentPrimaryImportResultRevisions: 0.279ms
	UnloadStreamsBegin: 3.241ms
	PersistCurrentRevisions: 0.190ms
	GenerateScriptTypeHashes: 4.862ms
	GenerateScriptTypeSerializationHashes: 8.966ms
	Untracked: 1628.748ms

GameManager: DontDestroyOnLoad only works for root GameObjects or components on root GameObjects.
UnityEngine.Debug:ExtractStackTraceNoAlloc (byte*,int,string)
UnityEngine.StackTraceUtility:ExtractStackTrace ()
UnityEngine.Object:DontDestroyOnLoad (UnityEngine.Object)
GameManager:Awake () (at Assets/Scripts/GameManager.cs:21)

[Assets/Scripts/GameManager.cs line 21]

Loaded scene 'Temp/__Backupscenes/0.backup'
	Deserialize:            3.778 ms
	Integration:            636.338 ms
	Integration of assets:  0.005 ms
	Thread Wait Time:       0.018 ms
	Total Operation Time:   640.140 ms
[Licensing::Client] Successfully resolved entitlement details
[Licensing::Client] Successfully resolved entitlement details
Unloading 2 Unused Serialized files (Serialized files now loaded: 0)
Loaded scene 'Temp/__Backupscenes/0.backup'
	Deserialize:            3.539 ms
	Integration:            39.176 ms
	Integration of assets:  0.004 ms
	Thread Wait Time:       0.019 ms
	Total Operation Time:   42.739 ms
Unloading 28 unused Assets / (0.6 MB). Loaded Objects now: 10014.
Memory consumption went from 0.92 GB to 0.92 GB.
Total: 40.929900 ms (FindLiveObjects: 1.886900 ms CreateObjectMapping: 0.494800 ms MarkObjects: 37.822500 ms  DeleteObjects: 0.164000 ms)

[Licensing::Client] Successfully resolved entitlement details
SpriteAtlasPacking completed in 0.007991 sec
Reloading assemblies for play mode.
Reloading assemblies after forced synchronous recompile.
Begin MonoManager ReloadAssembly
Refreshing native plugins compatible for Editor in 3.52 ms, found 5 plugins.
Native extension for WindowsStandalone target not found
Native extension for WebGL target not found
ScheduleIndexationOnStartup MainProcess:True IndexOnStartup:True
[MODES] ModeService[none].Initialize
[MODES] ModeService[none].LoadModes
Scripting: successfully reloaded assembly
- Finished resetting the current domain, in  3.998 seconds
Domain Reload Profiling: 5564ms
	BeginReloadAssembly (905ms)
		DisableScriptedObjects (247ms)
		CreateAndSetChildDomain (380ms)
	RebuildCommonClasses (22ms)
	RebuildNativeTypeToScriptingClass (32ms)
	initialDomainReloadingComplete (138ms)
	LoadAllAssembliesAndSetupDomain (428ms)
		LoadAssemblies (234ms)
		TypeCache.Refresh (11ms)
		AnalyzeDomain (50ms)
			ResolveRequiredComponents (45ms)
	FinalizeReload (4039ms)
		SetupLoadedEditorAssemblies (0ms)
			LogAssemblyErrors (4ms)
			InitializePlatformSupportModulesInManaged (6ms)
			BeforeProcessingInitializeOnLoad (233ms)
			ProcessInitializeOnLoadAttributes (507ms)
			ProcessInitializeOnLoadMethodAttributes (254ms)
			AfterProcessingInitializeOnLoad (9ms)
		AwakeInstancesAfterBackupRestoration (1880ms)

Asset Pipeline Refresh (id=c9ee92c54a0c8ef4f86d35907fcd61c2): Total: 5.957 seconds - Initiated by StopAssetImportingV2(ForceSynchronousImport | ForceDomainReload)
	(Values over 0.05ms)
	Summary:
		Imports: total=0 (actual=0, local cache=0, cache server=0)
		Asset DB Process Time: managed=0 ms, native=4278 ms
		Asset DB Callback time: managed=75 ms, native=0 ms
		Scripting: domain reloads=1, domain reload time=1599 ms, compile time=3 ms, other=0 ms
		Project Asset Count: scripts=1599, non-scripts=3352
		Asset File Changes: new=0, changed=0, moved=0, deleted=0
		Scan Filter Count: 0
	InvokePackagesCallback: 2.754ms
	ApplyChangesToAssetFolders: 0.443ms
	Collect global state as custom dependencies: 7.421ms
	ProcessAssetsWithTransientArtifactChanges: 0.134ms
	CategorizeAssets: 113.516ms
	CompileScripts: 2.976ms
	ImportOutOfDateAssets: 4057.724ms (4053.767ms without children)
		CollectScriptTypesHashes: 1.322ms
		ReloadNativeAssets: 1.935ms
		UnloadImportedAssets: 0.384ms
		EnsureUptoDateAssetsAreRegisteredWithGuidPM: 1.088ms
		ImportSchedulerStart: 0.517ms
	PostProcessAllAssets: 75.951ms
		MonoPostProcessAllAssets: 75.945ms
			UniversalRenderPipelineGlobalSettingsPostprocessor.OnPostprocessAllAssets 38.092ms
			SyncVS.PostprocessSyncProject 8.375ms
			WindowAssetPostprocessingWatcher.OnPostprocessAllAssets 3.878ms
			SpeedTree9Postprocessor.OnPostprocessAllAssets 3.871ms
			RenderPipelineGlobalSettingsPostprocessor.OnPostprocessAllAssets 1.304ms
			ShaderReflectionAssetPostProcessor.OnPostprocessAllAssets 0.924ms
			ConfigAssetsTracker.OnPostprocessAllAssets 0.770ms
			EditModeScopePostprocessor.OnPostprocessAllAssets 0.505ms
			ReferencedClipsPostProcessor.OnPostprocessAllAssets 0.468ms
			TerrainToolbarOverlayPostProcessor.OnPostprocessAllAssets 0.294ms
			SpriteEditorTexturePostprocessor.OnPostprocessAllAssets 0.291ms
			AssetDatabaseCallbacks.OnPostprocessAllAssets 0.262ms
			AssetChangedListener.OnPostprocessAllAssets 0.204ms
			ShaderGraphAssetPostProcessor.OnPostprocessAllAssets 0.096ms
			SpriteShapeAssetPostProcessor.OnPostprocessAllAssets 0.092ms
			AssetPostprocessor.OnPostprocessAllAssets 0.079ms
	GatherAllCurrentPrimaryImportResultRevisions: 0.189ms
	PersistCurrentRevisions: 0.233ms
	GenerateScriptTypeHashes: 5.226ms
	GenerateScriptTypeSerializationHashes: 9.242ms
	Untracked: 1652.288ms

GameManager: DontDestroyOnLoad only works for root GameObjects or components on root GameObjects.
UnityEngine.Debug:ExtractStackTraceNoAlloc (byte*,int,string)
UnityEngine.StackTraceUtility:ExtractStackTrace ()
UnityEngine.Object:DontDestroyOnLoad (UnityEngine.Object)
GameManager:Awake () (at Assets/Scripts/GameManager.cs:21)

[Assets/Scripts/GameManager.cs line 21]

Loaded scene 'Temp/__Backupscenes/0.backup'
	Deserialize:            3.710 ms
	Integration:            727.106 ms
	Integration of assets:  0.005 ms
	Thread Wait Time:       0.075 ms
	Total Operation Time:   730.897 ms
[Licensing::Client] Successfully resolved entitlement details
[Licensing::Client] Successfully resolved entitlement details
Unloading 2 Unused Serialized files (Serialized files now loaded: 0)
Loaded scene 'Temp/__Backupscenes/0.backup'
	Deserialize:            3.121 ms
	Integration:            45.684 ms
	Integration of assets:  0.006 ms
	Thread Wait Time:       0.018 ms
	Total Operation Time:   48.829 ms
Unloading 16 unused Assets / (81.7 KB). Loaded Objects now: 10020.
Memory consumption went from 0.92 GB to 0.92 GB.
Total: 44.141100 ms (FindLiveObjects: 1.740900 ms CreateObjectMapping: 0.631500 ms MarkObjects: 41.318900 ms  DeleteObjects: 0.078400 ms)

SpriteAtlasPacking completed in 0.006857 sec
Reloading assemblies for play mode.
Reloading assemblies after forced synchronous recompile.
[Licensing::Client] Successfully resolved entitlement details
Begin MonoManager ReloadAssembly
Refreshing native plugins compatible for Editor in 3.39 ms, found 5 plugins.
Native extension for WindowsStandalone target not found
Native extension for WebGL target not found
ScheduleIndexationOnStartup MainProcess:True IndexOnStartup:True
[MODES] ModeService[none].Initialize
[MODES] ModeService[none].LoadModes
Scripting: successfully reloaded assembly
- Finished resetting the current domain, in  3.801 seconds
Domain Reload Profiling: 5239ms
	BeginReloadAssembly (857ms)
		DisableScriptedObjects (211ms)
		CreateAndSetChildDomain (362ms)
	RebuildCommonClasses (20ms)
	RebuildNativeTypeToScriptingClass (30ms)
	initialDomainReloadingComplete (89ms)
	LoadAllAssembliesAndSetupDomain (438ms)
		LoadAssemblies (220ms)
		TypeCache.Refresh (10ms)
		AnalyzeDomain (56ms)
			ResolveRequiredComponents (50ms)
	FinalizeReload (3803ms)
		SetupLoadedEditorAssemblies (0ms)
			LogAssemblyErrors (5ms)
			InitializePlatformSupportModulesInManaged (5ms)
			BeforeProcessingInitializeOnLoad (217ms)
			ProcessInitializeOnLoadAttributes (446ms)
			ProcessInitializeOnLoadMethodAttributes (231ms)
			AfterProcessingInitializeOnLoad (8ms)
		AwakeInstancesAfterBackupRestoration (1774ms)

Asset Pipeline Refresh (id=168150a84f04d544491acbeb631a8650): Total: 5.622 seconds - Initiated by StopAssetImportingV2(ForceSynchronousImport | ForceDomainReload)
	(Values over 0.05ms)
	Summary:
		Imports: total=0 (actual=0, local cache=0, cache server=0)
		Asset DB Process Time: managed=0 ms, native=4029 ms
		Asset DB Callback time: managed=67 ms, native=0 ms
		Scripting: domain reloads=1, domain reload time=1520 ms, compile time=3 ms, other=0 ms
		Project Asset Count: scripts=1599, non-scripts=3352
		Asset File Changes: new=0, changed=0, moved=0, deleted=0
		Scan Filter Count: 0
	InvokePackagesCallback: 2.714ms
	ApplyChangesToAssetFolders: 0.864ms
	Collect global state as custom dependencies: 7.613ms
	ProcessAssetsWithTransientArtifactChanges: 0.180ms
	CategorizeAssets: 103.165ms
	CompileScripts: 3.161ms
	ImportOutOfDateAssets: 3820.585ms (3816.151ms without children)
		CollectScriptTypesHashes: 1.453ms
		ReloadNativeAssets: 2.073ms
		UnloadImportedAssets: 0.574ms
		EnsureUptoDateAssetsAreRegisteredWithGuidPM: 1.128ms
		ImportSchedulerStart: 0.629ms
	PostProcessAllAssets: 67.950ms
		MonoPostProcessAllAssets: 67.945ms
			UniversalRenderPipelineGlobalSettingsPostprocessor.OnPostprocessAllAssets 34.377ms
			SyncVS.PostprocessSyncProject 4.818ms
			SpeedTree9Postprocessor.OnPostprocessAllAssets 3.732ms
			WindowAssetPostprocessingWatcher.OnPostprocessAllAssets 3.383ms
			RenderPipelineGlobalSettingsPostprocessor.OnPostprocessAllAssets 1.260ms
			ShaderReflectionAssetPostProcessor.OnPostprocessAllAssets 1.169ms
			ConfigAssetsTracker.OnPostprocessAllAssets 0.770ms
			ReferencedClipsPostProcessor.OnPostprocessAllAssets 0.502ms
			EditModeScopePostprocessor.OnPostprocessAllAssets 0.490ms
			SpriteEditorTexturePostprocessor.OnPostprocessAllAssets 0.291ms
			AssetDatabaseCallbacks.OnPostprocessAllAssets 0.274ms
			TerrainToolbarOverlayPostProcessor.OnPostprocessAllAssets 0.265ms
			AssetChangedListener.OnPostprocessAllAssets 0.204ms
			ShaderGraphAssetPostProcessor.OnPostprocessAllAssets 0.096ms
			SpriteShapeAssetPostProcessor.OnPostprocessAllAssets 0.092ms
			AssetPostprocessor.OnPostprocessAllAssets 0.079ms
	GatherAllCurrentPrimaryImportResultRevisions: 0.172ms
	PersistCurrentRevisions: 0.196ms
	GenerateScriptTypeHashes: 4.953ms
	GenerateScriptTypeSerializationHashes: 8.953ms
	Untracked: 1573.036ms

GameManager: DontDestroyOnLoad only works for root GameObjects or components on root GameObjects.
UnityEngine.Debug:ExtractStackTraceNoAlloc (byte*,int,string)
UnityEngine.StackTraceUtility:ExtractStackTrace ()
UnityEngine.Object:DontDestroyOnLoad (UnityEngine.Object)
GameManager:Awake () (at Assets/Scripts/GameManager.cs:21)

[Assets/Scripts/GameManager.cs line 21]

Loaded scene 'Temp/__Backupscenes/0.backup'
	Deserialize:            5.399 ms
	Integration:            697.694 ms
	Integration of assets:  0.007 ms
	Thread Wait Time:       0.050 ms
	Total Operation Time:   703.151 ms
[Licensing::Client] Successfully resolved entitlement details
[Licensing::Client] Successfully resolved entitlement details
Asset Pipeline Refresh (id=467987efc1908454490ce9f94e13a66c): Total: 0.060 seconds - Initiated by RefreshV2(NoUpdateAssetOptions)
Unloading 0 Unused Serialized files (Serialized files now loaded: 0)
Loaded scene 'Temp/__Backupscenes/0.backup'
	Deserialize:            4.045 ms
	Integration:            42.368 ms
	Integration of assets:  0.005 ms
	Thread Wait Time:       0.022 ms
	Total Operation Time:   46.441 ms
Unloading 16 unused Assets / (238.4 KB). Loaded Objects now: 10024.
Memory consumption went from 0.93 GB to 0.93 GB.
Total: 41.574900 ms (FindLiveObjects: 2.040000 ms CreateObjectMapping: 0.253600 ms MarkObjects: 38.641600 ms  DeleteObjects: 0.275600 ms)

[Licensing::Client] Successfully resolved entitlement details
SpriteAtlasPacking completed in 0.008408 sec
Reloading assemblies for play mode.
Reloading assemblies after forced synchronous recompile.
Begin MonoManager ReloadAssembly
Refreshing native plugins compatible for Editor in 3.65 ms, found 5 plugins.
Native extension for WindowsStandalone target not found
Native extension for WebGL target not found
ScheduleIndexationOnStartup MainProcess:True IndexOnStartup:True
[MODES] ModeService[none].Initialize
[MODES] ModeService[none].LoadModes
Scripting: successfully reloaded assembly
- Finished resetting the current domain, in  3.844 seconds
Domain Reload Profiling: 5423ms
	BeginReloadAssembly (957ms)
		DisableScriptedObjects (254ms)
		CreateAndSetChildDomain (417ms)
	RebuildCommonClasses (27ms)
	RebuildNativeTypeToScriptingClass (33ms)
	initialDomainReloadingComplete (109ms)
	LoadAllAssembliesAndSetupDomain (452ms)
		LoadAssemblies (235ms)
		TypeCache.Refresh (11ms)
		AnalyzeDomain (52ms)
			ResolveRequiredComponents (47ms)
	FinalizeReload (3845ms)
		SetupLoadedEditorAssemblies (0ms)
			LogAssemblyErrors (4ms)
			InitializePlatformSupportModulesInManaged (5ms)
			BeforeProcessingInitializeOnLoad (225ms)
			ProcessInitializeOnLoadAttributes (441ms)
			ProcessInitializeOnLoadMethodAttributes (217ms)
			AfterProcessingInitializeOnLoad (9ms)
			EditorAssembliesLoaded (3ms)
		AwakeInstancesAfterBackupRestoration (1807ms)

Asset Pipeline Refresh (id=c867fbdd8d50ce9469c08664ac63898b): Total: 5.843 seconds - Initiated by StopAssetImportingV2(ForceSynchronousImport | ForceDomainReload)
	(Values over 0.05ms)
	Summary:
		Imports: total=0 (actual=0, local cache=0, cache server=0)
		Asset DB Process Time: managed=0 ms, native=4116 ms
		Asset DB Callback time: managed=66 ms, native=0 ms
		Scripting: domain reloads=1, domain reload time=1656 ms, compile time=4 ms, other=0 ms
		Project Asset Count: scripts=1599, non-scripts=3352
		Asset File Changes: new=0, changed=0, moved=0, deleted=0
		Scan Filter Count: 0
	InvokePackagesCallback: 33.813ms
	ApplyChangesToAssetFolders: 0.530ms
	Collect global state as custom dependencies: 8.993ms
	ProcessAssetsWithTransientArtifactChanges: 0.111ms
	CategorizeAssets: 109.186ms
	CompileScripts: 3.899ms
	ImportOutOfDateAssets: 3863.965ms (3859.413ms without children)
		CollectScriptTypesHashes: 1.481ms
		ReloadNativeAssets: 2.090ms
		UnloadImportedAssets: 0.382ms
		EnsureUptoDateAssetsAreRegisteredWithGuidPM: 1.177ms
		ImportSchedulerStart: 0.872ms
	PostProcessAllAssets: 66.079ms
		MonoPostProcessAllAssets: 66.073ms
			UniversalRenderPipelineGlobalSettingsPostprocessor.OnPostprocessAllAssets 33.581ms
			SyncVS.PostprocessSyncProject 4.891ms
			WindowAssetPostprocessingWatcher.OnPostprocessAllAssets 3.088ms
			SpeedTree9Postprocessor.OnPostprocessAllAssets 2.913ms
			ShaderReflectionAssetPostProcessor.OnPostprocessAllAssets 1.175ms
			RenderPipelineGlobalSettingsPostprocessor.OnPostprocessAllAssets 1.139ms
			ConfigAssetsTracker.OnPostprocessAllAssets 0.770ms
			EditModeScopePostprocessor.OnPostprocessAllAssets 0.509ms
			ReferencedClipsPostProcessor.OnPostprocessAllAssets 0.418ms
			SpriteEditorTexturePostprocessor.OnPostprocessAllAssets 0.291ms
			AssetDatabaseCallbacks.OnPostprocessAllAssets 0.240ms
			TerrainToolbarOverlayPostProcessor.OnPostprocessAllAssets 0.232ms
			AssetChangedListener.OnPostprocessAllAssets 0.204ms
			ShaderGraphAssetPostProcessor.OnPostprocessAllAssets 0.096ms
			SpriteShapeAssetPostProcessor.OnPostprocessAllAssets 0.092ms
			AssetPostprocessor.OnPostprocessAllAssets 0.079ms
	GatherAllCurrentPrimaryImportResultRevisions: 0.199ms
	PersistCurrentRevisions: 0.230ms
	GenerateScriptTypeHashes: 5.441ms
	GenerateScriptTypeSerializationHashes: 9.540ms
	Untracked: 1711.388ms

GameManager: DontDestroyOnLoad only works for root GameObjects or components on root GameObjects.
UnityEngine.Debug:ExtractStackTraceNoAlloc (byte*,int,string)
UnityEngine.StackTraceUtility:ExtractStackTrace ()
UnityEngine.Object:DontDestroyOnLoad (UnityEngine.Object)
GameManager:Awake () (at Assets/Scripts/GameManager.cs:21)

[Assets/Scripts/GameManager.cs line 21]

Loaded scene 'Temp/__Backupscenes/0.backup'
	Deserialize:            5.549 ms
	Integration:            690.936 ms
	Integration of assets:  0.006 ms
	Thread Wait Time:       0.027 ms
	Total Operation Time:   696.519 ms
[Licensing::Client] Successfully resolved entitlement details
[Licensing::Client] Successfully resolved entitlement details
Unloading 2 Unused Serialized files (Serialized files now loaded: 0)
Loaded scene 'Temp/__Backupscenes/0.backup'
	Deserialize:            3.248 ms
	Integration:            31.441 ms
	Integration of assets:  0.003 ms
	Thread Wait Time:       0.034 ms
	Total Operation Time:   34.726 ms
Unloading 16 unused Assets / (67.2 KB). Loaded Objects now: 10026.
Memory consumption went from 0.93 GB to 0.93 GB.
Total: 45.135900 ms (FindLiveObjects: 1.977800 ms CreateObjectMapping: 0.360400 ms MarkObjects: 42.130900 ms  DeleteObjects: 0.244500 ms)

SpriteAtlasPacking completed in 0.008228 sec
Reloading assemblies for play mode.
Reloading assemblies after forced synchronous recompile.
Begin MonoManager ReloadAssembly
Refreshing native plugins compatible for Editor in 3.79 ms, found 5 plugins.
Native extension for WindowsStandalone target not found
Native extension for WebGL target not found
ScheduleIndexationOnStartup MainProcess:True IndexOnStartup:True
[MODES] ModeService[none].Initialize
[MODES] ModeService[none].LoadModes
Scripting: successfully reloaded assembly
- Finished resetting the current domain, in  3.782 seconds
Domain Reload Profiling: 5212ms
	BeginReloadAssembly (848ms)
		DisableScriptedObjects (215ms)
		CreateAndSetChildDomain (363ms)
	RebuildCommonClasses (23ms)
	RebuildNativeTypeToScriptingClass (31ms)
	initialDomainReloadingComplete (109ms)
	LoadAllAssembliesAndSetupDomain (416ms)
		LoadAssemblies (227ms)
		TypeCache.Refresh (10ms)
		AnalyzeDomain (48ms)
			ResolveRequiredComponents (43ms)
	FinalizeReload (3785ms)
		SetupLoadedEditorAssemblies (0ms)
			LogAssemblyErrors (3ms)
			InitializePlatformSupportModulesInManaged (4ms)
			BeforeProcessingInitializeOnLoad (208ms)
			ProcessInitializeOnLoadAttributes (444ms)
			ProcessInitializeOnLoadMethodAttributes (223ms)
			AfterProcessingInitializeOnLoad (8ms)
		AwakeInstancesAfterBackupRestoration (1827ms)

Asset Pipeline Refresh (id=f40b22a4361028744918620808394e37): Total: 5.652 seconds - Initiated by StopAssetImportingV2(ForceSynchronousImport | ForceDomainReload)
	(Values over 0.05ms)
	Summary:
		Imports: total=0 (actual=0, local cache=0, cache server=0)
		Asset DB Process Time: managed=0 ms, native=4077 ms
		Asset DB Callback time: managed=68 ms, native=0 ms
		Scripting: domain reloads=1, domain reload time=1502 ms, compile time=3 ms, other=0 ms
		Project Asset Count: scripts=1599, non-scripts=3352
		Asset File Changes: new=0, changed=0, moved=0, deleted=0
		Scan Filter Count: 0
	InvokePackagesCallback: 2.634ms
	ApplyChangesToAssetFolders: 0.497ms
	Collect global state as custom dependencies: 9.851ms
	ProcessAssetsWithTransientArtifactChanges: 0.210ms
	CategorizeAssets: 122.558ms
	CompileScripts: 2.965ms
	ImportOutOfDateAssets: 3802.924ms (3798.476ms without children)
		CollectScriptTypesHashes: 1.190ms
		ReloadNativeAssets: 2.065ms
		UnloadImportedAssets: 0.395ms
		EnsureUptoDateAssetsAreRegisteredWithGuidPM: 1.293ms
		ImportSchedulerStart: 0.666ms
	PostProcessAllAssets: 68.490ms
		MonoPostProcessAllAssets: 68.484ms
			UniversalRenderPipelineGlobalSettingsPostprocessor.OnPostprocessAllAssets 32.819ms
			SyncVS.PostprocessSyncProject 5.306ms
			SpeedTree9Postprocessor.OnPostprocessAllAssets 3.748ms
			WindowAssetPostprocessingWatcher.OnPostprocessAllAssets 2.914ms
			RenderPipelineGlobalSettingsPostprocessor.OnPostprocessAllAssets 1.405ms
			ShaderReflectionAssetPostProcessor.OnPostprocessAllAssets 0.873ms
			ConfigAssetsTracker.OnPostprocessAllAssets 0.770ms
			ReferencedClipsPostProcessor.OnPostprocessAllAssets 0.631ms
			EditModeScopePostprocessor.OnPostprocessAllAssets 0.460ms
			SpriteEditorTexturePostprocessor.OnPostprocessAllAssets 0.291ms
			AssetDatabaseCallbacks.OnPostprocessAllAssets 0.261ms
			TerrainToolbarOverlayPostProcessor.OnPostprocessAllAssets 0.252ms
			AssetChangedListener.OnPostprocessAllAssets 0.204ms
			ShaderGraphAssetPostProcessor.OnPostprocessAllAssets 0.096ms
			SpriteShapeAssetPostProcessor.OnPostprocessAllAssets 0.092ms
			AssetPostprocessor.OnPostprocessAllAssets 0.079ms
	GatherAllCurrentPrimaryImportResultRevisions: 0.204ms
	PersistCurrentRevisions: 0.223ms
	GenerateScriptTypeHashes: 5.232ms
	GenerateScriptTypeSerializationHashes: 9.362ms
	Untracked: 1556.484ms

GameManager: DontDestroyOnLoad only works for root GameObjects or components on root GameObjects.
UnityEngine.Debug:ExtractStackTraceNoAlloc (byte*,int,string)
UnityEngine.StackTraceUtility:ExtractStackTrace ()
UnityEngine.Object:DontDestroyOnLoad (UnityEngine.Object)
GameManager:Awake () (at Assets/Scripts/GameManager.cs:21)

[Assets/Scripts/GameManager.cs line 21]

Loaded scene 'Temp/__Backupscenes/0.backup'
	Deserialize:            4.186 ms
	Integration:            647.194 ms
	Integration of assets:  0.006 ms
	Thread Wait Time:       0.017 ms
	Total Operation Time:   651.403 ms
[Licensing::Client] Successfully resolved entitlement details
[Licensing::Client] Successfully resolved entitlement details
Asset Pipeline Refresh (id=6e32ebfde9d3a1045904daee294a5d86): Total: 0.017 seconds - Initiated by RefreshV2(NoUpdateAssetOptions)
Asset Pipeline Refresh (id=c7ac9de5f7e6da940922ccaa5895b291): Total: 0.005 seconds - Initiated by RefreshV2(NoUpdateAssetOptions)
Unloading 0 Unused Serialized files (Serialized files now loaded: 0)
Loaded scene 'Temp/__Backupscenes/0.backup'
	Deserialize:            2.777 ms
	Integration:            42.447 ms
	Integration of assets:  0.004 ms
	Thread Wait Time:       0.081 ms
	Total Operation Time:   45.310 ms
Unloading 16 unused Assets / (78.8 KB). Loaded Objects now: 10032.
Memory consumption went from 0.94 GB to 0.94 GB.
Total: 44.510300 ms (FindLiveObjects: 1.781800 ms CreateObjectMapping: 0.291400 ms MarkObjects: 41.979100 ms  DeleteObjects: 0.090900 ms)

[Licensing::Client] Successfully resolved entitlement details
SpriteAtlasPacking completed in 0.007894 sec
Reloading assemblies for play mode.
Reloading assemblies after forced synchronous recompile.
Begin MonoManager ReloadAssembly
Refreshing native plugins compatible for Editor in 3.26 ms, found 5 plugins.
Native extension for WindowsStandalone target not found
Native extension for WebGL target not found
ScheduleIndexationOnStartup MainProcess:True IndexOnStartup:True
[MODES] ModeService[none].Initialize
[MODES] ModeService[none].LoadModes
Scripting: successfully reloaded assembly
- Finished resetting the current domain, in  4.036 seconds
Domain Reload Profiling: 5535ms
	BeginReloadAssembly (887ms)
		DisableScriptedObjects (252ms)
		CreateAndSetChildDomain (341ms)
	RebuildCommonClasses (27ms)
	RebuildNativeTypeToScriptingClass (31ms)
	initialDomainReloadingComplete (95ms)
	LoadAllAssembliesAndSetupDomain (457ms)
		LoadAssemblies (228ms)
		TypeCache.Refresh (10ms)
		AnalyzeDomain (58ms)
			ResolveRequiredComponents (52ms)
	FinalizeReload (4038ms)
		SetupLoadedEditorAssemblies (0ms)
			LogAssemblyErrors (3ms)
			InitializePlatformSupportModulesInManaged (4ms)
			BeforeProcessingInitializeOnLoad (209ms)
			ProcessInitializeOnLoadAttributes (463ms)
			ProcessInitializeOnLoadMethodAttributes (221ms)
			AfterProcessingInitializeOnLoad (9ms)
			EditorAssembliesLoaded (3ms)
		AwakeInstancesAfterBackupRestoration (1961ms)

Asset Pipeline Refresh (id=0df161a17e044ca46b05a755d8e1741a): Total: 5.939 seconds - Initiated by StopAssetImportingV2(ForceSynchronousImport | ForceDomainReload)
	(Values over 0.05ms)
	Summary:
		Imports: total=0 (actual=0, local cache=0, cache server=0)
		Asset DB Process Time: managed=0 ms, native=4289 ms
		Asset DB Callback time: managed=70 ms, native=0 ms
		Scripting: domain reloads=1, domain reload time=1574 ms, compile time=3 ms, other=0 ms
		Project Asset Count: scripts=1599, non-scripts=3352
		Asset File Changes: new=0, changed=0, moved=0, deleted=0
		Scan Filter Count: 0
	InvokePackagesCallback: 2.783ms
	ApplyChangesToAssetFolders: 0.451ms
	Collect global state as custom dependencies: 7.858ms
	ProcessAssetsWithTransientArtifactChanges: 0.141ms
	CategorizeAssets: 121.013ms
	CompileScripts: 2.985ms
	ImportOutOfDateAssets: 4056.393ms (4051.439ms without children)
		CollectScriptTypesHashes: 1.225ms
		ReloadNativeAssets: 2.581ms
		UnloadImportedAssets: 0.384ms
		EnsureUptoDateAssetsAreRegisteredWithGuidPM: 1.330ms
		ImportSchedulerStart: 0.631ms
	PostProcessAllAssets: 70.949ms
		MonoPostProcessAllAssets: 70.941ms
			UniversalRenderPipelineGlobalSettingsPostprocessor.OnPostprocessAllAssets 36.252ms
			SyncVS.PostprocessSyncProject 5.273ms
			SpeedTree9Postprocessor.OnPostprocessAllAssets 3.634ms
			WindowAssetPostprocessingWatcher.OnPostprocessAllAssets 3.367ms
			RenderPipelineGlobalSettingsPostprocessor.OnPostprocessAllAssets 1.505ms
			ShaderReflectionAssetPostProcessor.OnPostprocessAllAssets 1.198ms
			ConfigAssetsTracker.OnPostprocessAllAssets 0.770ms
			EditModeScopePostprocessor.OnPostprocessAllAssets 0.673ms
			ReferencedClipsPostProcessor.OnPostprocessAllAssets 0.614ms
			AssetDatabaseCallbacks.OnPostprocessAllAssets 0.383ms
			TerrainToolbarOverlayPostProcessor.OnPostprocessAllAssets 0.317ms
			SpriteEditorTexturePostprocessor.OnPostprocessAllAssets 0.291ms
			AssetChangedListener.OnPostprocessAllAssets 0.204ms
			ShaderGraphAssetPostProcessor.OnPostprocessAllAssets 0.096ms
			SpriteShapeAssetPostProcessor.OnPostprocessAllAssets 0.092ms
			AssetPostprocessor.OnPostprocessAllAssets 0.079ms
	GatherAllCurrentPrimaryImportResultRevisions: 0.174ms
	PersistCurrentRevisions: 0.191ms
	GenerateScriptTypeHashes: 6.092ms
	GenerateScriptTypeSerializationHashes: 10.823ms
	Untracked: 1629.967ms

GameManager: DontDestroyOnLoad only works for root GameObjects or components on root GameObjects.
UnityEngine.Debug:ExtractStackTraceNoAlloc (byte*,int,string)
UnityEngine.StackTraceUtility:ExtractStackTrace ()
UnityEngine.Object:DontDestroyOnLoad (UnityEngine.Object)
GameManager:Awake () (at Assets/Scripts/GameManager.cs:21)

[Assets/Scripts/GameManager.cs line 21]

Loaded scene 'Temp/__Backupscenes/0.backup'
	Deserialize:            3.911 ms
	Integration:            698.988 ms
	Integration of assets:  0.004 ms
	Thread Wait Time:       0.019 ms
	Total Operation Time:   702.923 ms
[Licensing::Client] Successfully resolved entitlement details
[Licensing::Client] Successfully resolved entitlement details
Unloading 2 Unused Serialized files (Serialized files now loaded: 0)
Loaded scene 'Temp/__Backupscenes/0.backup'
	Deserialize:            3.116 ms
	Integration:            32.581 ms
	Integration of assets:  0.008 ms
	Thread Wait Time:       0.073 ms
	Total Operation Time:   35.778 ms
Unloading 16 unused Assets / (47.9 KB). Loaded Objects now: 10036.
Memory consumption went from 0.94 GB to 0.94 GB.
Total: 47.086500 ms (FindLiveObjects: 1.947400 ms CreateObjectMapping: 0.985700 ms MarkObjects: 43.665100 ms  DeleteObjects: 0.092800 ms)

SpriteAtlasPacking completed in 0.006880 sec
Reloading assemblies for play mode.
Reloading assemblies after forced synchronous recompile.
[Licensing::Client] Successfully resolved entitlement details
Begin MonoManager ReloadAssembly
Refreshing native plugins compatible for Editor in 3.61 ms, found 5 plugins.
Native extension for WindowsStandalone target not found
Native extension for WebGL target not found
ScheduleIndexationOnStartup MainProcess:True IndexOnStartup:True
[MODES] ModeService[none].Initialize
[MODES] ModeService[none].LoadModes
Scripting: successfully reloaded assembly
- Finished resetting the current domain, in  4.053 seconds
Domain Reload Profiling: 5489ms
	BeginReloadAssembly (865ms)
		DisableScriptedObjects (200ms)
		CreateAndSetChildDomain (389ms)
	RebuildCommonClasses (24ms)
	RebuildNativeTypeToScriptingClass (44ms)
	initialDomainReloadingComplete (102ms)
	LoadAllAssembliesAndSetupDomain (398ms)
		LoadAssemblies (225ms)
		TypeCache.Refresh (10ms)
		AnalyzeDomain (48ms)
			ResolveRequiredComponents (42ms)
	FinalizeReload (4055ms)
		SetupLoadedEditorAssemblies (0ms)
			LogAssemblyErrors (3ms)
			InitializePlatformSupportModulesInManaged (6ms)
			BeforeProcessingInitializeOnLoad (219ms)
			ProcessInitializeOnLoadAttributes (487ms)
			ProcessInitializeOnLoadMethodAttributes (201ms)
			AfterProcessingInitializeOnLoad (8ms)
		AwakeInstancesAfterBackupRestoration (1995ms)

Asset Pipeline Refresh (id=a7936167028f7d641875b29a9953a037): Total: 5.978 seconds - Initiated by StopAssetImportingV2(ForceSynchronousImport | ForceDomainReload)
	(Values over 0.05ms)
	Summary:
		Imports: total=0 (actual=0, local cache=0, cache server=0)
		Asset DB Process Time: managed=0 ms, native=4383 ms
		Asset DB Callback time: managed=68 ms, native=0 ms
		Scripting: domain reloads=1, domain reload time=1521 ms, compile time=4 ms, other=0 ms
		Project Asset Count: scripts=1599, non-scripts=3352
		Asset File Changes: new=0, changed=0, moved=0, deleted=0
		Scan Filter Count: 0
	InvokePackagesCallback: 3.209ms
	ApplyChangesToAssetFolders: 0.616ms
	Collect global state as custom dependencies: 8.637ms
	ProcessAssetsWithTransientArtifactChanges: 0.288ms
	CategorizeAssets: 107.837ms
	CompileScripts: 3.981ms
	ImportOutOfDateAssets: 4074.570ms (4069.834ms without children)
		CollectScriptTypesHashes: 1.304ms
		ReloadNativeAssets: 2.350ms
		UnloadImportedAssets: 0.499ms
		EnsureUptoDateAssetsAreRegisteredWithGuidPM: 1.280ms
		ImportSchedulerStart: 0.548ms
	PostProcessAllAssets: 68.404ms
		MonoPostProcessAllAssets: 68.395ms
			UniversalRenderPipelineGlobalSettingsPostprocessor.OnPostprocessAllAssets 32.834ms
			SyncVS.PostprocessSyncProject 5.026ms
			WindowAssetPostprocessingWatcher.OnPostprocessAllAssets 3.470ms
			SpeedTree9Postprocessor.OnPostprocessAllAssets 3.300ms
			RenderPipelineGlobalSettingsPostprocessor.OnPostprocessAllAssets 1.303ms
			ShaderReflectionAssetPostProcessor.OnPostprocessAllAssets 1.000ms
			ConfigAssetsTracker.OnPostprocessAllAssets 0.770ms
			ReferencedClipsPostProcessor.OnPostprocessAllAssets 0.619ms
			EditModeScopePostprocessor.OnPostprocessAllAssets 0.554ms
			AssetDatabaseCallbacks.OnPostprocessAllAssets 0.294ms
			SpriteEditorTexturePostprocessor.OnPostprocessAllAssets 0.291ms
			TerrainToolbarOverlayPostProcessor.OnPostprocessAllAssets 0.256ms
			AssetChangedListener.OnPostprocessAllAssets 0.204ms
			ShaderGraphAssetPostProcessor.OnPostprocessAllAssets 0.096ms
			SpriteShapeAssetPostProcessor.OnPostprocessAllAssets 0.092ms
			AssetPostprocessor.OnPostprocessAllAssets 0.079ms
	GatherAllCurrentPrimaryImportResultRevisions: 0.236ms
	UnloadStreamsBegin: 2.920ms
	PersistCurrentRevisions: 0.220ms
	GenerateScriptTypeHashes: 6.028ms
	GenerateScriptTypeSerializationHashes: 10.855ms
	Untracked: 1579.006ms

GameManager: DontDestroyOnLoad only works for root GameObjects or components on root GameObjects.
UnityEngine.Debug:ExtractStackTraceNoAlloc (byte*,int,string)
UnityEngine.StackTraceUtility:ExtractStackTrace ()
UnityEngine.Object:DontDestroyOnLoad (UnityEngine.Object)
GameManager:Awake () (at Assets/Scripts/GameManager.cs:21)

[Assets/Scripts/GameManager.cs line 21]

Loaded scene 'Temp/__Backupscenes/0.backup'
	Deserialize:            4.331 ms
	Integration:            605.889 ms
	Integration of assets:  0.004 ms
	Thread Wait Time:       0.036 ms
	Total Operation Time:   610.261 ms
[Licensing::Client] Successfully resolved entitlement details
[Licensing::Client] Successfully resolved entitlement details
Unloading 2 Unused Serialized files (Serialized files now loaded: 0)
Loaded scene 'Temp/__Backupscenes/0.backup'
	Deserialize:            2.755 ms
	Integration:            41.089 ms
	Integration of assets:  0.003 ms
	Thread Wait Time:       0.033 ms
	Total Operation Time:   43.880 ms
Unloading 16 unused Assets / (232.2 KB). Loaded Objects now: 10044.
Memory consumption went from 0.95 GB to 0.95 GB.
Total: 39.963000 ms (FindLiveObjects: 1.792900 ms CreateObjectMapping: 0.387700 ms MarkObjects: 37.286400 ms  DeleteObjects: 0.107700 ms)

[Licensing::Client] Successfully resolved entitlement details
Asset Pipeline Refresh (id=9b83f25565f202f498609be078e03887): Total: 0.024 seconds - Initiated by RefreshV2(AllowForceSynchronousImport)
SpriteAtlasPacking completed in 0.007544 sec
Reloading assemblies for play mode.
Reloading assemblies after forced synchronous recompile.
Begin MonoManager ReloadAssembly
[Licensing::Client] Successfully resolved entitlement details
Refreshing native plugins compatible for Editor in 3.33 ms, found 5 plugins.
Native extension for WindowsStandalone target not found
Native extension for WebGL target not found
ScheduleIndexationOnStartup MainProcess:True IndexOnStartup:True
[MODES] ModeService[none].Initialize
[MODES] ModeService[none].LoadModes
Scripting: successfully reloaded assembly
- Finished resetting the current domain, in  3.910 seconds
Domain Reload Profiling: 5410ms
	BeginReloadAssembly (897ms)
		DisableScriptedObjects (245ms)
		CreateAndSetChildDomain (369ms)
	RebuildCommonClasses (22ms)
	RebuildNativeTypeToScriptingClass (33ms)
	initialDomainReloadingComplete (109ms)
	LoadAllAssembliesAndSetupDomain (437ms)
		LoadAssemblies (227ms)
		TypeCache.Refresh (10ms)
		AnalyzeDomain (50ms)
			ResolveRequiredComponents (45ms)
	FinalizeReload (3912ms)
		SetupLoadedEditorAssemblies (0ms)
			LogAssemblyErrors (5ms)
			InitializePlatformSupportModulesInManaged (4ms)
			BeforeProcessingInitializeOnLoad (229ms)
			ProcessInitializeOnLoadAttributes (470ms)
			ProcessInitializeOnLoadMethodAttributes (218ms)
			AfterProcessingInitializeOnLoad (12ms)
		AwakeInstancesAfterBackupRestoration (1831ms)

Asset Pipeline Refresh (id=b74f2747066ebb340aa1034afb288b51): Total: 5.797 seconds - Initiated by StopAssetImportingV2(ForceSynchronousImport | ForceDomainReload)
	(Values over 0.05ms)
	Summary:
		Imports: total=0 (actual=0, local cache=0, cache server=0)
		Asset DB Process Time: managed=0 ms, native=4140 ms
		Asset DB Callback time: managed=83 ms, native=0 ms
		Scripting: domain reloads=1, domain reload time=1568 ms, compile time=3 ms, other=0 ms
		Project Asset Count: scripts=1599, non-scripts=3352
		Asset File Changes: new=0, changed=0, moved=0, deleted=0
		Scan Filter Count: 0
	InvokePackagesCallback: 3.048ms
	ApplyChangesToAssetFolders: 0.473ms
	Collect global state as custom dependencies: 7.204ms
	ProcessAssetsWithTransientArtifactChanges: 0.240ms
	CategorizeAssets: 105.386ms
	CompileScripts: 3.082ms
	ImportOutOfDateAssets: 3929.207ms (3924.607ms without children)
		CollectScriptTypesHashes: 1.292ms
		ReloadNativeAssets: 2.133ms
		UnloadImportedAssets: 0.401ms
		EnsureUptoDateAssetsAreRegisteredWithGuidPM: 1.285ms
		ImportSchedulerStart: 0.752ms
	PostProcessAllAssets: 83.966ms
		MonoPostProcessAllAssets: 83.957ms
			UniversalRenderPipelineGlobalSettingsPostprocessor.OnPostprocessAllAssets 43.078ms
			SyncVS.PostprocessSyncProject 7.309ms
			SpeedTree9Postprocessor.OnPostprocessAllAssets 4.521ms
			WindowAssetPostprocessingWatcher.OnPostprocessAllAssets 3.817ms
			ShaderReflectionAssetPostProcessor.OnPostprocessAllAssets 1.316ms
			RenderPipelineGlobalSettingsPostprocessor.OnPostprocessAllAssets 1.313ms
			ConfigAssetsTracker.OnPostprocessAllAssets 0.770ms
			EditModeScopePostprocessor.OnPostprocessAllAssets 0.702ms
			TerrainToolbarOverlayPostProcessor.OnPostprocessAllAssets 0.527ms
			ReferencedClipsPostProcessor.OnPostprocessAllAssets 0.501ms
			SpriteEditorTexturePostprocessor.OnPostprocessAllAssets 0.291ms
			AssetDatabaseCallbacks.OnPostprocessAllAssets 0.272ms
			AssetChangedListener.OnPostprocessAllAssets 0.204ms
			ShaderGraphAssetPostProcessor.OnPostprocessAllAssets 0.096ms
			SpriteShapeAssetPostProcessor.OnPostprocessAllAssets 0.092ms
			AssetPostprocessor.OnPostprocessAllAssets 0.079ms
	GatherAllCurrentPrimaryImportResultRevisions: 0.197ms
	UnloadStreamsBegin: 0.110ms
	PersistCurrentRevisions: 0.201ms
	GenerateScriptTypeHashes: 4.864ms
	GenerateScriptTypeSerializationHashes: 8.838ms
	Untracked: 1623.675ms

GameManager: DontDestroyOnLoad only works for root GameObjects or components on root GameObjects.
UnityEngine.Debug:ExtractStackTraceNoAlloc (byte*,int,string)
UnityEngine.StackTraceUtility:ExtractStackTrace ()
UnityEngine.Object:DontDestroyOnLoad (UnityEngine.Object)
GameManager:Awake () (at Assets/Scripts/GameManager.cs:21)

[Assets/Scripts/GameManager.cs line 21]

Loaded scene 'Temp/__Backupscenes/0.backup'
	Deserialize:            5.630 ms
	Integration:            816.965 ms
	Integration of assets:  0.002 ms
	Thread Wait Time:       0.032 ms
	Total Operation Time:   822.629 ms
[Licensing::Client] Successfully resolved entitlement details
[Licensing::Client] Successfully resolved entitlement details
Asset Pipeline Refresh (id=8ceea0a642eee1f44929993a3bb310e7): Total: 0.019 seconds - Initiated by RefreshV2(NoUpdateAssetOptions)
Asset Pipeline Refresh (id=efdf3a67e3bca3341bff0b039a35d9f3): Total: 0.005 seconds - Initiated by RefreshV2(NoUpdateAssetOptions)
Unloading 0 Unused Serialized files (Serialized files now loaded: 0)
Loaded scene 'Temp/__Backupscenes/0.backup'
	Deserialize:            2.992 ms
	Integration:            32.367 ms
	Integration of assets:  0.005 ms
	Thread Wait Time:       0.039 ms
	Total Operation Time:   35.403 ms
Unloading 27 unused Assets / (389.1 KB). Loaded Objects now: 10042.
Memory consumption went from 0.96 GB to 0.96 GB.
Total: 43.944700 ms (FindLiveObjects: 2.049100 ms CreateObjectMapping: 0.309600 ms MarkObjects: 40.947300 ms  DeleteObjects: 0.174000 ms)

[Licensing::Client] Successfully resolved entitlement details
Asset Pipeline Refresh (id=53351afda0ead774998c991e7bee5e29): Total: 0.024 seconds - Initiated by RefreshV2(AllowForceSynchronousImport)
Asset Pipeline Refresh (id=dccaa83b2d7dc8a418128b6ef8a4cba6): Total: 0.006 seconds - Initiated by RefreshV2(AllowForceSynchronousImport)
Asset Pipeline Refresh (id=79886cb27f250f44cbd0135683f3edb9): Total: 0.006 seconds - Initiated by RefreshV2(AllowForceSynchronousImport)
Asset Pipeline Refresh (id=4beb8c479a6cdf44586b0ed3ada2057d): Total: 0.007 seconds - Initiated by RefreshV2(AllowForceSynchronousImport)
Asset Pipeline Refresh (id=dd9947a490a0432469a2101545dfc263): Total: 0.006 seconds - Initiated by RefreshV2(AllowForceSynchronousImport)
SpriteAtlasPacking completed in 0.007515 sec
Reloading assemblies for play mode.
Reloading assemblies after forced synchronous recompile.
[Licensing::Client] Successfully resolved entitlement details
Begin MonoManager ReloadAssembly
Refreshing native plugins compatible for Editor in 3.17 ms, found 5 plugins.
Native extension for WindowsStandalone target not found
Native extension for WebGL target not found
ScheduleIndexationOnStartup MainProcess:True IndexOnStartup:True
[MODES] ModeService[none].Initialize
[MODES] ModeService[none].LoadModes
Scripting: successfully reloaded assembly
- Finished resetting the current domain, in  4.374 seconds
Domain Reload Profiling: 5766ms
	BeginReloadAssembly (816ms)
		DisableScriptedObjects (253ms)
		CreateAndSetChildDomain (298ms)
	RebuildCommonClasses (25ms)
	RebuildNativeTypeToScriptingClass (33ms)
	initialDomainReloadingComplete (89ms)
	LoadAllAssembliesAndSetupDomain (427ms)
		LoadAssemblies (218ms)
		TypeCache.Refresh (10ms)
		AnalyzeDomain (55ms)
			ResolveRequiredComponents (48ms)
	FinalizeReload (4376ms)
		SetupLoadedEditorAssemblies (0ms)
			LogAssemblyErrors (3ms)
			InitializePlatformSupportModulesInManaged (4ms)
			BeforeProcessingInitializeOnLoad (227ms)
			ProcessInitializeOnLoadAttributes (490ms)
			ProcessInitializeOnLoadMethodAttributes (205ms)
			AfterProcessingInitializeOnLoad (8ms)
		AwakeInstancesAfterBackupRestoration (2200ms)

Asset Pipeline Refresh (id=7b73675a7b1de53428b7215eda5d40c2): Total: 6.269 seconds - Initiated by StopAssetImportingV2(ForceSynchronousImport | ForceDomainReload)
	(Values over 0.05ms)
	Summary:
		Imports: total=0 (actual=0, local cache=0, cache server=0)
		Asset DB Process Time: managed=0 ms, native=4720 ms
		Asset DB Callback time: managed=75 ms, native=0 ms
		Scripting: domain reloads=1, domain reload time=1469 ms, compile time=3 ms, other=0 ms
		Project Asset Count: scripts=1599, non-scripts=3352
		Asset File Changes: new=0, changed=0, moved=0, deleted=0
		Scan Filter Count: 0
	InvokePackagesCallback: 3.664ms
	ApplyChangesToAssetFolders: 0.784ms
	Collect global state as custom dependencies: 11.557ms
	ProcessAssetsWithTransientArtifactChanges: 0.170ms
	CategorizeAssets: 123.157ms
	CompileScripts: 3.185ms
	ImportOutOfDateAssets: 4394.746ms (4390.050ms without children)
		CollectScriptTypesHashes: 1.358ms
		ReloadNativeAssets: 2.327ms
		UnloadImportedAssets: 0.417ms
		EnsureUptoDateAssetsAreRegisteredWithGuidPM: 1.298ms
		ImportSchedulerStart: 0.595ms
	PostProcessAllAssets: 75.161ms
		MonoPostProcessAllAssets: 75.154ms
			UniversalRenderPipelineGlobalSettingsPostprocessor.OnPostprocessAllAssets 40.715ms
			SyncVS.PostprocessSyncProject 5.372ms
			WindowAssetPostprocessingWatcher.OnPostprocessAllAssets 4.488ms
			SpeedTree9Postprocessor.OnPostprocessAllAssets 3.425ms
			RenderPipelineGlobalSettingsPostprocessor.OnPostprocessAllAssets 1.169ms
			ShaderReflectionAssetPostProcessor.OnPostprocessAllAssets 0.915ms
			ConfigAssetsTracker.OnPostprocessAllAssets 0.770ms
			EditModeScopePostprocessor.OnPostprocessAllAssets 0.585ms
			ReferencedClipsPostProcessor.OnPostprocessAllAssets 0.415ms
			TerrainToolbarOverlayPostProcessor.OnPostprocessAllAssets 0.341ms
			SpriteEditorTexturePostprocessor.OnPostprocessAllAssets 0.291ms
			AssetDatabaseCallbacks.OnPostprocessAllAssets 0.253ms
			AssetChangedListener.OnPostprocessAllAssets 0.204ms
			ShaderGraphAssetPostProcessor.OnPostprocessAllAssets 0.096ms
			SpriteShapeAssetPostProcessor.OnPostprocessAllAssets 0.092ms
			AssetPostprocessor.OnPostprocessAllAssets 0.079ms
	GatherAllCurrentPrimaryImportResultRevisions: 0.219ms
	UnloadStreamsBegin: 2.627ms
	PersistCurrentRevisions: 0.190ms
	GenerateScriptTypeHashes: 5.500ms
	GenerateScriptTypeSerializationHashes: 9.569ms
	Untracked: 1565.043ms

GameManager: DontDestroyOnLoad only works for root GameObjects or components on root GameObjects.
UnityEngine.Debug:ExtractStackTraceNoAlloc (byte*,int,string)
UnityEngine.StackTraceUtility:ExtractStackTrace ()
UnityEngine.Object:DontDestroyOnLoad (UnityEngine.Object)
GameManager:Awake () (at Assets/Scripts/GameManager.cs:21)

[Assets/Scripts/GameManager.cs line 21]

Loaded scene 'Temp/__Backupscenes/0.backup'
	Deserialize:            4.333 ms
	Integration:            644.263 ms
	Integration of assets:  0.007 ms
	Thread Wait Time:       0.023 ms
	Total Operation Time:   648.625 ms
[Licensing::Client] Successfully resolved entitlement details
[Licensing::Client] Successfully resolved entitlement details
Unloading 2 Unused Serialized files (Serialized files now loaded: 0)
Loaded scene 'Temp/__Backupscenes/0.backup'
	Deserialize:            2.793 ms
	Integration:            41.374 ms
	Integration of assets:  0.004 ms
	Thread Wait Time:       0.028 ms
	Total Operation Time:   44.198 ms
Unloading 16 unused Assets / (211.7 KB). Loaded Objects now: 10057.
Memory consumption went from 0.97 GB to 0.97 GB.
Total: 39.474200 ms (FindLiveObjects: 1.719300 ms CreateObjectMapping: 0.243800 ms MarkObjects: 37.068700 ms  DeleteObjects: 0.056200 ms)

[Licensing::Client] Successfully resolved entitlement details
Asset Pipeline Refresh (id=fce35202976a18a4da00b4c8cbd5b82f): Total: 0.023 seconds - Initiated by RefreshV2(AllowForceSynchronousImport)
Asset Pipeline Refresh (id=68d90ba8a8376ac43ad427a7f2f4a88d): Total: 0.010 seconds - Initiated by RefreshV2(AllowForceSynchronousImport)
Asset Pipeline Refresh (id=82abd84eaa966124a877bc46d4b8abeb): Total: 0.008 seconds - Initiated by RefreshV2(AllowForceSynchronousImport)
Asset Pipeline Refresh (id=15c700992e00c974b9f39529f9eaf3ae): Total: 0.006 seconds - Initiated by RefreshV2(AllowForceSynchronousImport)
Asset Pipeline Refresh (id=7e1c419330e20784c8f648344463051a): Total: 0.007 seconds - Initiated by RefreshV2(AllowForceSynchronousImport)
Asset Pipeline Refresh (id=68ba7e3c59dee664da2169f32befc951): Total: 0.007 seconds - Initiated by RefreshV2(AllowForceSynchronousImport)
Asset Pipeline Refresh (id=352348f69a75120408f825213a66e6ed): Total: 0.007 seconds - Initiated by RefreshV2(AllowForceSynchronousImport)
Asset Pipeline Refresh (id=5c6c5630822a9034c9e6e09510e40222): Total: 0.008 seconds - Initiated by RefreshV2(AllowForceSynchronousImport)
Asset Pipeline Refresh (id=9d8ab507f645e974a8aa7691979e1092): Total: 0.007 seconds - Initiated by RefreshV2(AllowForceSynchronousImport)
Asset Pipeline Refresh (id=a4833445c3e14584398243420ece4177): Total: 0.005 seconds - Initiated by RefreshV2(AllowForceSynchronousImport)
Asset Pipeline Refresh (id=be8419fb9a445b84db886acb8924b02c): Total: 0.006 seconds - Initiated by RefreshV2(AllowForceSynchronousImport)
Asset Pipeline Refresh (id=48da570fb962b74448b5e82f75f3d522): Total: 0.006 seconds - Initiated by RefreshV2(AllowForceSynchronousImport)
[Licensing::Client] Successfully resolved entitlement details
[Licensing::Client] Successfully updated the access token
[Licensing::Module] Successfully updated access token: "6SxNJnUS"... (expires: 2026-09-29T22:11:07Z)
[Licensing::Client] Successfully resolved entitlement details
[Licensing::Client] Successfully resolved entitlement details
[Licensing::Client] Successfully resolved entitlement details
Asset Pipeline Refresh (id=b06add19a69d2de49a217147b7d4515a): Total: 0.010 seconds - Initiated by RefreshV2(AllowForceSynchronousImport)
Importing 'GUID: 00000000000000009000000000000000 - Path: ProjectSettings/QualitySettings.asset' with importer (LibraryAssetImporter)
Imported 'GUID: 00000000000000009000000000000000' -> (Import Result ID: 'f6d9807f5a163deedff783a4fc1e178c') in 0.016 seconds [static dependencies only]. Details - ImportResultOutputID=2a108b3da874f726c62fbe5f12be4a8a DependenciesID=67d22d37087e60bbc8860396c8d3a223 StaticDependenciesID=4bc5a929c2caa02ac266bd9f39841a3f 
Refreshing native plugins compatible for Editor in 3.70 ms, found 5 plugins.
Asset Pipeline Refresh (id=fc0139fa27b0ef245a701d8c8072de77): Total: 0.149 seconds - Initiated by StopAssetImportingV2(NoUpdateAssetOptions)
Importing 'GUID: e318819094e537844a397e8d35f22cb0 - Path: Assets/Scenes/Level1.unity' with importer (DefaultImporter)
Imported 'GUID: e318819094e537844a397e8d35f22cb0' -> (Import Result ID: 'f723c19cacb7ead706460b5e6ad3393d') in 0.003 seconds [static dependencies only]. Details - ImportResultOutputID=842c84574b74a184ac2334704fde606c DependenciesID=106a4b3d6891817dd4ad544620398c7d StaticDependenciesID=50dc894eea38e062a2e73039fe19037b 
Refreshing native plugins compatible for Editor in 2.86 ms, found 5 plugins.
Asset Pipeline Refresh (id=d9b9e86d1b24a344cb475accdde21872): Total: 0.079 seconds - Initiated by StopAssetImportingV2(NoUpdateAssetOptions)
MonoPathRemapper: Attempts to remap: 155591; Successful remaps: 140
Serialized file version minimum: 22, current 23
[LAYOUT] About to save layout C:\Users\Admin\Documents\Trabalho IPS\Desin de programacao de jogo\DPJ_Lab01\DPJ_Lab01_Base\UserSettings\Layouts\default-6000.dwlt
[LAYOUT] About to save layout C:/Users/Admin/AppData/Roaming/Unity/Editor-5.x/Preferences\Layouts\current\default-6000.dwlt
[Physics::Module] Cleanup current backend.
[Physics::Module] Id: 0xf2b8ea05
Input System module state changed to: ShutdownInProgress.
Input Polling Thread exited.
Input System module state changed to: Shutdown.
[Licensing::IpcConnector] LicenseClient-Admin-notifications channel disconnected successfully.
[Licensing::IpcConnector] LicenseClient-Admin channel disconnected successfully.
Lingering sessions upon destruction of worker manager
Unity Data Store service was successfully shut down
UDS shutting down local client system
Shut down UDS service system complete
AcceleratorClientConnectionCallback - disconnected - :0
Cleanup mono
CodeReloadManager destroyed
abort_threads: Failed aborting id: 00000000000074A8, mono_thread_manage will ignore it

abort_threads: Failed aborting id: 0000000000005A38, mono_thread_manage will ignore it

abort_threads: Failed aborting id: 00000000000074A8, mono_thread_manage will ignore it

abort_threads: Failed aborting id: 0000000000005A38, mono_thread_manage will ignore it

debugger-agent: Unable to listen on 3964
Checking for leaked weakptr:
  Found no leaked weakptrs.
[Package Manager] Server process was shutdown
##utp:{"type":"MemoryLeaks","version":2,"phase":"Immediate","time":1790713173284,"processId":21412,"allocatedMemory":21179438,"memoryLabels":[{"Default":288005},{"Permanent":15516},{"NewDelete":114601},{"Thread":4197984},{"Manager":820509},{"VertexData":8},{"Geometry":816},{"Texture":24},{"Shader":863500},{"Material":68},{"GfxDevice":55968},{"Animation":952},{"FreeType":8},{"FontEngine":736},{"Physics":1970},{"Physics2D":16},{"Serialization":232288},{"Input":42840},{"JobScheduler":256},{"TextLib":19030},{"Mono":48},{"MonoCode":5184},{"ScriptingNativeRuntime":1711584},{"BaseObject":49424},{"Resource":1252},{"Renderer":2376},{"Transform":4685},{"File":19273},{"WebCam":616},{"Culling":32},{"Terrain":11442},{"Wind":24},{"STL":40},{"String":2224214},{"StaticString":3808},{"Utility":2674525},{"Curl":48},{"PoolAlloc":2408},{"AI":80},{"TypeTree":2036691},{"ScriptManager":322728},{"CodeReload":448},{"RuntimeInitializeOnLoadManager":64},{"Sprites":102},{"SpriteAtlas":120},{"GI":7816},{"Director":8296},{"CloudService":14640},{"WebRequest":5554},{"VR":49650},{"SceneManager":608},{"Video":208},{"LazyScriptCache":32},{"Camera":729},{"Secure":265},{"SerializationCache":9256},{"APIUpdating":10320},{"Subsystems":336},{"VirtualTexturing":57888},{"StaticSafetyDebugInfo":278528},{"Analytics":768},{"Hierarchy":1188},{"UIElements":40},{"CoreStats":14456},{"Identifiers":7152},{"Gui":485},{"EditorUtility":164467},{"VersionControl":8},{"Undo":931},{"AssetDatabase":4972850},{"AssetImporter":40},{"EditorGi":328},{"UnityConnect":36881},{"Upm":1988},{"UpmDiagnostics":8},{"AssetCompliance":96},{"DrivenProperties":72},{"LocalIPC":260},{"ProfilerEditor":9746},{"CoreBusinessMetrics":3600},{"Windowing":456},{"Licensing":12805},{"AssetReference":32},{"IPCStream":32}]}
